SLPM_802.38|'98 Koushien (Taikenban)||’９８　甲子園（体験版）
SLUS_007.52|Thrill Kill|Virgin Interactive|
SLPS_012.04|'98 Koushien: Koukou Yakyuu Simulation||高校野球シミュレーション ’９８ ＹＥＡＲ 甲子園
SLPS_021.10|'99 Koushien||’９９甲子園
SLPM_804.21|'99 Koushien (Taikenban)||’９９甲子園（体験版）
SLPS_011.69|'Butagee' de Iinja Nai?||「ぶたゲー」でいいんじゃない？
SLPS_013.11|0 kara no Mahjong: Mahjong Youchien Tamago-gumi||０からの麻雀　麻雀幼稚園　たまご組
SLPS_025.46|0 kara no Mahjong: Mahjong Youchien Tamago-gumi||０からの麻雀　麻雀幼稚園　たまご組
SLPS_019.86|0 kara no Shougi: Shougi Youchien Ayumi-gumi (Genteiban)||０からの将棋　将棋幼稚園　あゆみ組
SLPS_029.20|0 kara no Shougi: Shougi Youchien Ayumi-gumi (Genteiban)||０からの将棋　将棋幼稚園　あゆみ組
SLES_033.55|007 Racing||
SLES_033.56|007 Racing||
SLES_033.57|007 Racing||
SLUS_013.00|007 Racing||
SLES_023.75|007: Demain ne Meurt Jamais||
SLES_023.76|007: Der Morgen Stirbt Nie||
SLES_031.36|007: Die Welt Ist Nicht Genug||
SLES_031.37|007: El Mundo Nunca es Suficiente||
SLES_031.35|007: Le Monde ne Suffit Pas||
SLES_031.34|007: The World Is Not Enough||
SLES_031.38|007: The World Is Not Enough||
SLUS_012.72|007: The World Is Not Enough||
SLES_013.24|007: Tomorrow Never Dies||
SLPS_026.04|007: Tomorrow Never Dies||００７　～トゥモロー・ネバー・ダイ～
SLUS_009.75|007: Tomorrow Never Dies||
SLPS_017.06|1 on 1||１　ｏｎ　１　～ワン オン ワン～
SLPS_022.98|1 on 1||１　ｏｎ　１　～ワン オン ワン～
SLPM_803.51|1 on 1 (Taikenban)||ワン・オン・ワン（体験版）
SLPS_017.30|100 Man Yen Quiz Hunter||１００万円クイズハンター
SLES_036.58|100% Star||
SLES_037.84|100% Star||
SLPS_010.54|10101: ;Will; the Starship||１０１０１　～スターシップ・ウィル～
SLPM_806.43|10th Anniversary Memorial Save Data (Disc 1) (PlayStation Taiou)||“ＰｌａｙＳｔａｔｉｏｎ”　発売１０周年記念　１０ｔｈ　Ａｎｎｉｖｅｒｓａｒｙ　メモリアル　セーブデータＤＩＳＣ（ディスク１）
LSP99012.101|16 Tales 1||
LSP99012.201|16 Tales 2||
LSP99012.301|16 Tales 3||
LSP99012.401|16 Tales 4||
SLPS_018.65|19-ji 03-pun: Ueno-hatsu Yakou Ressha||１９時０３分　上野発夜光列車
SLPM_801.81|19-ji 03-pun: Ueno-hatsu Yakou Ressha (Taikenban)||１９時０３分　上野発夜光列車（体験版）
SLPS_023.48|20-seiki Striker Retsuden: The 20th Century's Real Strikers||２０世紀ストライカー列伝
SLPS_028.57|20-seiki Striker Retsuden: The 20th Century's Real Strikers||２０世紀ストライカー列伝
SLPS_914.16|20-seiki Striker Retsuden: The 20th Century's Real Strikers||２０世紀ストライカー列伝
SLES_038.30|2002 FIFA World Cup||
SLES_038.31|2002 FIFA World Cup||
SLES_038.32|2002 FIFA World Cup||
SLES_038.33|2002 FIFA World Cup||
SLES_038.34|2002 FIFA World Cup||
SLUS_014.49|2002 FIFA World Cup||
SCES_004.00|2Xtreme||
SCUS_945.08|2Xtreme||
SLES_031.20|3, 2, 1, Smurf! My First Racing Game||
SLES_020.89|360 Three Sixty||
SLUS_000.66|3D Baseball||
SLPS_006.93|3D Baseball: The Majors||３Ｄベースボール　～ザ・メジャー～
SLPS_014.34|3D Kakutou Tkool||３Ｄ格闘ツクール
SCES_000.09|3D Lemmings||
SCUS_946.01|3D Lemmings||
SIPS_600.02|3D Lemmings||３Ｄレミングス
SLPS_004.61|3D Mission Shooting: Finalist||３Ｄミッションシューティング ファイナリスト
SLPS_006.54|3D Shooting Tkool||３Ｄシューティングツクール
SCPS_180.06|3D-Kaleidoscope: Baby Universe||ベイビー・ユニバース
SCUS_942.31|3Xtreme||
SCUS_943.65|3Xtreme (Demo)||
SLPS_000.71|3x3 Eyes: Kyuusei Koushu (Disc 1)||サザン　アィズ　～吸精公主～（ディスク１）
SLPS_000.72|3x3 Eyes: Kyuusei Koushu (Disc 2)||サザン　アィズ　～吸精公主～（ディスク２）
SLPS_014.97|3x3 Eyes: Tenrin'ou Genmu (Disc 1)||サザンアイズ　～転輪王幻夢～（ディスク１）
SLPS_014.98|3x3 Eyes: Tenrin'ou Genmu (Disc 2)||サザンアイズ　～転輪王幻夢～（ディスク２）
SLPS_014.99|3x3 Eyes: Tenrin'ou Genmu (Disc 3)||サザンアイズ　～転輪王幻夢～（ディスク３）
SLES_000.95|4-4-2 Soccer||
SLES_019.37|40 Winks||
SLES_019.40|40 Winks||
SLES_019.41|40 Winks||
SLUS_008.74|40 Winks||
SLED_024.35|40 Winks (Demo)||
SLES_020.17|4x4 World Trophy||
SLES_040.64|5 Star Racing||
SLES_034.81|50 por 15: ¿Quiere Ser Millonario?||
SLPM_803.87|70's Robot Anime: Geppy-X (Taikenban)||´７０年代風ロボット・アニメ　ゲッＰ－Ｘ（体験版）
SLPS_019.95|70's Robot Anime: Geppy-X: The Super Boosted Armor (Disc 1)||´７０年代風ロボット・アニメ　ゲッＰ‐Ｘ（ディスク１）
SLPS_019.96|70's Robot Anime: Geppy-X: The Super Boosted Armor (Disc 2)||
SLPS_019.97|70's Robot Anime: Geppy-X: The Super Boosted Armor (Disc 3)||
SLPS_019.98|70's Robot Anime: Geppy-X: The Super Boosted Armor (Disc 4)||
SLPS_000.04|A Ressha de Ikou 4: Evolution||Ａ．Ⅳ．エヴォリューション　～Ａ列車で行こう４～
SLPS_000.11|A Ressha de Ikou 4: Evolution (Gentei)||Ａ．Ⅳ．エヴォリューション　～Ａ列車で行こう４～
SLPS_001.25|A Ressha de Ikou 4: Evolution Global||Ａ．Ⅳ．エヴォリューション・グローバル　～Ａ列車で行こう４グローバル～
SLPS_910.19|A Ressha de Ikou 4: Evolution Global||Ａ．Ⅳ．エヴォリューション・グローバル　～Ａ列車で行こう４グローバル～
SLPS_020.50|A Ressha de Ikou Z: Mezase! Tairiku Oudan||Ａ列車で行こうＺ 目指せ！大陸横断
SLPS_028.12|A Ressha de Ikou Z: Mezase! Tairiku Oudan||Ａ列車で行こうＺ 目指せ！大陸横断
SCES_021.53|A Sangre Fría (Disc 1)||
SCES_121.53|A Sangre Fría (Disc 2)||
SCES_021.52|A Sangue Freddo (Disc 1)||
SCES_121.52|A Sangue Freddo (Disc 2)||
SLPM_870.40|A Shin Megami Tensei: Devil Children: Kuro no Shoka no Sho||真・女神転生デビルチルドレン 黒の書・赤の書
SLUS_000.03|A-Train: Trains, Power, Money||
SCES_002.90|A.IV: Evolution Global||
SLES_026.95|A2 Racer: Europa Tour||
SCPS_451.53|A5: A Ressha de Ikou 5||Ａ５　Ａ列車で行こう５
SLPS_011.20|A5: A Ressha de Ikou 5||Ａ５　Ａ列車で行こう５
SLPS_911.24|A5: A Ressha de Ikou 5||Ａ５　Ａ列車で行こう５
SLES_018.75|AFL 99||
SLPS_024.11|AI Mahjong 2000||ＡＩ麻雀２０００
SLPM_871.17|AI Mahjong Selection||ＡＩ麻雀セレクション
SLPS_001.09|AI Shougi||ＡＩ将棋
SLPS_011.59|AI Shougi 2||ＡＩ将棋２
SLPS_022.85|AI Shougi 2 Deluxe||ＡＩ将棋２デラックス
SLPM_870.68|AI Shougi Selection||ＡＩ将棋ＳＥＬＥＣＴＩＯＮ
SLUS_900.10|ASCII Entertainment Demo CD||
SLPM_802.89|ASCII Zanmai (Taikenban)||アスキー三昧（体験版）
SLES_040.99|ATV Mania||
SLUS_015.45|ATV Mania||
SLES_040.59|ATV Racers||
SLUS_015.72|ATV Racers||
SLES_028.22|ATV: Quad Power Racing||
SLPM_866.36|ATV: Quad Power Racing||ＡＴＶ：クアッドパワーレーシング
SLUS_011.37|ATV: Quad Power Racing||
SLPS_012.80|AbalaBurn||アバラバーン
SLPS_020.95|Abe '99 (Disc 1)||エイブ’９９（ディスク１）
SLPS_020.96|Abe '99 (Disc 2)||エイブ’９９（ディスク２）
SLPS_011.18|Abe a GoGo||エイブ・ア・ゴーゴー
SLPM_801.75|Abe a GoGo (Taikenban)||エイブ・ア・ゴーゴー（体験版）
SLES_013.41|Absolute Football||
SLPS_000.61|Ace Combat|Namco|エースコンバット
SLPS_910.05|Ace Combat|Namco|エースコンバット
SCES_006.99|Ace Combat 2|Sony Computer Entertainment|
SCES_009.01|Ace Combat 2|Sony Computer Entertainment|
SCES_009.02|Ace Combat 2|Sony Computer Entertainment|
SLPS_008.30|Ace Combat 2|Namco|エースコンバット２
SLPS_911.46|Ace Combat 2|Namco|エースコンバット２
SLUS_004.04|Ace Combat 2|Namco|
SCES_020.66|Ace Combat 3: Electrosphere||
SLUS_009.72|Ace Combat 3: Electrosphere||
SCPS_453.97|Ace Combat 3: Electrosphere (Disc 1)||エースコンバット３　エレクトロスフィア（ディスク１）
SLPS_020.20|Ace Combat 3: Electrosphere (Disc 1)||エースコンバット３　エレクトロスフィア（ディスク１）
SLPS_912.14|Ace Combat 3: Electrosphere (Disc 1)||エースコンバット３　エレクトロスフィア（ディスク１）
SCPS_453.98|Ace Combat 3: Electrosphere (Disc 2)||エースコンバット３　エレクトロスフィア（ディスク２）
SLPS_020.21|Ace Combat 3: Electrosphere (Disc 2)||エースコンバット３　エレクトロスフィア（ディスク２）
SLPS_912.15|Ace Combat 3: Electrosphere (Disc 2)||エースコンバット３　エレクトロスフィア（ディスク２）
SLPM_804.53|Ace Combat 3: Electrosphere: Direct Audio with AppenDisc||エースコンバット３　エレクトロスフィア　ダイレクト・オーディオ　ｗｉｔｈ　ＡｐｐｅｎＤｉｓｃ
SLUS_014.70|Aces of the Air||
SLPM_865.89|Acid||アシッド
SLPS_021.19|Acid||アシッド
SLPM_804.30|Acid (Taikenban)||アシッド（体験版）
SCPS_101.31|Aconcagua (Disc 1)||アコンカグア（ディスク１）
SCPS_101.32|Aconcagua (Disc 2)||アコンカグア（ディスク２）
SLES_031.05|Action Bass||
SLPM_869.27|Action Bass||アクション・バス
SLPS_024.82|Action Bass||アクション・バス
SLUS_012.48|Action Bass||
SLES_030.83|Action Man: Destruction X||
SLES_017.61|Action Man: Mission Xtreme||
SLUS_008.87|Action Man: Operation Extreme||
SLUS_007.77|Activision Classics||
SLES_000.15|Actua Golf||
SLPS_002.98|Actua Golf||アクチャー・ゴルフ
SLES_000.44|Actua Golf 2||
SLES_010.42|Actua Golf 3||
SLES_001.88|Actua Ice Hockey||
SLPM_860.78|Actua Ice Hockey||アクチュア・アイスホッケー
SLES_012.26|Actua Ice Hockey 2||
SLES_016.47|Actua Pool||
SLES_000.14|Actua Soccer||
SLPS_002.97|Actua Soccer||アクチャーサッカー
SLES_000.21|Actua Soccer 2||
SLES_010.28|Actua Soccer 2||
SLES_010.29|Actua Soccer 2||
SLES_012.10|Actua Soccer 3||
SLES_016.44|Actua Soccer 3||
SLES_016.45|Actua Soccer 3||
SLES_016.46|Actua Soccer 3||
SLES_001.90|Actua Soccer: Club Edition||
SLES_002.65|Actua Tennis||
SLES_013.96|Actua Tennis||
PAPX_901.05|Addie no Okurimono: To Moze from Addie||アディのおくりもの　～ＴＯ　ＭＯＺＥ　ＦＲＯＭ　ＡＤＤＩＥ～
SCPS_101.26|Addie no Okurimono: To Moze from Addie||アディのおくりもの　～ＴＯ　ＭＯＺＥ　ＦＲＯＭ　ＡＤＤＩＥ～
SLES_041.08|Adiboo & Paziral's Secret||
SCES_035.58|Adibou et l'Ombre Verte||
SCUS_945.02|Adidas Power Soccer||
SLES_001.89|Adidas Power Soccer||
SLES_000.66|Adidas Power Soccer (Demo)||
SCED_003.60|Adidas Power Soccer + Resident Evil + Shellshock + Descent||
SLES_008.57|Adidas Power Soccer 2||
SLED_001.79|Adidas Power Soccer 2 (Demo)||
SLES_012.39|Adidas Power Soccer 98||
SLUS_005.47|Adidas Power Soccer 98||
SLED_013.10|Adidas Power Soccer 98 (Demo)||
SLED_013.11|Adidas Power Soccer 98 (Demo)||
SLES_002.70|Adidas Power Soccer International '97||
SLPS_035.10|Adlib Ouji: ...to Fuyukai na Nakama-tachi!?||アドリブ王子　…と不愉快な仲間達！？
SLPS_016.89|Advan Racing||アドバン・レーシング
SLES_003.86|Advanced Dungeons & Dragons: Iron & Blood: Warriors of Ravenloft||
SLUS_003.78|Advanced Dungeons & Dragons: Iron & Blood: Warriors of Ravenloft||
SLUS_002.12|Advanced Dungeons & Dragons: Iron & Blood: Warriors of Ravenloft (Demo)||
SLPS_002.08|Advanced V.G.||アドヴァンストＶＧ
SLPM_800.17|Advanced V.G. (Demo) (Taikenban)||アドヴァンストＶＧ（体験版）
SLPS_013.18|Advanced V.G. 2||アドヴァンストＶＧ２
SLPM_803.11|Advanced V.G. 2 (Taikenban)||アドヴァンストＶＧ２（体験版）
SCED_006.10|Adventures of Lomax + Porsche Challenge + Pandemonium + Tomb Raider + 2 Xtreme + Reloaded||
SLPS_023.67|Aerodive||エアロダイブ
SLPM_805.52|Affect Taikenban Vol. 1 (Taikenban)||アフェクト　体験版　Ｖｏｌ．１（体験版）
SLPS_009.95|Afraid Gear||アフレイド・ギア
SLPM_868.34|Afraid Gear Another||アフレイドギア・アナザ
SLES_004.74|Agent Armstrong||
SLPS_010.73|Agent Armstrong: Himitsu Shirei Daisakusen||エージェント・アームストロング　～秘密指令大作戦～
SLES_001.24|Agile Warrior: F-111X||
SLPS_001.79|Agile Warrior: F-111X||アジャイル・ウォーリアー
SLUS_000.23|Agile Warrior: F-111X||
PTPX_970.02|Aging Disk||
SLPS_014.09|Ai to Yuujou no Neko Monogatari. Jingle Cats: Love Para Daisakusen no Maki||愛と友情のネコ物語．　ジングルキャッツ　ラブパラ大作戦の巻
SCES_000.07|Air Combat||
SLUS_000.01|Air Combat||
SLES_037.43|Air Hockey||
SLUS_014.67|Air Hockey||
SLPS_002.69|Air Management '96||エアー・マネジメント’９６
SLES_007.62|Air Race||
PCPX_960.41|AirAssault: The Red Mercury Missions||エア・アサルト
SIPS_600.05|AirAssault: The Red Mercury Missions||エア・アサルト
SLPS_005.59|AirGrave||エアグレイブ
SLPS_018.79|AirRace Championship||エアレース・チャンピオンシップ
SLES_021.37|Aironauts||
SLPS_010.96|Aishiau Koto Shika Dekinai||愛しあう事しかできない
SLPM_862.54|Aitakute...: Your Smiles in My Heart (Disc 1)||あいたくて…　～ｙｏｕｒ　ｓｍｉｌｅｓ　ｉｎ　ｍｙ　ｈｅａｒｔ～（ディスク１）
SLPM_862.55|Aitakute...: Your Smiles in My Heart (Disc 2)||あいたくて…　～ｙｏｕｒ　ｓｍｉｌｅｓ　ｉｎ　ｍｙ　ｈｅａｒｔ～（ディスク２）
SLPM_862.56|Aitakute...: Your Smiles in My Heart (Disc 3)||あいたくて…　～ｙｏｕｒ　ｓｍｉｌｅｓ　ｉｎ　ｍｙ　ｈｅａｒｔ～（ディスク３）
SLPM_862.57|Aitakute...: Your Smiles in My Heart (Disc 4)||あいたくて…　～ｙｏｕｒ　ｓｍｉｌｅｓ　ｉｎ　ｍｙ　ｈｅａｒｔ～（ディスク４）
SLPM_801.62|Aitakute...: Your Smiles in My Heart: Oroshitate no Diary: Introduction Disc||あいたくて…　おろしたてのダイアリージャンル
SLPS_018.63|Akagawa Jirou: Majo-tachi no Nemuri: Fukkatsusai||赤川次郎　魔女たちの眠り　－復活祭－
SLPS_014.62|Akagawa Jirou: Yasoukyoku||赤川次郎　夜想曲
SLPS_911.51|Akagawa Jirou: Yasoukyoku||赤川次郎　夜想曲
SLPS_915.03|Akagawa Jirou: Yasoukyoku||赤川次郎　夜想曲
SLPS_014.15|Akagawa Jirou: Yasoukyoku (Shokai Genteiban)||赤川次郎　夜想曲
SLPS_032.13|Akagawa Jirou: Yasoukyoku 2||赤川次郎　夜想曲２
SLPS_006.19|Akazu no Ma||あかずの間
SLES_012.98|Akuji the Heartless||
SLUS_007.15|Akuji the Heartless||
SLUS_807.15|Akuji the Heartless (Trade Demo)||
SLPM_860.23|Akumajou Dracula X: Gekka no Yasoukyoku||悪魔城ドラキュラＸ　～月下の夜想曲～
SLPM_860.73|Akumajou Dracula X: Gekka no Yasoukyoku||悪魔城ドラキュラＸ　～月下の夜想曲～
SLPM_873.28|Akumajou Dracula X: Gekka no Yasoukyoku||悪魔城ドラキュラＸ　～月下の夜想曲～
SLPS_015.78|Albaria no Otome: Uruwashi no Seikishitachi||アルバレアの乙女　～麗しの聖騎士たち～
SLES_031.50|Alex Ferguson's Player Manager 2001||
SLES_037.75|Alex Ferguson's Player Manager 2002||
SLES_032.90|Alexandra Ledermann 2: Équitation Compétition||
SLUS_008.72|Alexi Lalas International Soccer||
SCES_038.17|Alfred Chicken||
SLPS_006.36|Alice in Cyberland||ありす イン サイバーランド
SLES_029.13|Alien Resurrection||
SLUS_006.33|Alien Resurrection||
SLES_001.01|Alien Trilogy||
SLES_002.46|Alien Trilogy||
SLPS_003.32|Alien Trilogy||エイリアン・トリロジー
SLUS_000.07|Alien Trilogy||
SLES_002.88|Alien Trilogy (Demo)||
SLPS_015.27|Alive (Disc 1)||アライブ（ディスク１）
SLPS_015.28|Alive (Disc 2)||アライブ（ディスク２）
SLPS_015.29|Alive (Disc 3)||アライブ（ディスク３）
SLES_041.62|All Music Dance!||
SLES_041.07|All Star Action (Disc 1)||
SLES_141.07|All Star Action (Disc 2)||
SLES_039.58|All Star Boxing||
SLES_037.40|All Star Racing||
SLUS_014.60|All Star Racing||
SLES_039.33|All Star Racing 2||
SLUS_015.10|All Star Racing 2||
SLES_007.47|All Star Soccer||
SLES_039.63|All Star Tennis||
SLES_014.33|All Star Tennis '99||
SLPS_019.62|All Star Tennis '99||オールスターテニス´９９
SLED_015.60|All Star Tennis '99 (Demo)||
SLES_027.64|All Star Tennis 2000||
SLES_027.65|All Star Tennis 2000||
SLES_040.60|All Star Watersports||
SLUS_003.92|All-Star Baseball 97 featuring Frank Thomas||
SLPS_009.93|All-Star Mahjong: Karei naru Shoubushi kara no Chousen||オールスター麻雀　～華麗なる勝負師からの挑戦～
SLUS_014.31|All-Star Slammin' D-Ball||
SLES_029.84|Alla Ricerca della Valle Incantata: Ritorno alla Grande Vallata||
SLES_004.17|Allied General||
SLPS_008.43|Allied General||アライド　ジェネラル
SLUS_003.03|Allied General||
SLPS_001.73|Alnam no Kiba: Juuzoku Juuni Shinto Densetsu||アルナムの牙　～獣族十二神徒伝説～
SLPM_800.69|Alnam no Tsubasa: Shoujin no Sora no Kanata e||アルナムの翼　焼塵の空の彼方へ
SLPS_011.87|Alnam no Tsubasa: Shoujin no Sora no Kanata e (Disc 1)||アルナムの翼　焼塵の空の彼方へ（ディスク１）
SLPS_011.88|Alnam no Tsubasa: Shoujin no Sora no Kanata e (Disc 2)||アルナムの翼　焼塵の空の彼方へ（ディスク２）
SLPS_011.89|Alnam no Tsubasa: Shoujin no Sora no Kanata e (Disc 3)||アルナムの翼　焼塵の空の彼方へ（ディスク３）
SLPS_001.41|Alone in the Dark 2||アローン・イン・ザ・ダーク２
SLES_000.37|Alone in the Dark: Jack Is Back||
SLUS_002.39|Alone in the Dark: One-Eyed Jack's Revenge||
SLES_028.01|Alone in the Dark: The New Nightmare (Disc 1)||
SLES_028.02|Alone in the Dark: The New Nightmare (Disc 1)||
SLES_028.03|Alone in the Dark: The New Nightmare (Disc 1)||
SLES_028.04|Alone in the Dark: The New Nightmare (Disc 1)||
SLES_028.05|Alone in the Dark: The New Nightmare (Disc 1)||
SLUS_012.01|Alone in the Dark: The New Nightmare (Disc 1)||
SLES_128.01|Alone in the Dark: The New Nightmare (Disc 2)||
SLES_128.02|Alone in the Dark: The New Nightmare (Disc 2)||
SLES_128.03|Alone in the Dark: The New Nightmare (Disc 2)||
SLES_128.04|Alone in the Dark: The New Nightmare (Disc 2)||
SLES_128.05|Alone in the Dark: The New Nightmare (Disc 2)||
SLUS_013.77|Alone in the Dark: The New Nightmare (Disc 2)||
SCPS_100.35|Alundra||アランドラ
SLES_011.35|Alundra||
SLES_011.98|Alundra||
SLES_012.56|Alundra||
SLES_012.57|Alundra||
SLES_012.58|Alundra||
SLUS_005.53|Alundra||
SLED_013.08|Alundra (Demo)||
SLES_026.00|Alundra 2: A New Legend Begins||
SLUS_010.17|Alundra 2: A New Legend Begins||
SLES_026.02|Alundra 2: Der Beginn einer neuen Legende||
SCPS_101.15|Alundra 2: Mashinka no Nazo||アランドラ２　魔進化の謎
PAPX_900.97|Alundra 2: Mashinka no Nazo (Taikenban)||アランドラ２　魔進化の謎（体験版）
SLES_026.01|Alundra 2: Une Légende Est Née||
SLPS_002.41|America Oudan Ultra Quiz||アメリカ横断ウルトラクイズ
SLPS_018.02|America Oudan Ultra Quiz||アメリカ横断ウルトラクイズ
SLPS_914.84|America Oudan Ultra Quiz||アメリカ横断ウルトラクイズ
SLES_040.37|American Pool||
SLUS_014.88|American Pool||
SLES_023.48|Amerzone: Das Testament des Forschungsreisenden (Disc 1)||
SLES_123.48|Amerzone: Das Testament des Forschungsreisenden (Disc 2)||
SLES_023.49|Amerzone: El Legado del Explorador (Disc 1)||
SLES_123.49|Amerzone: El Legado del Explorador (Disc 2)||
SLES_023.50|Amerzone: Il Testamento dell'Esploratore (Disc 1)||
SLES_123.50|Amerzone: Il Testamento dell'Esploratore (Disc 2)||
SLES_024.29|Amerzone: O Testamento do Explorador (Disc 1)||
SLES_124.29|Amerzone: O Testamento do Explorador (Disc 2)||
SLES_023.47|Amerzone: The Explorer's Legacy (Disc 1)||
SLES_123.47|Amerzone: The Explorer's Legacy (Disc 2)||
PUPX_930.08|Analog Controller Service Disc||
PEPX_940.09|Analog Controller Service Disc (Revised)||
PUPX_930.10|Analog Controller Service Disc (Revised)||
SLES_029.61|Anastasia||
SLPM_801.41|Ancient Roman Extra (Taikenban)||アンシャント・ロマン（体験版）
SLPS_011.08|Ancient Roman: Power of Dark Side (Disc 1)||アンシャントロマン～Ｐｏｗｅｒ ｏｆ Ｄａｒｋ Ｓｉｄｅ～（ディスク１）
SLPS_011.09|Ancient Roman: Power of Dark Side (Disc 2)||アンシャントロマン～Ｐｏｗｅｒ ｏｆ Ｄａｒｋ Ｓｉｄｅ～（ディスク２）
SLES_004.38|Andretti Racing||
SLES_004.39|Andretti Racing||
SLES_004.40|Andretti Racing||
SLPS_007.59|Andretti Racing||アンドレッティ　レーシング
SLUS_002.64|Andretti Racing||
SLPM_869.60|Angel Blade: Neo Tokyo Guardians||エンジェル・ブレード
SLPS_008.94|Angel Blade: Neo Tokyo Guardians||エンジェル・ブレード
SLPM_800.94|Angel Blade: Neo Tokyo Guardians (Taikenban)||エンジェル・ブレード（体験版）
SLPS_001.63|Angel Graffiti: Anata e no Profile||エンジェルグラフィティ　あなたへのプロフィール
SLPS_003.06|Angel Graffiti: Anata e no Profile||エンジェルグラフィティ　あなたへのプロフィール
SLPM_864.93|Angelique Duet||アンジェリーク デュエット
SLPM_865.09|Angelique Duet||アンジェリーク デュエット
SLPS_013.36|Angelique Duet||アンジェリーク デュエット
SLPS_013.37|Angelique Duet||アンジェリーク デュエット
SLPM_861.89|Angelique Special||アンジェリークＳｐｅｃｉａｌ
SLPM_865.06|Angelique Special||アンジェリークＳｐｅｃｉａｌ
SLPM_867.87|Angelique Special||アンジェリークＳｐｅｃｉａｌ
SLPS_003.20|Angelique Special||アンジェリークＳｐｅｃｉａｌ
SLPS_005.17|Angelique Special||アンジェリークＳｐｅｃｉａｌ
SLPM_864.92|Angelique Special 2||アンジェリークＳｐｅｃｉａｌ　２
SLPM_865.08|Angelique Special 2||アンジェリークＳｐｅｃｉａｌ　２
SLPS_007.45|Angelique Special 2||アンジェリークＳｐｅｃｉａｌ　２
SLPS_008.05|Angelique Special 2||アンジェリークＳｐｅｃｉａｌ　２
SLPM_861.64|Angelique: Tenkuu no Requiem||アンジェリーク　天空の鎮魂歌
SLPM_861.65|Angelique: Tenkuu no Requiem||アンジェリーク　天空の鎮魂歌
SLPM_862.89|Angelique: Tenkuu no Requiem||アンジェリーク　天空の鎮魂歌
SLPM_865.10|Angelique: Tenkuu no Requiem||アンジェリーク　天空の鎮魂歌
SLPM_865.95|Angelique: Tenkuu no Requiem||アンジェリーク　天空の鎮魂歌
SLES_040.71|Animal Football||
SLES_040.36|Animal Snap: Rescue Them 2 by 2||
SLUS_007.84|Animaniacs: Ten Pin Alley||
SLPS_018.30|Animetic Story Game 1: Card Captor Sakura (Disc 1)||アニメチックストーリーゲーム１ カードキャプターさくら（ディスク１）
SLPS_018.31|Animetic Story Game 1: Card Captor Sakura (Disc 2)||アニメチックストーリーゲーム１ カードキャプターさくら（ディスク２）
SLUS_010.10|Animorphs: Shattered Reality||
SLPS_010.68|Ankh: Tutankhamen no Nazo (Disc 1)||ツタンカーメンの謎 アンク（ディスク１）
SLPS_010.69|Ankh: Tutankhamen no Nazo (Disc 2)||ツタンカーメンの謎 アンク（ディスク２）
SCES_018.33|Anna Kournikova's Smash Court Tennis||
SLPS_014.24|Annanjarin||あっナンジャリン
SLPS_015.22|Ano Ko Doko no Ko||あのこどこのこ
SLPS_014.31|Another Memories||アナザー・メモリーズ
SLPS_016.55|Another Mind||アナザー・マインド
SLES_025.63|Anstoss: Premier Manager||
SLPS_029.40|Ao no 6-gou: Antarctica (Disc 1)||青の６号　アンタクティカ（ディスク１）
SLPS_029.41|Ao no 6-gou: Antarctica (Disc 2)||青の６号　アンタクティカ（ディスク２）
SLPS_015.79|Aoki Ookami to Shiroki Mejika: Genchou Hishi||蒼き狼と白き牝鹿・元朝秘史
SLPS_035.64|Aozora to Nakama-tachi: Yume no Bouken Plus||アオ・ゾーラと仲間たち 夢の冒険プラス
SCES_015.64|Ape Escape|Sony Computer Entertainment|
SCES_020.28|Ape Escape|Sony Computer Entertainment|
SCES_020.29|Ape Escape|Sony Computer Entertainment|
SCES_020.30|Ape Escape|Sony Computer Entertainment|
SCUS_944.23|Ape Escape|Sony Computer Entertainment|
SCUS_944.70|Ape Escape|Sony Computer Entertainment|
SCED_021.33|Ape Escape (Demo)|Sony Computer Entertainment|
SCUS_944.89|Ape Escape (Demo)|Sony Computer Entertainment|
SCES_020.31|Ape Escape: La Invasión de los Monos|Sony Computer Entertainment|
SLES_004.60|Apocalypse||
SLES_008.34|Apocalypse||
SLES_008.35|Apocalypse||
SLES_014.63|Apocalypse||
SLPM_862.71|Apocalypse||アポカリプス
SLPM_868.79|Apocalypse||アポカリプス
SLUS_003.73|Apocalypse||
SLED_016.10|Apocalypse (Demo)||
SLES_033.90|Aqua GT||
SLPS_030.95|Aqua Paradise||アクアパラダイス
SLPS_000.60|Aquanaut no Kyuujitsu||アクアノートの休日
SLPM_804.49|Aquanaut no Kyuujitsu 2||アクアノートの休日２
SLPS_021.41|Aquanaut no Kyuujitsu 2||アクアノートの休日２
SLPS_029.19|Aquanaut no Kyuujitsu 2||アクアノートの休日２
SLPS_004.06|Aquanaut no Kyuujitsu: Memories of Summer 1996||アクアノートの休日　－ＭＥＭＯＲＩＥＳ　ＯＦ　ＳＵＭＭＥＲ　１９９６－
SLPS_020.23|Aquanaut no Kyuujitsu: Memories of Summer 1996||アクアノートの休日　－ＭＥＭＯＲＩＥＳ　ＯＦ　ＳＵＭＭＥＲ　１９９６－
SCES_002.41|Aquanaut's Holiday||
SCUS_946.03|Aquanaut's Holiday||
SLPS_027.31|Aquarian Age: Tokyo Wars||アクエリアン・エイジ　～東京・ウォーズ～
SCPS_100.08|Arc the Lad||アークザラッド
SCPS_910.04|Arc the Lad||アークザラッド
SLUS_012.55|Arc the Lad Collection: Arc Arena: Monster Tournament||
SLUS_012.24|Arc the Lad Collection: Arc the Lad||
SLUS_012.52|Arc the Lad Collection: Arc the Lad II||
SLUS_012.53|Arc the Lad Collection: Arc the Lad III (Disc 1)||
SLUS_012.54|Arc the Lad Collection: Arc the Lad III (Disc 2)||
SLUS_012.56|Arc the Lad Collection: The Making of Arc the Lad||
SCPS_100.26|Arc the Lad II||アークザラッドＩＩ
SCPS_910.71|Arc the Lad II||アークザラッドＩＩ
SCPS_913.10|Arc the Lad II||アークザラッドＩＩ
PCPX_960.50|Arc the Lad II: Characters & World CG Movie Collection||アークザラッドⅡ　キャラクターズ＆ワールド　ＣＧムービー　コレクション
SCPM_850.05|Arc the Lad II: Characters & World CG Movie Collection||アークザラッドⅡ　キャラクターズ＆ワールド　ＣＧムービー　コレクション
PAPX_900.99|Arc the Lad III (Muryou Rental-ban)||アークザラッドⅢ
PCPX_961.76|Arc the Lad III (Promotion Disc)||アークザラッドⅢ
SCPS_101.06|Arc the Lad III (Disc 1)||アークザラッドⅢ（ディスク１）
SCPS_912.28|Arc the Lad III (Disc 1)||アークザラッドⅢ（ディスク１）
SCPS_913.16|Arc the Lad III (Disc 1)||アークザラッドⅢ（ディスク１）
SCPS_101.07|Arc the Lad III (Disc 2)||アークザラッドⅢ（ディスク２）
SCPS_912.29|Arc the Lad III (Disc 2)||アークザラッドⅢ（ディスク２）
SCPS_913.17|Arc the Lad III (Disc 2)||アークザラッドⅢ（ディスク２）
SCPS_100.40|Arc the Lad: Monster Game with Casino Game (Disc 1) (Monster Game)||アークザラッド・モンスターゲーム　ウィズ カジノ　ゲーム（ディスク１）
SCPS_100.41|Arc the Lad: Monster Game with Casino Game (Disc 2) (Casino Game)||アークザラッド・モンスターゲーム　ウィズ カジノ　ゲーム（ディスク２）
SLPS_012.67|Arcade Gears: ImageFight & XMultiply||ＡＧアーケード・ギアーズ　イメージファイト＆Ｘ‐マルチプライ
SLPS_009.28|Arcade Gears: Pu·Li·Ru·La||ＡＧアーケード・ギアーズ　ブリルラ
SLPS_009.27|Arcade Gears: Wonder 3||ＡＧアーケード・ギアーズ　ワンダー３
SLPM_870.67|Arcade Hits: Crazy Climber||アーケード・ヒッツ　「クレイジー・クライマー」
SLPM_871.18|Arcade Hits: Frisky Tom||アーケード・ヒッツ　「フリスキー・トム」
SLPM_871.73|Arcade Hits: Magical Drop||アーケード・ヒッツ　「マジカル・ドロップ」
SLPM_870.82|Arcade Hits: Moon Cresta||アーケード・ヒッツ　「ムーン・クレスタ」
SLPM_866.13|Arcade Hits: Raiden||アーケード・ヒッツ　「雷電」
SLPM_872.28|Arcade Hits: Shienryuu||アーケード・ヒッツ　「紫炎龍」
SLPM_871.37|Arcade Hits: Sonic Wings Special||アーケード・ヒッツ　「ソニック・ウィングス・スペシャル」
SLPM_872.55|Arcade Hits: Soukyuu Gurentai||アーケード・ヒッツ　「蒼穹紅蓮隊」
SLPM_871.45|Arcade Hits: Suiko Enbu: Outlaws of the Lost Dynasty||アーケード・ヒッツ　「水滸演武」
SLPM_872.70|Arcade Hits: Wolf Fang: Kuuga 2001||アーケード・ヒッツ　「ウルフ・ファング」
SLES_023.39|Arcade Party Pak||
SLUS_009.52|Arcade Party Pak||
SLES_004.66|Arcade's Greatest Hits: The Atari Collection 1||
SLUS_003.99|Arcade's Greatest Hits: The Atari Collection 1||
SLES_007.12|Arcade's Greatest Hits: The Atari Collection 2||
SLUS_004.49|Arcade's Greatest Hits: The Atari Collection 2||
SLES_007.39|Arcade's Greatest Hits: The Midway Collection 2||
SLUS_004.50|Arcade's Greatest Hits: The Midway Collection 2||
SLPS_014.38|Arcana Senki Ludo||アルカナ戦記　ルド
SLES_040.96|Archer Maclean's 3D Pool||
SLPS_004.28|Are!Mo Kore?Mo Momotarou||あれ！も　これ？も　桃太郎
SLES_005.78|Area 51||
SLES_037.83|Area 51||
SLPS_007.25|Area 51||エリア５１　スペシャルパック
SLPS_007.26|Area 51||エリア５１
SLUS_001.64|Area 51||
SLES_007.48|Ark of Time||
SLPM_862.62|Arkanoid R 2000||アルカノイドＲ　２０００
SLPS_009.48|Arkanoid Returns||アルカノイドリターンズ
SLPS_015.98|Armed Fighter||アームド・ファイター
SCES_008.42|Armored Core||
SCUS_941.82|Armored Core||
SLPM_801.11|Armored Core||アーマード・コア
SLPM_801.18|Armored Core||アーマード・コア
SLPS_009.00|Armored Core||アーマード・コア
SLPS_035.81|Armored Core||アーマード・コア
SLPS_910.64|Armored Core||アーマード・コア
SLUS_013.23|Armored Core||
SLPM_801.19|Armored Core (Taikenban)||アーマード・コア（体験版）
SLPS_018.55|Armored Core: Master of Arena (Disc 1)||アーマードコア マスターオブアリーナ（ディスク１）
SLPS_911.88|Armored Core: Master of Arena (Disc 1)||アーマードコア マスターオブアリーナ（ディスク１）
SLPS_914.44|Armored Core: Master of Arena (Disc 1)||アーマードコア マスターオブアリーナ（ディスク１）
SLUS_010.30|Armored Core: Master of Arena (Disc 1)||
SLPS_018.56|Armored Core: Master of Arena (Disc 2)||アーマードコア マスターオブアリーナ（ディスク２）
SLPS_911.89|Armored Core: Master of Arena (Disc 2)||アーマードコア マスターオブアリーナ（ディスク２）
SLPS_914.45|Armored Core: Master of Arena (Disc 2)||アーマードコア マスターオブアリーナ（ディスク２）
SLUS_010.81|Armored Core: Master of Arena (Disc 2)||
SLPS_011.30|Armored Core: Project Phantasma||アーマード・コア プロジェクトファンタズマ
SLPS_911.10|Armored Core: Project Phantasma||アーマード・コア プロジェクトファンタズマ
SLPS_914.24|Armored Core: Project Phantasma||アーマード・コア プロジェクトファンタズマ
SLUS_006.70|Armored Core: Project Phantasma||
SLES_026.17|Armorines: Project S.W.A.R.M.||
SLES_027.26|Armorines: Project S.W.A.R.M.||
SLPM_865.02|Armorines: Project S.W.A.R.M.||アーモリンズ
SLUS_010.22|Armorines: Project S.W.A.R.M.||
SLES_023.78|Army Men 3D||
SLUS_004.91|Army Men 3D||
SLES_024.98|Army Men: Air Attack||
SLES_026.20|Army Men: Air Attack||
SLUS_009.13|Army Men: Air Attack||
SLES_032.26|Army Men: Air Attack 2||
SLES_032.27|Army Men: Air Attack 2||
SLES_032.28|Army Men: Air Attack 2||
SLES_032.29|Army Men: Air Attack 2||
SLES_032.30|Army Men: Air Attack 2||
SLUS_011.32|Army Men: Air Attack 2||
SLUS_013.30|Army Men: Green Rogue||
SLES_032.31|Army Men: Land, Sea, Air||
SLES_034.14|Army Men: Lock 'n' Load||
SLES_034.31|Army Men: Omega Soldier||
SLES_028.55|Army Men: Operation Meltdown||
SLES_026.26|Army Men: Sarge's Heroes||
SLES_026.27|Army Men: Sarge's Heroes||
SLES_026.28|Army Men: Sarge's Heroes||
SLES_026.29|Army Men: Sarge's Heroes||
SLES_026.30|Army Men: Sarge's Heroes||
SLUS_009.14|Army Men: Sarge's Heroes||
SLES_033.16|Army Men: Sarge's Heroes 2||
SLUS_012.02|Army Men: Sarge's Heroes 2||
SLES_036.33|Army Men: Team Assault||
SLUS_010.79|Army Men: World War||
SLUS_013.27|Army Men: World War: Final Front||
SLUS_012.03|Army Men: World War: Land, Sea, Air||
SLUS_014.35|Army Men: World War: Team Assault||
SLPS_024.05|Art Camion: Geijutsuden||～アート　カミオン～　芸術伝
SLPS_027.10|Art Camion: Sugorokuden||アートカミオン　双六伝
SLPM_801.44|Artdink Preview (Taikenban)||
SLPS_003.63|Arthur to Astaroth no Nazo Makaimura: Incredible Toons||アーサーとアスタロトの謎魔界村　～インクレディブル・トゥーンズ～
SLUS_010.90|Arthur! Ready to Race||
SLUS_900.27|Asciiware Training CD||
SLPS_035.40|Asonde AIUEO||あそんで　あいうえお
SLPS_035.42|Asonde Chinou Up||あそんで知能アップ
SLPS_035.41|Asonde Kazu Suuji||あそんで　かず・すうじ
SLES_012.44|Assault||
SLED_015.33|Assault (Demo)||
SCUS_944.05|Assault Rigs||
SLES_000.93|Assault Rigs||
SLPS_005.12|Assault Rigs||アサルトリグス
SLPM_804.52|Assault Suits Valken 2||重装機兵ヴァルケン２
SLPM_868.72|Assault Suits Valken 2||重装機兵ヴァルケン２
SLPS_008.54|Assault Suits Valken 2||重装機兵ヴァルケン２
SLUS_007.13|Assault: Retribution||
SLES_024.74|Asterix & Obelix contro Cesare||
SLES_014.18|Asteroids||
SLES_014.68|Asteroids||
SLES_014.69|Asteroids||
SLES_014.70|Asteroids||
SLUS_007.73|Asteroids||
SLPS_018.62|Astro Trooper Vanark||宇宙機動ヴァンアーク
SLPM_802.78|Astronoka (Demo) (Taikenban)||アストロノーカ（体験版）
SLPM_860.88|Astronoka (Disc 1)||アストロノーカ（ディスク１）
SLPM_861.07|Astronoka (Taikenban)||アストロノーカ（体験版）
SLES_014.16|Astérix||
SLES_017.48|Astérix||
SLES_020.92|Astérix & Obélix Take on Caesar||
SLES_024.73|Astérix & Obélix Take on Caesar||
SLES_024.75|Astérix & Obélix Take on Caesar||
SLES_033.24|Astérix: Mega Madness||
SLED_034.46|Astérix: Mega Madness (Demo)||
SLPS_008.49|Asuka 120% Excellent: Burning Fest. Excellent||あすか１２０％エクセレント　ＢＵＲＮＩＮＧ　Ｆｅｓｔ．　ＥＸＣＥＬＬＥＮＴ
SLPS_020.74|Asuka 120% Final: Burning Fest. Final||あすか１２０％ファイナル　ＢＵＲＮＩＮＧ　Ｆｅｓｔ．　ＦＩＮＡＬ
SLPS_002.31|Asuka 120% Special: Burning Fest. Special||あすか１２０％スペシャルＢＵＲＮＩＮＧ Ｆｅｓｔ
SLPS_010.97|Asuncia: Majou no Jubaku||アサンシア　～魔杖の呪縛～
SLPS_030.75|Asuncia: Majou no Jubaku||アサンシア　～魔杖の呪縛～
SLES_038.08|Atari Anniversary Edition Redux||
SLUS_014.27|Atari Anniversary Edition Redux||
SLED_022.51|Atari Demo Disk (Demo)||
SLPS_017.51|Atelier Elie: Elie no Atelier: Salburg no Renkinjutsushi 2||エリーのアトリアエ　～ザールブルグの錬金術士２～
SLPS_911.80|Atelier Elie: Elie no Atelier: Salburg no Renkinjutsushi 2||エリーのアトリアエ　～ザールブルグの錬金術士２～
SLPS_002.63|Athena no Kateiban: Family Games||アテナの家庭盤 ～ファミリーゲームス～
SLPS_027.51|Athena no Kateiban: Family Games||アテナの家庭盤 ～ファミリーゲームス～
SLPM_804.13|Athena: Awakening from the Ordinary Life (Promotional Edition)||アテナ　～Ａｗａｋｅｎｉｎｇ　ｆｒｏｍ　ｔｈｅ　ｏｒｄｉｎａｒｙ　ｌｉｆｅ～ プロモーション版
SLPM_861.85|Athena: Awakening from the Ordinary Life (Disc 1)||アテナ　～Ａｗａｋｅｎｉｎｇ　ｆｒｏｍ　ｔｈｅ　ｏｒｄｉｎａｒｙ　ｌｉｆｅ～（ディスク１）
SLPM_861.86|Athena: Awakening from the Ordinary Life (Disc 2)||アテナ　～Ａｗａｋｅｎｉｎｇ　ｆｒｏｍ　ｔｈｅ　ｏｒｄｉｎａｒｙ　ｌｉｆｅ～（ディスク２）
SLPM_861.87|Athena: Awakening from the Ordinary Life (Disc 3)||アテナ　～Ａｗａｋｅｎｉｎｇ　ｆｒｏｍ　ｔｈｅ　ｏｒｄｉｎａｒｙ　ｌｉｆｅ～（ディスク３）
SLES_016.03|Atlantis: Das sagenhafte Abenteuer (Disc 1)||
SLES_116.03|Atlantis: Das sagenhafte Abenteuer (Disc 2)||
SLES_216.03|Atlantis: Das sagenhafte Abenteuer (Disc 3)||
SLES_016.02|Atlantis: Secrets d'un Monde Oublié (Disc 1)||
SLES_116.02|Atlantis: Secrets d'un Monde Oublié (Disc 2)||
SLES_216.02|Atlantis: Secrets d'un Monde Oublié (Disc 3)||
SLES_016.04|Atlantis: Segreti d'un Mondo Perduto (Disc 1)||
SLES_116.04|Atlantis: Segreti d'un Mondo Perduto (Disc 2)||
SLES_216.04|Atlantis: Segreti d'un Mondo Perduto (Disc 3)||
SLES_040.66|Atlantis: The Lost Continent||
SLES_012.91|Atlantis: The Lost Tales (Disc 1)||
SLES_016.05|Atlantis: The Lost Tales (Disc 1)||
SLES_112.91|Atlantis: The Lost Tales (Disc 2)||
SLES_116.05|Atlantis: The Lost Tales (Disc 2)||
SLES_212.91|Atlantis: The Lost Tales (Disc 3)||
SLES_216.05|Atlantis: The Lost Tales (Disc 3)||
SLPM_802.24|Atlus Shinsaku Title Demo CD-ROM (Taikenban)||ＡＴＬＵＳ　新作タイトルデモＣＤ－ＲＯＭ（体験版）
SLES_017.18|Attack of the Saucerman||
SLPS_005.46|Aubirdforce||オウバードフォース
SLPS_005.33|Aubirdforce (Shokai Genteiban)||オウバードフォース
SLPM_800.46|Aubirdforce (Taikenban)||オウバードフォース（体験版）
SLPM_800.53|Aubirdforce (Taikenban)||オウバードフォース（体験版）
SLPS_016.06|Aubirdforce: After||オウバードフォース　～アフター～
SLPS_023.90|Aura Battler Dunbine: Seisenshi Densetsu||聖戦士ダンバイン　～聖戦士伝説～
SLES_039.45|Austin Powers Pinball||
SLUS_014.56|Austin Powers Pinball||
SCED_015.70|Australian Summer Special||
SLES_009.09|Auto Destruct||
SLUS_005.22|Auto Destruct||
SLES_023.41|Autobahn Raser II||
SCED_013.06|Autorennen Spezial '98||
SCED_002.73|Autumn/Christmas Releases '96||
SLPS_009.46|Ayakashi Ninden Kunoichiban (Disc 1)||あやかし忍伝くの一番（ディスク１）
SLPS_009.47|Ayakashi Ninden Kunoichiban (Disc 2)||あやかし忍伝くの一番（ディスク２）
SLES_004.93|Ayrton Senna Kart Duel||
SLPS_003.80|Ayrton Senna Kart Duel||アイルトン・セナ　カート・デュエル
SLES_010.24|Ayrton Senna Kart Duel 2||
SLPS_016.59|Ayrton Senna Kart Duel Special||アイルトンセナ　カートデュエルスペシャル
SLPS_010.72|Ayrton Senna KartDuel 2||アイルトン・セナ・カートデュエル２
SLPM_872.84|Azito||アジト
SLPS_006.83|Azito||アジト
SLPS_015.26|Azito 2||アジト２
SLPS_024.96|Azito 3||アジト３
SLES_030.52|Aztec: The Curse in the Heart of the City of Gold||
SLES_030.53|Aztec: The Curse in the Heart of the City of Gold||
SLES_031.09|Aztec: The Curse in the Heart of the City of Gold||
SLPS_034.24|Azumanga Donjara Daiou||あずまんがドンジャラ大王
SLES_012.19|Azure Dreams||
SLUS_006.14|Azure Dreams||
SLPM_801.38|B Senjou no Alice: Alice on Borderlines||Ｂ線上のアリス
SLPS_010.03|B Senjou no Alice: Alice on Borderlines (Disc 1)||Ｂ線上のアリス（ディスク１）
SLPS_010.04|B Senjou no Alice: Alice on Borderlines (Disc 2)||Ｂ線上のアリス（ディスク２）
SLPS_010.05|B Senjou no Alice: Alice on Borderlines (Disc 3)||Ｂ線上のアリス（ディスク３）
SLES_012.60|B-Movie||
SLES_015.50|B-Movie||
SLPS_014.59|B. L. U. E.: Legend of Water|Hudson|
PAPX_900.50|B. L. U. E.: Legend of Water (Taikenban)|Hudson|
SLPM_802.43|B. L. U. E.: Legend of Water (Taikenban)|Hudson|
SLES_029.77|BDFL Manager 2001||
SLES_036.05|BDFL Manager 2002||
SLPS_005.66|BFS: Blue Forest Story: Kaze no Fuuin||ブルーフォレスト物語　～風の封印～
SLED_010.54|BMG Demos (Demo)||
SLES_039.91|Baby Felix Tennis||
SCES_009.82|Baby Universe||
PAPX_900.88|Back to School Special: PlayStation Demo Disc||
SLPS_014.46|BackGuiner: Yomigaeru Yuusha-tachi: Hishou-hen: Uragiri no Senjou (Disc 1)||バックガイナー　～よみがえる勇者たち～　飛翔編「うらぎりの戦場」（ディスク１）
SLPS_014.47|BackGuiner: Yomigaeru Yuusha-tachi: Hishou-hen: Uragiri no Senjou (Disc 2)||バックガイナー　～よみがえる勇者たち～　飛翔編「うらぎりの戦場」（ディスク２）
SLPS_012.17|BackGuiner: Yomigaeru Yuusha-tachi: Kakusei-hen: Guiner Tensei (Disc 1)||バックガイナー　～よみがえる勇者たち～　覚醒編「ガイナー転生」（ディスク１）
SLPS_012.18|BackGuiner: Yomigaeru Yuusha-tachi: Kakusei-hen: Guiner Tensei (Disc 2)||バックガイナー　～よみがえる勇者たち～　覚醒編「ガイナー転生」（ディスク２）
SLPS_014.48|BackGuiner: Yomigaeru Yuusha-tachi: Service Disc||バックガイナー　～よみがえる勇者たち～　サービスディスク
SLPS_017.82|Backgammon||バックギャモン
SLPS_032.28|Backgammon||バックギャモン
SLPS_027.29|Backgammon 2000||バックギャモン２０００
SLUS_006.59|Backstreet Billiards||
SLUS_010.94|Backyard Soccer||
SLPM_861.18|Bakumatsu Roman: Gekka no Kenshi||幕末浪漫　月華の剣士
SLPM_864.36|Bakumatsu Roman: Gekka no Kenshi||幕末浪漫　月華の剣士
SLPS_005.41|Bakuretsu Hunter: Mahjong Special||爆れつハンター　～まあじゃん・すぺしゃる～
SLPS_007.18|Bakuretsu Hunter: Sorezore no Omoi ... Nowaanchatte||爆れつハンター　それぞれの想い…のわぁんちゃって
SLPS_034.37|Bakuretsu Soccer||爆烈サッカー
SLPS_024.29|Bakuryuu||爆流
SLPS_001.58|Bakushou!! All Yoshimoto Quiz-ou Kettei-sen DX||爆笑！！　オール吉本　クイズ王決定戦ＤＸ
SLPM_805.06|Bakusou Dekotora Densetsu 2: Otoko Jinsei Yume Ichiro||爆走デコトラ伝説２　～男人生夢一路～
SLPS_024.65|Bakusou Dekotora Densetsu 2: Otoko Jinsei Yume Ichiro||爆走デコトラ伝説２　～男人生夢一路～
SLPS_912.19|Bakusou Dekotora Densetsu 2: Otoko Jinsei Yume Ichiro||爆走デコトラ伝説２　～男人生夢一路～
SLPS_014.41|Bakusou Dekotora Densetsu: Otoko Ippiki Yume Kaidou||爆走デコトラ伝説　～男一匹夢街道～
SLPS_014.89|Bakusou Kyoudai Let's & Go!! Eternal Wings||爆走兄弟レッツ＆ゴー！！　エターナルウィングス
SLPM_871.30|Bakuten Shoot Beyblade 2002: Bey Battle Tournament 2 (Gentei)||爆転シュート ベイブレード２００２ ベイバトルトーナメント２
SLPM_869.80|Bakuten Shoot Beyblade: Bey Battle Tournament||爆転シュート　ベイブレード　～ベイバトルトーナメント～
SLES_040.91|Baldies||
SLUS_015.67|Baldies||
SLPS_010.74|Baldy Land||ボールディ・ランド
SLUS_012.49|Ball Breakers||
SLES_005.92|BallBlazer Champions||
SLES_006.41|BallBlazer Champions||
SLES_006.47|BallBlazer Champions||
SLES_006.51|BallBlazer Champions||
SLPS_007.96|BallBlazer Champions||ボールブレイザー　～チャンピオンズ～
SLUS_000.68|Ballblazer Champions||
SLES_040.17|Ballerburg||
SLES_040.18|Ballerburg||
SLUS_015.68|Ballerburg: Castle Chaos||
SLES_027.01|Ballistic||
SLUS_009.66|Ballistic||
SCES_003.48|Baphomets Fluch||
SCES_008.00|Baphomets Fluch II: Die Spiegel der Finsternis||
SCES_023.66|Barbie: Aventure Equestre||
SLES_036.93|Barbie: Aventuriere||
SLES_036.95|Barbie: Esploratrice||
SLES_036.92|Barbie: Explorer||
SLES_036.94|Barbie: Explorer||
SLES_036.96|Barbie: Explorer||
SLUS_013.61|Barbie: Explorer||
SLUS_015.69|Barbie: Gotta Have Games||
SCES_023.65|Barbie: Race & Ride||
SCES_023.67|Barbie: Race & Ride||
SCES_023.68|Barbie: Race & Ride||
SCES_023.69|Barbie: Race & Ride||
SLUS_009.81|Barbie: Race & Ride||
SCES_024.88|Barbie: Sports Extrême||
SCES_024.89|Barbie: Super Sport||
SCES_024.87|Barbie: Super Sports||
SCES_024.90|Barbie: Super Sports||
SCES_024.91|Barbie: Super Sports||
SLUS_009.46|Barbie: Super Sports||
SLPS_021.87|Bardysh: Kromeford no Juunin||バルディッシュ　～クロムフォードの住人たち～
SLPM_865.40|Baroque Syndrome||バロック▲シンドローム
SLPM_869.39|Baroque Syndrome||バロック▲シンドローム
SLPM_863.41|Baroque: Yuganda Mousou||バロック 歪んだ妄想
SLPM_867.59|Baroque: Yuganda Mousou||バロック 歪んだ妄想
SLPM_863.28|Baroque: Yuganda Mousou (Genteiban)||バロック 歪んだ妄想
SLES_026.15|Barça Manager 2000||
SLPS_006.87|Baseball Navigator||ベースボールナビゲーター
SLPS_011.23|Baseball Navigator||ベースボールナビゲーター
SLPM_866.50|Baseball Simulation: ID Pro Yakyuu||ベースボールシミュレーション　～ＩＤプロ野球～
SLPS_030.55|Baseball: Pro-nami Kusayakyuu!||ベースボール　～プロ並み草野球！～
SLUS_000.86|Bases Loaded '96: Double Header||
SLPS_013.04|Bass Fisherman: Texas||バスフィッシャーマン　～ＴＥＸＡＳ～
SLPS_017.65|Bass Landing||バスランディング
SLPS_032.04|Bass Landing||バスランディング
SLUS_008.73|Bass Landing||
SLPM_803.54|Bass Landing (Taikenban)||バスランディング（体験版）
SLPS_026.46|Bass Landing 2||バスランディング２
SLPS_026.47|Bass Landing 2||バスランディング２
SLUS_009.05|Bass Rise||
SLPS_019.14|Bass Tsuri ni Ikou!||バス釣りにいこう！
SLPS_028.59|Bassing Beat 2||バッシングビート２
SLPS_005.42|Bastard!! Utsuronaru Kamigami no Utsuwa||バスタード！！ －虚ろなる神々の器－
SLPM_800.51|Bastard!! Utsuronaru Kamigami no Utsuwa (Taikenban)||バスタード！！　～虚ろなる神々の器～（体験版）
SLES_001.02|Batman & Robin||
SLES_012.20|Batman & Robin||
SLUS_003.93|Batman & Robin||
SLUS_012.07|Batman Beyond: Return of the Joker||
SLES_005.25|Batman Forever: The Arcade Game||
SLPS_006.98|Batman Forever: The Arcade Game||バットマン・フォーエヴァー　～ジ・アーケード・ゲーム～
SLUS_003.87|Batman Forever: The Arcade Game||
SLES_029.02|Batman of the Future: Return of the Joker||
SLES_028.74|Batman: Gotham City Racer||
SLUS_011.41|Batman: Gotham City Racer||
SLPS_004.85|Battle Arena Nitoushinden||ＢＡＴＴＬＥ　ＡＲＥＮＡ　 にとうしんでん
SCES_000.02|Battle Arena Toshinden||
SCUS_940.03|Battle Arena Toshinden||
SCUS_942.00|Battle Arena Toshinden||
SCES_002.32|Battle Arena Toshinden 2||
SLUS_002.20|Battle Arena Toshinden 2||
SCES_007.00|Battle Arena Toshinden 3||
SLUS_004.83|Battle Arena Toshinden 3||
SLPS_002.00|Battle Arena Toushinden 2||闘神伝２
SLPS_910.06|Battle Arena Toushinden 2 Plus||闘神伝２ＰＬＵＳ
SLPM_800.28|Battle Arena Toushinden 2: Gyouten Kyougaku no Shishoku-ban||闘神伝２　～仰天驚愕の試食版～
SLPS_006.50|Battle Arena Toushinden 3||闘神伝３
SLPM_865.25|Battle Athletess: Daiundoukai Alternative||バトルアスリーテス　大運動会オルタナティヴ
SLPS_011.33|Battle Athletess: Daiundoukai Alternative||バトルアスリーテス　大運動会オルタナティヴ
SLPM_865.26|Battle Athletess: Daiundoukai GTO (Grand Trial Onnanoco)||バトルアスリーテス　大運動会ＧＴＯ
SLPS_015.48|Battle Athletess: Daiundoukai GTO (Grand Trial Onnanoco)||バトルアスリーテス　大運動会ＧＴＯ
SLPM_803.61|Battle Bombee||バトル・ボンビー
SLPS_024.57|Battle Bombee 2: Sukkiri Momoaji||バトル・ボンビー２　～すっきり桃味～
SLPS_009.91|Battle Bugs||バトルバグス
SLPS_009.68|Battle Formation||バトルフォーメーション
SLUS_013.35|Battle Hunter||
SLPS_017.79|Battle Konchuuden||バトル・昆虫伝
SLPM_865.19|Battle Master||バトル・マスター
SLPS_010.64|Battle Master||バトル・マスター
SLES_006.62|Battle Stations||
SLUS_004.56|Battle Stations||
SLPS_011.27|BattleRound USA||バトルラウンドＵＳＡ
SLES_006.28|BattleSport||
SLUS_003.89|BattleSport||
SLES_027.73|BattleTanx: Global Assault||
SLES_027.74|BattleTanx: Global Assault||
SLUS_010.44|BattleTanx: Global Assault||
SLES_028.08|Beach Volleyball||
SCPS_101.38|Bealphareth||ベアルファレス
SLES_007.09|Beast Wars: Transformers||
SLUS_005.08|Beast Wars: Transformers||
SLED_013.39|Beast Wars: Transformers (Demo)||
SLPM_861.26|Beat Mania (Disc 1) (Arcade)||ビート・マニア（ディスク１）
SLPM_863.90|Beat Mania (Disc 1) (Arcade)||ビート・マニア（ディスク１）
SLPM_861.27|Beat Mania (Disc 2) (Append)||ビート・マニア（ディスク２）
SLPM_863.91|Beat Mania (Disc 2) (Append)||ビート・マニア（ディスク２）
SLPM_861.56|Beat Mania 3rd Mix Mini||ビートマニア　サードミックスミニ
SLPM_861.84|Beat Mania Append 3rdMix||ビート・マニア　ＡＰＰＥＮＤ　３ｒｄＭＩＸ
SCPS_454.03|Beat Mania Append GottaMix||ビート・マニア　ＡＰＰＥＮＤ　ＧＯＴＴＡＭＩＸ
SLPM_862.29|Beat Mania Append GottaMix||ビート・マニア　ＡＰＰＥＮＤ　ＧＯＴＴＡＭＩＸ
SLPM_865.74|Beat Mania Append GottaMix 2: Going Global||ビート・マニア　アペンド　ゴッタスミックス２　～ゴーイング・グローバル～
SLPM_867.69|Beat Mania: The Sound of Tokyo||ビート・マニア　～ザサウンド・オブ・トーキョー～
SCPS_180.13|Beat Planet Music||
PCPX_961.93|Beat Planet Music (Taikenban)||
SCED_019.91|Beat-Em-Up Special||
SCED_016.43|Beat-Em-Up Speziale||
SLES_020.96|Beatmania||
SLPM_870.12|Beatmania 6thMix + Core Remix||ビートマニア　シックスミックス＋コア・リミックス
SLPM_862.66|Beatmania Append 4thMix: The Beat Goes On||ビートマニア　ＡＰＰＥＮＤ　４ｔｈＭＩＸ
SLPM_863.22|Beatmania Append 5thMix: Time to Get Down||ビートマニア　ＡＰＰＥＮＤ　５ｔｈＭＩＸ
SLPM_866.92|Beatmania Append Club Mix||ビートマニア　アペンド　クラブ・ミックス
SLPM_865.96|Beatmania Best Hits||ビートマニア　ベスト・ヒッツ
SLPM_865.97|Beatmania featuring Dreams Come True||ビートマニア　～ドリームズ・カム・トゥルー～
SLPS_012.19|Beavis and Butt-Head: Virtual Aho Shoukougun||ビーバス＆バットヘッド　～バーチャル・アホ症候群～
SLES_003.34|Bedlam||
SLPS_005.82|Beltlogger 9||ベルトロガー９
SLPS_005.81|Beltlogger 9 (Shokai Genteiban)||ベルトロガー９
SCUS_942.86|Best Buy Demo CD||
SCUS_946.68|Best Buy Greatest Hits Demo Disc: Volume One||
SCED_024.20|Best Horror Games Ever Demo (Demo)||
SCED_024.21|Best Sports Games Ever||
SCED_031.67|Best Sports Games Ever 2000 (Demo)||
SLES_040.93|Beyblade||
SLUS_014.89|Beyblade||
PAPX_900.05|Beyond the Beyond||ビヨンド　ザ　ビヨンド
SCUS_947.02|Beyond the Beyond||
SCPS_100.14|Beyond the Beyond: Haruka naru Kanaan e||ビヨンド ザ ビヨンド 遥かなるカナーンへ
SLES_015.31|Big Air||
SLUS_006.45|Big Air||
SLES_038.47|Big Bass Fishing||
SLUS_014.42|Big Bass Fishing||
SLUS_002.28|Big Bass World Championship||
SLPS_004.59|Big Challenge Golf: Tokyo Yomiuri Country Club-hen||Ｂｉｇ Ｃｈａｌｌｅｎｇｅ Ｇｏｌｆ　～東京よみうりカントリークラブ編～
SLUS_015.27|Big League Slugger Baseball||
SLUS_012.59|Big Ol' Bass 2||
SLES_040.25|Big Strike Bowling||
SLUS_014.78|Big Strike Bowling||
SLUS_012.89|Billiards||
SLES_013.16|Bio F.R.E.A.K.S.||
SLUS_005.02|Bio F.R.E.A.K.S.||
SLPM_867.70|Bio Hazard|Capcom|バイオハザード
SLPS_002.22|Bio Hazard|Capcom|バイオハザード
SLPM_800.27|Bio Hazard (Taikenban)|Capcom|バイオハザード（体験版）
SLPS_009.98|Bio Hazard: Director's Cut|Capcom|バイオハザード ディレクターズカット
SLPS_015.12|Bio Hazard: Director's Cut: Dual Shock Ver.|Capcom|バイオハザード　ディレクターズカット　デュアルショックバージョン
SLPS_015.13|Bio Hazard: Director's Cut: Dual Shock Ver. Complete Disc|Capcom|バイオハザード　ディレクターズカット　デュアルショックバージョン　Ｃｏｍｐｌｅｔｅ　ｄｉｓｃ
SLPS_009.99|Biohazard 2 Trial Edition|Capcom|バイオハザード２
SLPS_012.22|Biohazard 2 (Disc 1) (Leon-hen)|Capcom|バイオハザード２（ディスク１）
SLPS_012.23|Biohazard 2 (Disc 2) (Claire-hen)|Capcom|バイオハザード２（ディスク２）
SLPS_015.10|Biohazard 2: Dual Shock Ver. (Disc 1) (Leon-hen)|Capcom|バイオハザード２　デュアルショックバージョン（ディスク１）
SLPS_015.11|Biohazard 2: Dual Shock Ver. (Disc 2) (Claire-hen)|Capcom|バイオハザード２　デュアルショックバージョン（ディスク２）
SLPM_804.85|Biohazard 3: Last Escape|Capcom|バイオハザード３　ラストエスケープ
SLPM_872.24|Biohazard 3: Last Escape|Capcom|バイオハザード３　ラストエスケープ
SLPS_023.00|Biohazard 3: Last Escape|Capcom|バイオハザード３　ラストエスケープ
SLPM_867.49|Biohazard: Gun Survivor|Capcom|バイオハザード　ガンサバイバー
SLPS_025.53|Biohazard: Gun Survivor|Capcom|バイオハザード　ガンサバイバー
SLES_025.37|Bishi Bashi Special||
SLPM_861.23|Bishi Bashi Special||ビシバシスペシャル
SLPM_862.67|Bishi Bashi Special 2||ビシバシスペシャル２
SLPM_865.39|Bishi Bashi Special 3: Step Champ||ビシバシ・スペシャル３　～ステップ・チャンプ～
SLPS_009.41|Bishoujo Hanafuda Kikou: Michinoku Hitou Koi Monogatari||美少女花札紀行 みちのく秘湯恋物語
SLPM_866.80|Bishoujo Ren'ai Mahjong Series 2nd: Shiritsu Houou Gakuen: 1-nen Jun'ai-gumi||美少女恋愛麻雀シリーズ２ｎｄ 私立鳳凰学園 １年純愛組
SLPM_867.16|Bishoujo Ren'ai Mahjong Series 2nd: Shiritsu Houou Gakuen: 2-nen Junjou-gumi||美少女恋愛麻雀シリーズ２ｎｄ 私立鳳凰学園 ２年純情組
SLPM_864.14|Bishoujo Ren'ai Mahjong Series: Karan Koron Gakuen: Doki Doki-hen||美少女恋愛麻雀シリーズ 華蘭虎龍学園 どきどき編
SLPM_864.68|Bishoujo Ren'ai Mahjong Series: Karan Koron Gakuen: Munekyun-hen||美少女恋愛麻雀シリーズ 華蘭虎龍学園 むねきゅん編
SLPM_864.74|Bishoujo Ren'ai Mahjong Series: Karan Koron Gakuen: Pure Love-hen||美少女恋愛麻雀シリーズ 華蘭虎龍学園 ぴゅあらぶ編
SLPS_002.62|Bishoujo Senshi Sailor Moon SuperS: Shin Shuyaku Soudatsusen||美少女戦士セーラームーンＳｕｐｅｒＳ　真・主役争奪戦
SLPS_002.60|Bishoujo Senshi Sailor Moon SuperS: Shin Shuyaku Soudatsusen (Shokai Genteiban)||美少女戦士セーラームーンＳｕｐｅｒＳ　真・主役争奪戦
SLUS_006.48|Black Bass with Blue Marlin||
SLES_004.07|Black Dawn||
SLPS_006.63|Black Dawn||ブラック・ドーン
SLUS_003.21|Black Dawn||
SLPS_029.62|Black/Matrix + (Disc 1)||ブラックマトリクスクロス（ディスク１）
SLPS_034.15|Black/Matrix + (Disc 1)||ブラックマトリクスクロス（ディスク１）
SLPS_029.63|Black/Matrix + (Disc 2)||ブラックマトリクスクロス（ディスク２）
SLPS_034.16|Black/Matrix + (Disc 2)||ブラックマトリクスクロス（ディスク２）
SLPS_035.73|Black/Matrix 00 (Disc 1)||ブラック・マトリクス　ゼロ　ダブルオー（ディスク１）
SLPS_035.71|Black/Matrix 00 (Disc 1) (Shokai Genteiban)||ブラック・マトリクス　ゼロ　ダブルオー（ディスク１）
SLPS_035.74|Black/Matrix 00 (Disc 2)||ブラック・マトリクス　ゼロ　ダブルオー（ディスク２）
SLPS_035.72|Black/Matrix 00 (Disc 2) (Shokai Genteiban)||ブラック・マトリクス　ゼロ　ダブルオー（ディスク２）
SLPS_019.83|Blackjack vs. Matsuda Jun||ブラックジャック　ＶＳ　松田　純
SLES_032.13|Blade||
SLES_032.14|Blade||
SLES_032.15|Blade||
SLUS_012.15|Blade||
SLPM_866.02|Blade Arts: Tasogare no Miyako R'lyeh||ブレイドアーツ／黄昏の都ルルイエ
SLPS_017.95|Blade Maker||ブレードメーカー
SLES_003.49|Blam! Machinehead||
SLES_003.50|Blam! Machinehead||
SLES_003.51|Blam! Machinehead||
SLPS_007.98|Blam! Machinehead||ブラム！　マシーンヘッド
SLES_004.76|Blast Chamber||
SLUS_002.19|Blast Chamber||
SLUS_013.80|Blast Lacrosse||
SLES_011.69|Blast Radius||
SLES_011.92|Blast Radius||
SLUS_006.42|Blast Radius||
SLED_012.72|Blast Radius (Demo)||
SLPS_026.17|Blaster Master||ブラスターマスター
SLPS_032.69|Blaster Master||ブラスターマスター
SLES_022.73|Blaster Master: Blasting Again||
SLUS_010.31|Blaster Master: Blasting Again||
SCES_012.24|Blasto|Sony Computer Entertainment|
SCUS_944.12|Blasto|Sony Computer Entertainment|
SLPS_015.76|Blaze & Blade Busters||ブレイズ＆ブレイドバスターズ
SLES_008.45|Blaze & Blade: Eternal Quest||
SLES_012.74|Blaze & Blade: Eternal Quest||
SLPS_012.09|Blaze & Blade: Eternal Quest||ブレイズ＆ブレイド
SLES_002.47|Blazing Dragons||
SLES_003.05|Blazing Dragons||
SLES_003.06|Blazing Dragons||
SLUS_001.00|Blazing Dragons||
SLPS_028.18|Blend x Brand: Odekake Gousei RPG||ブレンド×ブランド　おでかけ合成ＲＰＧ
SLPS_032.24|Blend x Brand: Odekake Gousei RPG||ブレンド×ブランド　おでかけ合成ＲＰＧ
SLES_040.67|Block Buster||
SLPM_872.36|Block Kuzushi||シリーズ ブロックくずし
SLPS_025.78|Block Kuzushi 2||ブロックくずし２
SLPS_003.53|Block Kuzushi: Deden no Gyakushuu||ブロックくずし　～デデンの逆襲～
SLPS_030.42|Block Kuzushi: Kowashite Help!||ブロックくずし　～こわしてＨＥＬＰ！～
SLPM_806.19|Block Wars||ブロック　ウォーズ
SLPS_032.19|Block Wars||ブロック　ウォーズ
SCED_008.77|Blockbuster Playstation Challenge (Demo)||
SLES_040.03|Blockids||
SLPS_002.05|Blockids||ブロキッズ
SLPS_002.06|Blockids||ブロキッズ　ＤＸパック
SLUS_014.96|Blockids||
SLPS_002.35|Blood Factory||ブラッドファクトリー
SCES_014.43|Blood Lines||
SLES_000.75|Blood Omen: Legacy of Kain||
SLES_005.22|Blood Omen: Legacy of Kain||
SLES_005.23|Blood Omen: Legacy of Kain||
SLUS_000.27|Blood Omen: Legacy of Kain||
SCUS_941.99|Bloody Roar||
SCPS_453.74|Bloody Roar 2: Bringer of the New Age||ブラッディロア２
SLES_017.22|Bloody Roar 2: Bringer of the New Age||
SLPS_018.42|Bloody Roar 2: Bringer of the New Age||ブラッディロア２
SLED_019.28|Bloody Roar 2: Bringer of the New Age (Demo)||
SLPM_803.73|Bloody Roar 2: Bringer of the New Age (Taikenban)||ブラッディロア２（体験版）
SCUS_944.24|Bloody Roar II||
SCPS_451.29|Bloody Roar: Hyper Beast Duel||ブラッディロア
SLES_010.10|Bloody Roar: Hyper Beast Duel||
SLPS_010.70|Bloody Roar: Hyper Beast Duel||ブラッディロア
SLPS_911.57|Bloody Roar: Hyper Beast Duel||ブラッディロア
SLED_001.08|Bloody Roar: Hyper Beast Duel (Demo)||
SLPM_801.55|Bloody Roar: Hyper Beast Duel (Taikenban)||ブラッディロア（体験版）
SLPM_866.48|Blue Breaker Burst: Egao no Asu ni||ブルーブレイカーバースト ～笑顔の明日に～
SLPS_015.80|Blue Breaker Burst: Egao no Asu ni||ブルーブレイカーバースト ～笑顔の明日に～
SLPM_866.47|Blue Breaker Burst: Hohoemi o Anata to||ブルーブレイカーバースト ～微笑みを貴方と～
SLPS_014.69|Blue Breaker Burst: Hohoemi o Anata to (Shokai Genteiban)||ブルー・ブレイカー・バースト　～微笑みを貴方と～
SLPM_866.46|Blue Breaker: Egao no Yakusoku||ブルーブレイカー　～笑顔の約束～
SLPS_011.22|Blue Breaker: Egao no Yakusoku||ブルーブレイカー　～笑顔の約束～
SLES_035.70|Blue's Clues: Blue's Big Musical||
SLUS_011.98|Blue's Clues: Blue's Big Musical||
SLES_036.74|Bob Aggiustatutto||
SLES_037.98|Bob le Bricoleur: Réparer C'est Gagné!||
SLES_028.56|Bob the Builder: Can We Fix It?||
SLUS_014.07|Bob the Builder: Can We Fix It?||
SLPS_008.65|Body Hazard||ボデ・ィハザード
SCUS_943.07|Bogey Dead 6||
SLPM_870.24|Boku no Choro Q||ぼくのチョロＱ
SCPS_100.88|Boku no Natsuyasumi: Summer Holiday 20th Century||ぼくのなつやすみ
SCPS_912.32|Boku no Natsuyasumi: Summer Holiday 20th Century||ぼくのなつやすみ
SLPS_025.14|Boku wa Koukuu Kanseikan||ぼくは航空管制官
SLPS_024.89|Bokujou Monogatari: Harvest Moon||牧場物語 ハーベストムーン
SLPS_912.18|Bokujou Monogatari: Harvest Moon||牧場物語 ハーベストムーン
SLPS_030.87|Bokujou Monogatari: Harvest Moon for Girl||牧場物語　～ハーベストムーン　ｆｏｒ　ガール～
SLPS_915.25|Bokujou Monogatari: Harvest Moon for Girl||牧場物語　～ハーベストムーン　ｆｏｒ　ガール～
SCPS_453.68|Bomberman||ボンバーマン
SLES_018.93|Bomberman||
SLPM_868.44|Bomberman||ボンバーマン
SLPS_017.17|Bomberman||ボンバーマン
SLES_017.12|Bomberman Fantasy Race||
SLPM_871.02|Bomberman Fantasy Race||ボンバーマン ファンタジーレース
SLPS_015.25|Bomberman Fantasy Race||ボンバーマン ファンタジーレース
SLPS_911.38|Bomberman Fantasy Race||ボンバーマン ファンタジーレース
SLUS_008.23|Bomberman Fantasy Race||
SLPM_870.80|Bomberman Land||ボンバーマンランド
SLPM_873.64|Bomberman Land||ボンバーマンランド
SLPS_030.02|Bomberman Land||ボンバーマンランド
SCPS_452.25|Bomberman Wars||ボンバーマンウォーズ
SLPS_013.47|Bomberman Wars||ボンバーマンウォーズ
SCES_010.78|Bomberman World||
SLPS_011.55|Bomberman World||ボンバーマンワールド
SLPS_911.49|Bomberman World||ボンバーマンワールド
SLUS_006.80|Bomberman World||
SLUS_011.89|Bomberman: Party Edition||
SLPS_003.33|Bonogurashi: Kore de Kanpeki Disu||ぼのぐらし　これで完璧でぃす
SLUS_009.68|BoomBots||
SLUS_000.49|Bottom of the 9th||
SLUS_002.96|Bottom of the 9th '97||
SLUS_006.78|Bottom of the 9th '99||
SLPM_860.04|Bottom of the 9th: Major League Heroes||ボトム オブ ザ ナインス ～メジャーリーグヒーローズ～
SLPS_009.07|Boundary Gate: Daughter of Kingdom||バウンダリーゲート　－Ｄａｕｇｈｔｅｒ　ｏｆ　Ｋｉｎｇｄｏｍ－
SLPM_867.35|Bounty Hunter Sara: Holy Mountain no Teiou||バウンティハンターサラ ホーリーマウンテンの帝王
SLPM_866.14|Bounty Sword First||バウンティソード・ファースト
SLPS_007.57|Bounty Sword First||バウンティソード・ファースト
SLPM_801.01|Bounty Sword First (Taikenban)||バウンティソード・ファースト（体験版）
SLPM_866.25|Bounty Sword: Double Edge||バウンティソード　ダブルエッジ
SLPS_014.79|Bounty Sword: Double Edge||バウンティソード　ダブルエッジ
SLUS_012.88|Bowling||
SLES_023.24|Box Champions 2000||
SLES_031.23|Box Champions 2001||
SLES_014.51|Box-Champions||
SLPS_000.33|Boxer's Road||ボクサーズ・ロード
SLPS_910.07|Boxer's Road||ボクサーズ・ロード
SLUS_013.09|Boxing||
SLPS_007.79|Boys Be...||ボーイズ ビー
SLPS_017.05|Boys Be... 2nd Season||ボーイズ ビー セカンド ・シーズン
SLES_007.54|Brahma Force||
SLUS_004.44|Brahma Force: The Assault on Beltlogger 9||
SLPS_005.14|BrainDead 13 (Disc 1)||ブレインデッド１３（ディスク１）
SLUS_000.83|BrainDead 13 (Disc 1)||
SLPS_005.15|BrainDead 13 (Disc 2)||ブレインデッド１３（ディスク２）
SLUS_001.71|BrainDead 13 (Disc 2)||
SLES_039.92|Bratz: Dress Up, Get Down and Be a Bratz Superstar!||
SLUS_015.08|Bratz: Dress Up, Get Down and Be a Bratz Superstar!||
SLUS_007.26|Brave Fencer Musashi||
SLPS_014.90|Brave Fencer Musashiden||ブレイヴフェンサー　武蔵伝
SLPS_027.69|Brave Fencer Musashiden||ブレイヴフェンサー　武蔵伝
SLPM_802.62|Brave Fencer Musashiden (Taikenban)||ブレイヴフェンサー　武蔵伝（体験版）
SLPS_013.16|Brave Prove||ブレイヴ・プローヴ
SLPS_025.80|Brave Saga 2 (Disc 1)||ブレイブサーガ２（ディスク１）
SLPS_025.81|Brave Saga 2 (Disc 2)||ブレイブサーガ２（ディスク２）
SLPS_023.14|Brave Saga 2: Koushiki Data Disc: Yuusha no Akashi 2 (Shokai Seisan Genteiban)||ＢＲＡＶＥＳＡＧＡ ２ 公式データディスク 勇者の証２
SLPS_028.89|Brave Sword||ブレイブソード
SLUS_004.88|Bravo Air Race||
SLES_002.58|Break Point||
SLPM_860.44|Break Point||ブレイクポイント
SLPS_001.29|Break Thru!||ブレイクスルー
SLPS_023.75|Break Volley||ブレイクバレー
SLUS_011.70|Breakout||
SLES_028.54|Breakout: A Story of Bat Meets Ball...!||
SLES_013.04|Breath of Fire III||
SLES_013.19|Breath of Fire III||
SLES_013.20|Breath of Fire III||
SLPS_009.90|Breath of Fire III||ブレス　オブ　ファイアⅢ
SLUS_004.22|Breath of Fire III||
SLPM_801.15|Breath of Fire III (Taikenban)||ブレス　オブ　ファイアⅢ（体験版）
SLES_035.52|Breath of Fire IV||
SLUS_013.24|Breath of Fire IV||
SLPM_871.59|Breath of Fire IV: Utsurowazaru Mono||ブレス　オブ　ファイアⅣ　うつろわざるもの
SLPS_027.28|Breath of Fire IV: Utsurowazaru Mono||ブレス　オブ　ファイアⅣ　うつろわざるもの
SLPM_870.54|Breed Master||ブリードマスター
SLPM_860.87|Breeding Stud 2||ブリーディングスタッド２
SLPM_860.12|Breeding Stud: Bokujou de Aimashou||ブリーディングスタッド 牧場で逢いましょう
SLES_007.59|Brian Lara Cricket||
SLPS_011.07|Brigandine: Gensou Tairiku Senki||ブリガンダイン　～幻想大陸戦記～
SLPS_026.61|Brigandine: Grand Edition (Disc 1)||ブリガンダイン　～グランド・エディション～（ディスク１）
SLPS_026.62|Brigandine: Grand Edition (Disc 2)||ブリガンダイン　～グランド・エディション～（ディスク２）
SLUS_006.87|Brigandine: The Legend of Forsena||
SCPS_101.05|Brightis||ブライティス
SLES_008.73|Broken Helix||
SLES_009.62|Broken Helix||
SLPM_860.65|Broken Helix||ブロークンヘリックス
SLUS_002.89|Broken Helix||
SCES_008.01|Broken Sword II: La Profezia dei Maya||
SCES_008.02|Broken Sword II: Las Fuerzas del Mal||
SCES_007.98|Broken Sword II: The Smoking Mirror||
SLUS_008.12|Broken Sword II: The Smoking Mirror||
SCES_004.14|Broken Sword: La Leyenda de los Templarios||
SCES_003.46|Broken Sword: The Shadow of the Templars||
SCES_004.68|Broken Sword: The Shadow of the Templars||
SLUS_004.84|Broken Sword: The Shadow of the Templars||
SLES_013.76|Brunswick Circuit Pro Bowling||
SLUS_005.71|Brunswick Circuit Pro Bowling||
SLES_026.18|Brunswick Circuit Pro Bowling 2||
SLUS_008.56|Brunswick Circuit Pro Bowling 2||
SLES_004.48|Bubble Bobble also featuring Rainbow Islands||
SLUS_003.70|Bubble Bobble also featuring Rainbow Islands||
SLES_004.58|Bubble Bobble II||
SLPS_017.10|Bubblegun Kid||バブルガンキッド
SLES_001.22|Bubsy 3D: Furbitten Planet||
SLUS_001.10|Bubsy 3D: Furbitten Planet||
SLPS_011.05|Buckle Up!||バックルアップ！
SLES_001.74|Buggy||
SLPM_861.33|Bugi||武戯
SLES_008.75|Bugriders: The Race of Kings||
SLUS_003.54|Bugriders: The Race of Kings||
SLES_028.96|Bugs Bunny & Taz: Time Busters||
SLUS_011.44|Bugs Bunny & Taz: Time Busters||
SLES_017.26|Bugs Bunny: Lost in Time||
SLUS_008.38|Bugs Bunny: Lost in Time||
SLED_021.25|Bugs Bunny: Lost in Time (Demo)||
SLUS_900.58|Bugs Bunny: Lost in Time (Demo)||
SLUS_010.86|Builder's Block||
SLPS_004.97|Building Crush!||ビルクラッシュ！
SLES_025.64|Bundesliga 2000: Der Fussball-Manager||
SLES_021.43|Bundesliga Stars 2000||
SLES_030.65|Bundesliga Stars 2001||
SLPM_862.46|Burger Burger 2||バーガーバーガー２
SLPM_868.04|Burger Burger 2||バーガーバーガー２
SLPS_008.88|Burger Burger: Hamburger Simulation||バーガーバーガー ＨＡＭＢＵＲＧＥＲ ＳＩＭＵＬＡＴＩＯＮ
SLPS_911.03|Burger Burger: Hamburger Simulation||バーガーバーガー ＨＡＭＢＵＲＧＥＲ ＳＩＭＵＬＡＴＩＯＮ
SLES_003.45|Burning Road||
SLPS_005.18|Burning Road||バーニングロード
SLUS_003.24|Burning Road||
SLUS_900.02|Burning Road (Demo)||
SLES_033.38|BursTrick: Wake Boarding!!||
SLPS_027.92|BursTrick: Wake Boarding!!||バーストリック　ウェイクボーディング！！
SLUS_013.17|BursTrick: Wake Boarding!!||
SCES_008.99|Bushido Blade||
SCUS_941.80|Bushido Blade||
SLPM_860.20|Bushido Blade||ブシドーブレード
SLPM_874.03|Bushido Blade||ブシドーブレード
SCPS_451.87|Bushido Blade 2||ブシドーブレード弐
SLPS_012.94|Bushido Blade 2||ブシドーブレード弐
SLUS_006.63|Bushido Blade 2||
SCUS_942.63|Bust A Groove||
SCUS_943.76|Bust A Groove (Demo)||
SLUS_011.59|Bust A Groove 2||
PAPX_900.28|Bust A Move||バスト　ア　ムーブ
SLPS_012.32|Bust A Move||バスト　ア　ムーブ
SLPS_012.37|Bust A Move||バスト　ア　ムーブ
SLPS_012.33|Bust A Move (Disc 2) (Premium CD-ROM) (Genteiban)||
SLPM_862.19|Bust A Move 2: Dance Tengoku Mix||バスト　ア　ムーブ２　ダンス天国ＭＩＸ
SLPM_804.10|Bust A Move 2: Dance Tengoku Mix (Taikenban)||バスト　ア　ムーブ２　ダンス天国ＭＩＸ（体験版）
SCES_013.13|Bust-A-Groove||
SLUS_007.25|Bust-A-Move '99||
SLES_002.78|Bust-A-Move 2: Arcade Edition||
SLES_041.53|Bust-A-Move 2: Arcade Edition||
SLUS_002.33|Bust-A-Move 2: Arcade Edition||
SLES_009.91|Bust-A-Move 3 DX||
SLES_141.53|Bust-A-Move 3 DX||
SLES_013.89|Bust-A-Move 4||
SLUS_007.54|Bust-A-Move 4||
SLUS_002.08|Buster Bros. Collection||
SLES_041.04|Buttsubushi||
SLPS_031.62|Buttsubushi||ぶっつぶし
SLES_035.62|Byggare Bob: Kan Vi Fixa Det?||
SLES_035.64|Byggemand Bob: Kan Vi Klare Det?||
SLES_035.63|Byggmester Bob: Kan Det Fikses?||
SCES_033.64|C-12: Final Resistance||
SCES_033.65|C-12: Final Resistance||
SCES_033.66|C-12: Final Resistance||
SCES_034.26|C-12: Final Resistance||
SCUS_946.66|C-12: Final Resistance||
SCED_035.16|C-12: Final Resistance (Demo)||
SLPS_002.79|C1: Circuit||
SLES_013.63|C3 Racing: Car Constructors Championship||
SLUS_004.99|C: The Contra Adventure||
SCUS_944.16|CART World Series||
SLES_012.16|CBZ: CyBall Zone||
SLPS_002.30|CG Mukashi Banashi: Jiisan 2-do Bikkuri!!||ＣＧ昔話　じいさん２度びっくり！！
SLPS_002.20|CRW: Counter Revolution War||ＣＲＷ　カウンター・レボリューション・ウォー
SLES_039.86|CT Special Forces||
SLES_041.55|CT Special Forces 3: Bioterror||
SLES_041.23|CT Special Forces: Back to Hell||
SCES_021.05|CTR: Crash Team Racing||
SCUS_944.26|CTR: Crash Team Racing||
SCUS_944.59|CTR: Crash Team Racing (Demo)||
SLUS_013.91|Cabela's Big Game Hunter: Ultimate Challenge||
SLUS_014.74|Cabela's Ultimate Deer Hunt: Open Season||
SLPS_020.79|Cadillac||キャデラック
SLPS_020.87|Cadillac||キャデラック
SLPS_020.89|Cadillac||キャデラック
SLES_010.08|Caesars Palace||
SLUS_002.85|Caesars Palace||
SLES_024.76|Caesars Palace 2000: Millennium Gold Edition||
SLUS_010.89|Caesars Palace 2000: Millennium Gold Edition||
SLES_014.86|Caesars Palace II||
SLUS_007.80|Caesars Palace II||
LSP20011.001|Calamity 1: The Natural World||
LSP20022.001|Calamity 2: People and Traditions||
LSP20033.001|Calamity 3: Around the World||
SLES_026.14|Calcio Manager 2000||
SLPS_010.71|Calcolo! Ochimono Shooting||カルコロ！　（ＣＡＬＣＯＬＯ！）　おちものシューティング
SLPM_801.47|Calcolo! Ochimono Shooting (Taikenban)||カルコロ！　（ＣＡＬＣＯＬＯ！）　おちものシューティング（体験版）
LSP02019.001|Cali's Geo Tools||
SLES_039.21|California Surfing||
SLES_029.50|California Watersports||
SLES_022.93|Canal+ Premier Manager||
SLPM_867.48|Capcom Generation: Dai-1-shuu Gekitsuiou no Jidai|Capcom|カプコン・ジェネレーション　～第１集　撃墜王の時代～
SLPS_015.35|Capcom Generation: Dai-1-shuu Gekitsuiou no Jidai|Capcom|カプコン・ジェネレーション　～第１集　撃墜王の時代～
SLPM_867.78|Capcom Generation: Dai-2-shuu Makai to Kishi|Capcom|カプコン・ジェネレーション　～第２集　魔界と騎士～
SLPS_015.85|Capcom Generation: Dai-2-shuu Makai to Kishi|Capcom|カプコン・ジェネレーション　～第２集　魔界と騎士～
SLPS_016.49|Capcom Generation: Dai-3-shuu Koko ni Rekishi Hajimaru|Capcom|カプコン・ジェネレーション　～第３集　ここに歴史始まる～
SLPM_868.14|Capcom Generation: Dai-4-shuu Kokou no Eiyuu|Capcom|カプコン・ジェネレーション　～第４集　孤高の英雄～
SLPS_017.01|Capcom Generation: Dai-4-shuu Kokou no Eiyuu|Capcom|カプコン・ジェネレーション　～第４集　孤高の英雄～
SLPS_017.25|Capcom Generation: Dai-5-shuu Kakutouka-tachi|Capcom|カプコン・ジェネレーション　～第５集　格闘家たち～
SLES_018.81|Capcom Generations (Disc 1) (Wings of Destiny)|Capcom|
SLES_020.98|Capcom Generations (Disc 1) (Wings of Destiny)|Capcom|
SLES_118.81|Capcom Generations (Disc 2) (Chronicles of Arthur)|Capcom|
SLES_120.98|Capcom Generations (Disc 2) (Chronicles of Arthur)|Capcom|
SLES_218.81|Capcom Generations (Disc 3) (The First Generation)|Capcom|
SLES_220.98|Capcom Generations (Disc 3) (The First Generation)|Capcom|
SLES_318.81|Capcom Generations (Disc 4) (Blazing Guns)||
SLUS_014.76|Capcom vs. SNK Pro|Capcom|
SLES_038.89|Capcom vs. SNK: Millennium Fight 2000 Pro|Capcom|
SLPM_870.53|Capcom vs. SNK: Millennium Fight 2000 Pro|Capcom|カプコン　バーサス　エス・エヌ・ケイ　ミレニアムファイト　２０００　プロ
SLPM_806.32|Capcom vs. SNK: Millennium Fight 2000 Pro (Taikenban)|Capcom|カプコン バーサス エス・エヌ・ケイ ミレニアムファイト ２０００ プロ（体験版）
SLPS_015.67|Captain Commando||キャプテンコマンドー
SLPM_862.16|Captain Love||キャプテン・ラヴ
SLPM_867.67|Captain Love||キャプテン・ラヴ
SLPS_003.10|Captain Tsubasa J: Get in the Tomorrow||キャプテン翼Ｊ　ゲットインザトゥモロゥ
SLPM_870.60|Captain Tsubasa: Arata naru Densetsu Joshou||キャプテン翼　～新たなる伝説・序章～
SLUS_004.94|Car and Driver Presents: Grand Tour Racing '98||
SLPS_025.61|Card Captor Sakura: Clowcard Magic||カードキャプターさくら クロウカードマジック
SLPS_025.60|Card Captor Sakura: Clowcard Magic (Genteiban)||カードキャプターさくら クロウカードマジック
SLUS_013.79|Card Games||
SLES_032.06|Card Shark||
SCES_010.43|Cardinal Syn||
SCES_010.77|Cardinal Syn||
SCES_012.05|Cardinal Syn||
SCES_012.06|Cardinal Syn||
SCUS_941.56|Cardinal Syn||
SCUS_942.65|Cardinal Syn (Demo)||
SLES_019.60|Carmageddon||
SLES_019.61|Carmageddon||
SCES_004.41|Carnage Heart||
SCUS_946.04|Carnage Heart||
SLPS_001.51|Carnage Heart||カルネージハート
SCUS_949.64|Carnage Heart (Mission Briefing)||
SLPS_009.19|Carnage Heart EZ (Easy Zapping)||カルネージ・ハートＥＺ
SLPM_800.15|Carnage Heart Extra||カルネージ・ハート　ＥＸＴＲＡ
SLPS_008.37|Carom Shot||キャロム・ショット
SLPS_014.86|Carom Shot 2||キャロムショット２
SLPM_802.67|Carom Shot 2 (Taikenban)||キャロム・ショット２（体験版）
SLPS_029.35|Carton-kun||カートンくん
SLPM_805.72|Carton-kun (Taikenban)||カートンくん（体験版）
SLES_000.45|Casper||
SLUS_001.62|Casper||
SLES_031.13|Casper: Friends Around the World||
SLPM_885.05|Casper: Friends Around the World||
SLUS_012.45|Casper: Friends Around the World||
SLPM_867.54|Castlevania Chronicle: Akumajou Dracula|Konami|悪魔城年代記 悪魔城ドラキュラ
SLES_035.32|Castlevania Chronicles|Konami|
SLUS_013.84|Castlevania Chronicles|Konami|
SCPS_451.96|Castlevania: Symphony of the Night|Konami|
SLES_005.24|Castlevania: Symphony of the Night|Konami|
SLUS_000.67|Castlevania: Symphony of the Night|Konami|
SLES_011.82|Castrol Honda Superbike Racing||
SLUS_008.82|Castrol Honda Superbike Racing||
SLES_029.42|Castrol Honda VTR||
SLPS_009.08|Cat the Ripper: 13Ninme no Tanteishi||キャット・ザ・リパー　～１３人目の探偵士～
SLES_028.25|Catan: Die erste Insel||
SLPS_010.81|Cellophanes||セロファーンズ
SCPS_100.13|Center Shiken Trial: Eigo no Tetsujin||センター試験トライアル 英語の鉄人
SLES_016.64|Centipede||
SLES_019.00|Centipede||
SLUS_008.07|Centipede||
SCED_019.92|Cha Cha Special 04/99 Demo||
SLPS_024.22|Chakushin Melody da mon||着信メロディだもん
SLPS_028.47|Chakushin Melody da mon Gold||着信メロディだもん　ＧＯＬＤ
SLPS_025.56|Chakushin Melody da mon Volume. 2||着信メロディだもん　ｖｏｌｕｍｅ．２
SLPS_026.01|Chakushin Melody da mon Volume. 3||着信メロディだもん　ｖｏｌｕｍｅ．３
SLPS_027.07|Chakushin Melody da mon Volume. 4||着信メロディだもん　ｖｏｌｕｍｅ．４
SLPM_866.17|Champion Wrestler: Jikkyou Live||チャンピオンレスラー 実況ライブ
SLPS_002.37|Champion Wrestler: Jikkyou Live||チャンピオンレスラー 実況ライブ
SLES_027.75|Championship Bass||
SLPS_026.74|Championship Bass||チャンピオンシップバス
SLUS_010.84|Championship Bass||
SLES_036.34|Championship Manager Quiz||
SLES_032.52|Championship Motocross 2001 featuring Ricky Carmichael||
SLUS_012.30|Championship Motocross 2001 featuring Ricky Carmichael||
SLES_022.00|Championship Motocross featuring Ricky Carmichael||
SLUS_007.90|Championship Motocross featuring Ricky Carmichael||
SLED_023.85|Championship Motocross featuring Ricky Carmichael (Demo)||
SLES_034.27|Championship Surfer||
SLUS_012.16|Championship Surfer||
SLES_031.07|Chaos Break||
SLUS_031.07|Chaos Break||
SLPM_863.63|Chaos Break||カオスブレイク
SLPS_001.68|Chaos Control||カオス・コントロール
SLPS_028.62|Character Tkool||キャラクターツクール
SLPS_024.15|Charumera||チャルメラ
SLPS_030.31|Charumera||チャルメラ
SCES_028.12|Chase the Express (Disc 1)||
SCES_028.13|Chase the Express (Disc 1)||
SCES_028.14|Chase the Express (Disc 1)||
SCES_028.15|Chase the Express (Disc 1)||
SCPS_101.09|Chase the Express (Disc 1)||チェイス・ザ・エクスプレス（ディスク１）
SCPS_454.78|Chase the Express (Disc 1)||チェイス・ザ・エクスプレス（ディスク１）
SCES_128.12|Chase the Express (Disc 2)||
SCES_128.13|Chase the Express (Disc 2)||
SCES_128.14|Chase the Express (Disc 2)||
SCES_128.15|Chase the Express (Disc 2)||
SCPS_101.10|Chase the Express (Disc 2)||チェイス・ザ・エクスプレス（ディスク２）
SCPS_454.79|Chase the Express (Disc 2)||チェイス・ザ・エクスプレス（ディスク２）
PAPX_901.06|Chase the Express (Taikenban)||チェイス・ザ・エクスプレス（体験版）
PAPX_901.07|Chase the Express (Taikenban)||チェイス・ザ・エクスプレス（体験版）
PCPX_961.89|Chase the Express (Taikenban)||チェイス・ザ・エクスプレス（体験版）
SCES_028.16|Chase the Express: El Expreso de la Muerte (Disc 1)||
SCES_128.16|Chase the Express: El Expreso de la Muerte (Disc 2)||
SLES_029.17|Checkmate||
SLPS_012.51|Checkmate||チェックメイト
SLPS_031.36|Checkmate||チェックメイト
SLES_040.53|Checkmate II||
SLES_000.53|Cheesy||
SLPS_008.93|Cheesy||チージィ
SLUS_014.00|Chess||
SLPS_026.24|Chess 2000||チェス２０００
SLES_021.17|Chessmaster II||
SLUS_008.86|Chessmaster II||
SLES_035.82|Chi Vuol Essere Miliardario?||
SLES_039.17|Chi Vuol Essere Milionario? Seconda Edizione||
SLPS_018.34|Chibi Chara Game: Ginga Eiyuu Densetsu (Disc 1) (Go! Go! Casino) (Genteiban)||ちびキャラゲーム 銀河英雄伝説（ディスク１）
SLPS_020.25|Chibi Chara Game: Ginga Eiyuu Densetsu (Disc 1) (Go! Go! Casino) (Genteiban)||ちびキャラゲーム 銀河英雄伝説（ディスク１）
SLPS_018.35|Chibi Chara Game: Ginga Eiyuu Densetsu (Disc 2) (Let's Sugoroku) (Genteiban)||ちびキャラゲーム 銀河英雄伝説（ディスク２）
SLPS_020.26|Chibi Chara Game: Ginga Eiyuu Densetsu (Disc 2) (Let's Surogoku) (Genteiban)||ちびキャラゲーム 銀河英雄伝説（ディスク２）
SLPS_001.66|Chibi Maruko-chan: Maruko Enikki World||ちびまる子ちゃん まる子絵日記ワールド
SLES_031.88|Chicken Run||
SLES_032.85|Chicken Run||
SLUS_013.04|Chicken Run||
SLPS_019.26|Chiisana Kyojin Microman||小さな巨人　ミクロマン
SLPS_025.68|Chiisana Kyojin Microman||小さな巨人　ミクロマン
SLPS_027.50|Chiisana Oukoku Erutoria||小さな王国エルトリア
SLES_007.11|Chill||
SLED_011.94|Chill (Demo)||
SLES_022.97|China: The Forbidden City||
SLES_020.90|Chine: Intrigue dans la Cité Interdite||
SLPS_027.88|Chinmoku no Kantai: The Silent Service||沈黙の艦隊
SLPS_018.53|Chippoke Ralph no Daibouken: The Adventure of Little Ralph||ちっぽけラルフの大冒険
SLPM_804.33|Chippoke Ralph no Daibouken: The Adventure of Little Ralph (Taikenban)||ちっぽけラルフの大冒険（体験版）
SLPS_018.93|Chivas 1-2-3: Destiny! Unmei o Kaeru Mono!||シーバス１－２－３ ～ＤＥＳＴＩＮＹ！運命を変える者！～
SLES_020.79|Chocobo Racing||
SLUS_008.44|Chocobo Racing||
SLPS_019.51|Chocobo Racing: Genkai e no Road||チョコボレーシング　幻界へのロード
SLPS_025.22|Chocobo Racing: Genkai e no Road||チョコボレーシング　幻界へのロード
SLPS_914.38|Chocobo Racing: Genkai e no Road||チョコボレーシング　幻界へのロード
SLPS_025.20|Chocobo Stallion||チョコボスタリオン
SLPS_025.21|Chocobo Stallion||チョコボスタリオン
SLPS_012.34|Chocobo no Fushigi na Dungeon||チョコボの不思議なダンジョン
SCPS_453.71|Chocobo no Fushigi na Dungeon 2||チョコボの不思議なダンジョン２
SLPS_017.71|Chocobo no Fushigi na Dungeon 2||チョコボの不思議なダンジョン２
SLUS_008.14|Chocobo's Dungeon 2||
SLPS_034.00|Chocolate Kiss||チョコレート♪キッス
SLPS_002.42|Choro Q||チョロＱ
SLPS_007.10|Choro Q 2||チョロＱ２
SLPS_910.80|Choro Q 2||チョロＱ２
SLPS_012.44|Choro Q 3||チョロＱ３
SLPS_911.36|Choro Q 3||チョロＱ３
SLPM_802.13|Choro Q 3 (Taikenban)||チョロＱ３（体験版）
SLPS_011.40|Choro Q Jet: Rainbow Wings||チョロＱジェット レインボーウィングス
SLPS_025.69|Choro Q Jet: Rainbow Wings||チョロＱジェット レインボーウィングス
SLPS_014.36|Choro Q Marine: Q-Boat||チョロＱマリン　～Ｑボート～
SLPS_911.52|Choro Q Marine: Q-Boat||チョロＱマリン　～Ｑボート～
SLPM_802.27|Choro Q Marine: Q-Boat (Taikenban)||チョロＱマリン　～Ｑボート～（体験版）
SLPS_910.15|Choro Q Ver. 1.02||チョロＱ ＶＥＲ． １．０２
SLPM_869.02|Choro Q Wonderful!||チョロＱワンダフォー！
SLPS_022.05|Choro Q Wonderful!||チョロＱワンダフォー！
SLPM_868.73|Chou Aniki: Kyuukyoku Muteki Ginga Saikyou Otoko||超兄貴 ～究極無敵銀河最強男～
SLPS_001.83|Chou Aniki: Kyuukyoku Muteki Ginga Saikyou Otoko||超兄貴 ～究極無敵銀河最強男～
SLPM_800.13|Chou Aniki: Kyuukyoku Muteki Ginga Saikyou Otoko: Shotaiken Manual CD-ROM||超兄貴　究極無敵銀河最強男　初体験マニュアルＣＤ‐ＲＯＭ
SLPM_862.99|Chou Hatsumei Boy Kanipan: Hirameki Wonderland||超発明ＢＯＹカニパン ヒラメキ☆ワンダーランド
SLPS_020.05|Chou Jikuu Yousai Macross: Ai Oboete Imasu ka (Disc 1)||超時空要塞マクロス　愛・おぼえていますか（ディスク１）
SLPS_020.06|Chou Jikuu Yousai Macross: Ai Oboete Imasu ka (Disc 2)||超時空要塞マクロス　愛・おぼえていますか（ディスク２）
SLPS_024.90|Chou Jiryoku Senshi Microman: Generation 2000||超磁力戦士ミクロマン　ジェネレーション２０００
SLPS_009.35|Chou Kousoku Gran Doll||超光速グランドール
SLPS_008.69|Chou Kousoku Gran Doll (Disc 1) (Genteiban)||超光速グランドール（ディスク１）
SLPS_008.70|Chou Kousoku Gran Doll (Disc 2) (Tokusei Premium Disc) (Genteiban)||超光速グランドール（ディスク２）
SLPS_013.68|Chou Mashin Eiyuuden Wataru: Another Step||超魔神英雄伝ワタル　ＡＮＯＴＨＥＲ　ＳＴＥＰ
SLPS_021.23|Chou Nazo-ou||超謎王
SLPS_018.71|Chou Sentou Kyuugi Vanborg||超戦闘球技　ヴァンボーグ
SLPM_801.89|Chou Sentou Kyuugi Vanborg (Taikenban)||超戦闘球技　ヴァンボーグ（体験版）
SLPS_005.27|Choujin Gakuen: Gowcaizer||超人学園　ゴウカイザー
SLPM_803.96|Chouzetsu Daigirin '99-nen Natsu-ban||超絶　大技林 　’９９年夏版
SLPM_805.19|Chouzetsu Daigirin 2000-nen Fuyu-ban||超絶大技林　２０００年冬版
SLES_029.48|Chris Kamara's Street Soccer||
SCUS_947.00|Chronicles of the Sword (Disc 1)||
SLES_001.65|Chronicles of the Sword (Disc 1)||
SLES_001.66|Chronicles of the Sword (Disc 1)||
SLES_001.67|Chronicles of the Sword (Disc 1)||
SLES_001.91|Chronicles of the Sword (Disc 1)||
SLES_001.92|Chronicles of the Sword (Disc 1)||
SCUS_947.01|Chronicles of the Sword (Disc 2)||
SLES_101.65|Chronicles of the Sword (Disc 2)||
SLES_101.66|Chronicles of the Sword (Disc 2)||
SLES_101.67|Chronicles of the Sword (Disc 2)||
SLES_101.91|Chronicles of the Sword (Disc 2)||
SLES_101.92|Chronicles of the Sword (Disc 2)||
SCPS_454.47|Chrono Cross (Disc 1)||クロノ・クロス（ディスク１）
SLPM_873.95|Chrono Cross (Disc 1)||クロノ・クロス（ディスク１）
SLPS_023.64|Chrono Cross (Disc 1)||クロノ・クロス（ディスク１）
SLPS_027.77|Chrono Cross (Disc 1)||クロノ・クロス（ディスク１）
SLPS_914.64|Chrono Cross (Disc 1)||クロノ・クロス（ディスク１）
SLUS_010.41|Chrono Cross (Disc 1)||
SCPS_454.48|Chrono Cross (Disc 2)||クロノ・クロス（ディスク２）
SLPM_873.96|Chrono Cross (Disc 2)||クロノ・クロス（ディスク２）
SLPS_023.65|Chrono Cross (Disc 2)||クロノ・クロス（ディスク２）
SLPS_027.78|Chrono Cross (Disc 2)||クロノ・クロス（ディスク２）
SLPS_914.65|Chrono Cross (Disc 2)||クロノ・クロス（ディスク２）
SLUS_010.80|Chrono Cross (Disc 2)||
SLPM_873.74|Chrono Trigger||クロノ・トリガー
SLPS_024.30|Chrono Trigger||クロノ・トリガー
SLPS_914.46|Chrono Trigger||クロノ・トリガー
SLES_022.96|Cina: Crimini nella Città Proibita||
SLES_041.48|Cindy's Caribbean Holiday||
SLES_041.47|Cindy's Fashion World||
SLPM_865.65|Cinema Eikaiwa Series Dai-1-dan: Tengoku ni Ikenai Papa (Disc 1) (Joukan)||シネマ英会話　「天国に行けないパパ」（ディスク１）
SLPS_018.13|Cinema Eikaiwa Series Dai-1-dan: Tengoku ni Ikenai Papa (Disc 1) (Joukan)||シネマ英会話　「天国に行けないパパ」（ディスク１）
SLPM_865.66|Cinema Eikaiwa Series Dai-1-dan: Tengoku ni Ikenai Papa (Disc 2) (Chuukan)||シネマ英会話　「天国に行けないパパ」（ディスク２）
SLPS_018.14|Cinema Eikaiwa Series Dai-1-dan: Tengoku ni Ikenai Papa (Disc 2) (Chuukan)||シネマ英会話　「天国に行けないパパ」（ディスク２）
SLPM_865.67|Cinema Eikaiwa Series Dai-1-dan: Tengoku ni Ikenai Papa (Disc 3) (Gekan)||シネマ英会話　「天国に行けないパパ」（ディスク３）
SLPS_018.15|Cinema Eikaiwa Series Dai-1-dan: Tengoku ni Ikenai Papa (Disc 3) (Gekan)||シネマ英会話　「天国に行けないパパ」（ディスク３）
SLPM_865.54|Cinema Eikaiwa Series Dai-2-dan: Interceptor (Disc 1) (Joukan)||シネマ英会話　「インターセプター」（ディスク１）
SLPS_018.72|Cinema Eikaiwa Series Dai-2-dan: Interceptor (Disc 1) (Joukan)||シネマ英会話　「インターセプター」（ディスク１）
SLPM_865.55|Cinema Eikaiwa Series Dai-2-dan: Interceptor (Disc 2) (Chuukan)||シネマ英会話　「インターセプター」（ディスク２）
SLPS_018.73|Cinema Eikaiwa Series Dai-2-dan: Interceptor (Disc 2) (Chuukan)||シネマ英会話　「インターセプター」（ディスク２）
SLPM_865.56|Cinema Eikaiwa Series Dai-2-dan: Interceptor (Disc 3) (Gekan)||シネマ英会話　「インターセプター」（ディスク３）
SLPS_018.74|Cinema Eikaiwa Series Dai-2-dan: Interceptor (Disc 3) (Gekan)||シネマ英会話　「インターセプター」（ディスク３）
SLPM_865.51|Cinema Eikaiwa Series Dai-3-dan: Arashigaoka (Disc 1) (Joukan)||シネマ英会話　「嵐が丘」（ディスク１）
SLPS_019.54|Cinema Eikaiwa Series Dai-3-dan: Arashigaoka (Disc 1) (Joukan)||シネマ英会話　「嵐が丘」（ディスク１）
SLPM_865.52|Cinema Eikaiwa Series Dai-3-dan: Arashigaoka (Disc 2) (Chuukan)||シネマ英会話　「嵐が丘」（ディスク２）
SLPS_019.55|Cinema Eikaiwa Series Dai-3-dan: Arashigaoka (Disc 2) (Chuukan)||シネマ英会話　「嵐が丘」（ディスク２）
SLPM_865.53|Cinema Eikaiwa Series Dai-3-dan: Arashigaoka (Disc 3) (Gekan)||シネマ英会話　「嵐が丘」（ディスク３）
SLPS_019.56|Cinema Eikaiwa Series Dai-3-dan: Arashigaoka (Disc 3) (Gekan)||シネマ英会話　「嵐が丘」（ディスク３）
SLPM_865.68|Cinema Eikaiwa Series Dai-4-dan: Boy's Life (Disc 1)||シネマ英会話　「ボーイズ・ライフ」（ディスク１）
SLPS_020.16|Cinema Eikaiwa Series Dai-4-dan: Boy's Life (Disc 1)||シネマ英会話　「ボーイズ・ライフ」（ディスク１）
SLPM_865.69|Cinema Eikaiwa Series Dai-4-dan: Boy's Life (Disc 2)||シネマ英会話　「ボーイズ・ライフ」（ディスク２）
SLPS_020.17|Cinema Eikaiwa Series Dai-4-dan: Boy's Life (Disc 2)||シネマ英会話　「ボーイズ・ライフ」（ディスク２）
SLPM_865.70|Cinema Eikaiwa Series Dai-4-dan: Boy's Life (Disc 3)||シネマ英会話　「ボーイズ・ライフ」（ディスク３）
SLPS_020.18|Cinema Eikaiwa Series Dai-4-dan: Boy's Life (Disc 3)||シネマ英会話　「ボーイズ・ライフ」（ディスク３）
SLPM_865.71|Cinema Eikaiwa Series Dai-4-dan: Boy's Life (Disc 4)||シネマ英会話　「ボーイズ・ライフ」（ディスク４）
SLPS_020.19|Cinema Eikaiwa Series Dai-4-dan: Boy's Life (Disc 4)||シネマ英会話　「ボーイズ・ライフ」（ディスク４）
SLPM_865.57|Cinema Eikaiwa Series Dai-5-dan: Zombie (Disc 1)||シネマ英会話　「ゾンビ」（ディスク１）
SLPS_020.60|Cinema Eikaiwa Series Dai-5-dan: Zombie (Disc 1)||シネマ英会話　「ゾンビ」（ディスク１）
SLPM_865.58|Cinema Eikaiwa Series Dai-5-dan: Zombie (Disc 2)||シネマ英会話　「ゾンビ」（ディスク２）
SLPS_020.61|Cinema Eikaiwa Series Dai-5-dan: Zombie (Disc 2)||シネマ英会話　「ゾンビ」（ディスク２）
SLPM_865.59|Cinema Eikaiwa Series Dai-5-dan: Zombie (Disc 3)||シネマ英会話　「ゾンビ」（ディスク３）
SLPS_020.62|Cinema Eikaiwa Series Dai-5-dan: Zombie (Disc 3)||シネマ英会話　「ゾンビ」（ディスク３）
SLPM_865.60|Cinema Eikaiwa Series Dai-5-dan: Zombie (Disc 4)||シネマ英会話　「ゾンビ」（ディスク４）
SLPS_020.63|Cinema Eikaiwa Series Dai-5-dan: Zombie (Disc 4)||シネマ英会話　「ゾンビ」（ディスク４）
SLPM_862.41|Cinema Eikaiwa Series Dai-6-dan: Ai no Hate ni (Disc 1)||シネマ英会話　「愛の果てに」（ディスク１）
SLPM_865.61|Cinema Eikaiwa Series Dai-6-dan: Ai no Hate ni (Disc 1)||シネマ英会話　「愛の果てに」（ディスク１）
SLPM_862.42|Cinema Eikaiwa Series Dai-6-dan: Ai no Hate ni (Disc 2)||シネマ英会話　「愛の果てに」（ディスク２）
SLPM_865.62|Cinema Eikaiwa Series Dai-6-dan: Ai no Hate ni (Disc 2)||シネマ英会話　「愛の果てに」（ディスク２）
SLPM_862.43|Cinema Eikaiwa Series Dai-6-dan: Ai no Hate ni (Disc 3)||シネマ英会話　「愛の果てに」（ディスク３）
SLPM_865.63|Cinema Eikaiwa Series Dai-6-dan: Ai no Hate ni (Disc 3)||シネマ英会話　「愛の果てに」（ディスク３）
SLPM_862.44|Cinema Eikaiwa Series Dai-6-dan: Ai no Hate ni (Disc 4)||シネマ英会話　「愛の果てに」（ディスク４）
SLPM_865.64|Cinema Eikaiwa Series Dai-6-dan: Ai no Hate ni (Disc 4)||シネマ英会話　「愛の果てに」（ディスク４）
SLPM_803.91|Cinema Eikaiwa Series: Tengoku ni Ikenai Papa (Taikenban)||ＣＩＮＥＭＡ　英会話シリーズ　天国に行けないパパ（体験版）
SCPS_100.77|Circadia (Disc 1)||サーカディア（ディスク１）
SCPS_100.78|Circadia (Disc 2)||サーカディア（ディスク２）
PAPX_900.73|Circadia (Taikenban)||サーカディア（体験版）
PCPX_961.38|Circadia (Taikenban)||サーカディア（体験版）
PCPX_961.40|Circadia (Taikenban)||サーカディア（体験版）
SLPS_003.11|Circuit Beat||サーキット・ビート
SLES_007.53|Circuit Breakers||
SLUS_006.97|Circuit Breakers||
SLED_014.03|Circuit Breakers (Demo/Add-On Disc) (Demo)||
SLPS_003.61|City Bravo!||シティーブラボー！
SLPS_021.66|City Bravo!||シティーブラボー！
SLPS_024.21|City Bravo! Business-hen||シティーブラボー！　～ビジネス編～
SLES_017.94|Civilization II||
SLES_017.95|Civilization II||
SLES_017.96|Civilization II||
SLES_017.97|Civilization II||
SLES_017.98|Civilization II||
SLPS_017.35|Civilization II||シヴィライゼーションⅡ
SLUS_007.92|Civilization II||
SLPS_006.18|Civizard: Majutsu no Keifu||シヴィザード　魔術の系譜
SLPS_001.60|Classic Road||クラシックロード
SLPS_910.12|Classic Road||クラシックロード
SLPS_020.39|Classic Road 2||クラシックロード２
SLPS_013.25|Classic Road: Yuushun 2||クラシックロード　優駿２
SLES_039.35|Cleopatra Fortune||
SLPS_031.87|Cleopatra Fortune||クレオパトラ フォーチュン
SLUS_014.91|Cleopatra's Fortune||
SLPM_804.82|Click Manga (Taikenban)||クリックまんが（体験版）
SLPS_023.54|Click Manga: Click no Hi||クリックまんが　クリックの日
SLPS_021.31|Click Manga: Dynamic Robot Taisen 1: Shutsugeki! Kyoui no Robot Gundan!!||クリックまんが　ダイナミックロボット大戦①　出撃！驚異のロボット軍！！
SLPS_024.07|Click Manga: Dynamic Robot Taisen 2: Kyoufu! Akuma Zoku Fukkatsu||クリックまんが　ダイナミック・ロボット大戦②　～恐怖！悪魔族復活～
SLPS_021.28|Click Manga: Ginga Eiyuu Densetsu 1: Eien no Yoru no Naka de||クリックまんが　銀河英雄伝説１　永遠の夜の中で
SLPS_023.53|Click Manga: Ginga Eiyuu Densetsu 2: Iserlohn Kouryaku||クリックまんが　銀河英雄伝説２　イゼルローン攻略
SLPS_021.30|Click Manga: Opera-za no Kaijin||クリックまんが　オペラ座の怪人
SLPS_018.38|Click Medic||クリック　メディック
SLES_008.70|Clock Tower||
SLES_008.71|Clock Tower||
SLES_008.72|Clock Tower||
SLUS_005.39|Clock Tower||
SLPS_006.57|Clock Tower 2||クロックタワー２
SLPS_910.56|Clock Tower 2||クロックタワー２
SLPM_800.62|Clock Tower 2 (Taikenban)||クロックタワー２（体験版）
SLPM_800.63|Clock Tower 2 (Taikenban)||クロックタワー２（体験版）
SLUS_006.95|Clock Tower II: The Struggle Within||
SLPS_012.90|Clock Tower: Ghost Head||クロックタワー　～ゴーストヘッド～
SLPM_802.19|Clock Tower: Ghost Head (Taikenban)||クロックタワー　～ゴーストヘッド～（体験版）
SLPS_009.17|Clock Tower: The First Fear||クロック・タワー　～ザ・ファースト・フィアー～
SLPS_003.87|ClockWerx||クロックワークス
SLPS_015.69|Cocktail Harmony||カクテルハーモニー
SLUS_900.91|Codemasters Demo CD||
SLED_028.09|Codemasters Demo Disk (Demo)||
SLED_030.94|Codemasters Q3 2000 Demo (Demo)||
SCUS_944.09|Codename: Tenka||
SCES_021.51|Cold Blood (Disc 1)||
SCES_121.51|Cold Blood (Disc 2)||
SCUS_944.74|Colin McRae Rally||
SLES_004.77|Colin McRae Rally||
SLES_012.04|Colin McRae Rally||
SLED_013.80|Colin McRae Rally (Demo)||
SLED_013.81|Colin McRae Rally (Demo)||
SLED_013.88|Colin McRae Rally (Demo)||
SLES_026.05|Colin McRae Rally 2.0||
SLUS_012.22|Colin McRae Rally 2.0||
SLPS_019.38|Colin McRae: The Rally||コリン・マクレー ザ・ラリー
SLPS_028.49|Colin McRae: The Rally||コリン・マクレー ザ・ラリー
SLPM_803.80|Colin McRae: The Rally (Taikenban)||コリン・マクレー ザ・ラリー（体験版）
SLPS_028.78|Colin McRae: The Rally 02||コリン・マクレー ザ・ラリー２
SLUS_001.96|College Slam||
SLED_000.91|Colony Wars (Demo)||
SLES_008.60|Colony Wars (Disc 1)||
SLES_008.61|Colony Wars (Disc 1)||
SLES_008.62|Colony Wars (Disc 1)||
SLES_008.63|Colony Wars (Disc 1)||
SLES_008.64|Colony Wars (Disc 1)||
SLPS_014.03|Colony Wars (Disc 1)||コロニー・ウォーズ（ディスク１）
SLUS_005.43|Colony Wars (Disc 1)||
SLES_108.60|Colony Wars (Disc 2)||
SLES_108.61|Colony Wars (Disc 2)||
SLES_108.62|Colony Wars (Disc 2)||
SLES_108.63|Colony Wars (Disc 2)||
SLES_108.64|Colony Wars (Disc 2)||
SLPS_014.04|Colony Wars (Disc 2)||コロニー・ウォーズ（ディスク２）
SLUS_005.54|Colony Wars (Disc 2)||
SLPM_803.04|Colony Wars (Taikenban)||コロニー・ウォーズ（体験版）
SCES_026.24|Colony Wars: El Sol Rojo||
SCES_019.24|Colony Wars: Red Sun||
SCES_026.21|Colony Wars: Red Sun||
SCES_026.22|Colony Wars: Red Sun||
SCES_026.23|Colony Wars: Red Sun||
SLUS_008.66|Colony Wars: Red Sun||
SLES_013.92|Colony Wars: Vengeance||
SLES_014.05|Colony Wars: Vengeance||
SLES_014.06|Colony Wars: Vengeance||
SLES_014.07|Colony Wars: Vengeance||
SLES_014.08|Colony Wars: Vengeance||
SLUS_007.22|Colony Wars: Vengeance||
SLED_014.71|Colony Wars: Vengeance (Demo)||
SLPS_027.94|Colorful Logic||カラフル ロジック
SLPS_031.15|Colorful Logic 2||カラフル　ロジック２
SLPS_032.39|Colorful Logic 3||カラフルロジック３
SLPS_019.04|Combat Choro Q||コンバットチョロＱ
SLPM_865.15|Combi Mahjong Awase uchi with Maboroshi Tsukiyo Characters||コンビ麻雀　あわせうち　ｗｉｔｈ「まぼろし月夜」キャラクターズ
SLPS_014.29|Combination Pro Soccer: J.League no Kantoku ni Natte Sekai o Mezase!||コンビネーションプロサッカー　～Ｊリーグの監督になって世界をめざせ！～
SLPM_804.02|Comic Bom Bom: Digimon World Premium Disc||コミックボンボン　デジモンワールド　ＰＲＥＭＩＵＭ　ＤＩＳＣ
SLPM_805.36|Comic Bom Bom: Special Movie Disc||コミックボンボン　スペシャルムービーディスク
SLED_006.52|Command & Conquer (Demo)||
SLES_005.30|Command & Conquer (Disc 1) (GDI)||
SLES_005.31|Command & Conquer (Disc 1) (GDI)||
SLUS_003.79|Command & Conquer (Disc 1) (GDI)||
SLES_105.30|Command & Conquer (Disc 2) (NOD)||
SLES_105.31|Command & Conquer (Disc 2) (NOD)||
SLUS_004.10|Command & Conquer (Disc 2) (NOD)||
SLPS_009.76|Command & Conquer Complete (Disc 1) (GDI)||コマンド＆コンカー　コンプリート（ディスク１）
SLPS_009.77|Command & Conquer Complete (Disc 2) (NOD)||コマンド＆コンカー　コンプリート（ディスク２）
SLPM_802.22|Command & Conquer Complete (Taikenban)||コマンド＆コンカー　コンプリート（体験版）
SLED_012.70|Command & Conquer: Alarmstufe Rot & Bloody Roar (Demo)||
SLES_010.07|Command & Conquer: Alarmstufe Rot (Disc 1)||
SLES_110.07|Command & Conquer: Alarmstufe Rot (Disc 2)||
SLES_013.45|Command & Conquer: Alarmstufe Rot: Gegenschlag (Disc 1) (Die Alliierten)||
SLES_113.45|Command & Conquer: Alarmstufe Rot: Gegenschlag (Disc 2) (Die Sowjets)||
SLED_010.67|Command & Conquer: Alerte Rouge (Demo)||
SLES_010.06|Command & Conquer: Alerte Rouge (Disc 1) (Alliés)||
SLES_110.06|Command & Conquer: Alerte Rouge (Disc 2) (Soviétiques)||
SLES_013.44|Command & Conquer: Alerte Rouge: Mission Tesla (Disc 1) (Alliés)||
SLES_113.44|Command & Conquer: Alerte Rouge: Mission Tesla (Disc 2) (Soviétiques)||
SLES_009.49|Command & Conquer: Red Alert (Disc 1) (Allies)||
SLUS_004.31|Command & Conquer: Red Alert (Disc 1) (Allies)||
SLES_109.49|Command & Conquer: Red Alert (Disc 2) (Soviet)||
SLUS_004.85|Command & Conquer: Red Alert (Disc 2) (Soviet)||
SLED_012.55|Command & Conquer: Red Alert / Bloody Roar (Demo)||
SLES_013.43|Command & Conquer: Red Alert: Retaliation (Disc 1) (Allies)||
SLUS_006.65|Command & Conquer: Red Alert: Retaliation (Disc 1) (Allies)||
SLES_113.43|Command & Conquer: Red Alert: Retaliation (Disc 2) (Soviet)||
SLUS_006.67|Command & Conquer: Red Alert: Retaliation (Disc 2) (Soviet)||
SLED_006.95|Command & Conquer: Teil 1: Der Tiberiumkonflikt (Demo)||
SLES_005.32|Command & Conquer: Teil 1: Der Tiberiumkonflikt (Disc 1) (GDI)||
SLES_105.32|Command & Conquer: Teil 1: Der Tiberiumkonflikt (Disc 2) (NOD)||
SLPS_008.17|Community Pom||こみゅにてぃ　ぽむ
SLPS_021.16|Community Pom: Omoide o Dakishimete||こみゅにてぃ ぽむ 想い出を抱きしめて
SLED_023.10|Compilation 01||
SLED_024.15|Compilation 02||
SLED_024.39|Compilation 03||
SLED_024.40|Compilation 04||
SLPS_010.62|Complete Soccer Onside||コンプリートサッカー　オンサイド
SLES_009.27|Constructor||
SLES_014.28|Constructor||
SCUS_942.94|Contender||
SCUS_943.80|Contender (Demo)||
SLUS_013.05|Contender 2||
SLES_006.08|Contra: Legacy of War||
SLUS_002.88|Contra: Legacy of War||
SCES_005.68|Cool Boarders||
SCUS_943.56|Cool Boarders||
SLPS_004.56|Cool Boarders||クールボーダーズ
SLPS_910.31|Cool Boarders||クールボーダーズ
SCES_009.92|Cool Boarders 2||
SCUS_943.58|Cool Boarders 2||
SCUS_945.97|Cool Boarders 2001||
SCUS_946.25|Cool Boarders 2001 (Demo)||
SCPS_451.03|Cool Boarders 2: Killing Session||クールボーダーズ２　～キリングセッション～
SLPM_801.43|Cool Boarders 2: Killing Session||クールボーダーズ２　～キリングセッション～
SLPS_009.67|Cool Boarders 2: Killing Session||クールボーダーズ２　～キリングセッション～
SCES_016.15|Cool Boarders 3||
SCUS_942.51|Cool Boarders 3||
SLPS_016.98|Cool Boarders 3||クールボーダーズ３
SCUS_943.74|Cool Boarders 3 (Demo)||
SLPM_803.45|Cool Boarders 3 (Taikenban)||クールボーダーズ３（体験版）
SCES_022.83|Cool Boarders 4||
SCUS_945.59|Cool Boarders 4||
SLPS_025.27|Cool Boarders 4||クールボーダーズ４
SCUS_943.88|Cool Boarders 4 (Demo)||
SLPM_805.39|Cool Boarders 4 (Taikenban)||クールボーダーズ４（体験版）
SLPS_004.99|Cooly Skunk||クーリー・スカンク
SLPS_024.64|Cooly Skunk||クーリー・スカンク
SLES_012.69|Copa del Mundo: Francia '98||
LSP08023.001|Cosmic Cookoff: Language Arts||
LSP08024.001|Cosmic Cookoff: Mathematics||
SLPS_000.09|Cosmic Race||コズミック・レース
SLPM_864.84|Cosmowarrior Zero||コスモウォーリアー零
SLPS_025.04|Countdown Vampires (Disc 1)||カウントダウン　ヴァンパイヤーズ（ディスク１）
SLUS_008.98|Countdown Vampires (Disc 1)||
SLPS_025.05|Countdown Vampires (Disc 2)||カウントダウン　ヴァンパイヤーズ（ディスク２）
SLUS_011.99|Countdown Vampires (Disc 2)||
SLES_012.66|Coupe du Monde 98||
SLES_003.26|Courier Crisis: The Saga of the Modern Fatalist||
SLPS_011.28|Courier Crisis: The Saga of the Modern Fatalist||クーリエ・クライシス
SLUS_004.42|Courier Crisis: The Saga of the Modern Fatalist||
SLUS_011.51|Covert Ops: Nuclear Dawn (Disc 1)||
SLUS_011.57|Covert Ops: Nuclear Dawn (Disc 2)||
SLPS_011.26|Cowboy Bebop||カウボーイビバップ
SLPS_032.58|Cowboy Bebop||カウボーイビバップ
PAPX_900.10|Crash Bandicoot||クラッシュ・バンディクー
SCES_003.44|Crash Bandicoot||
SCPS_100.31|Crash Bandicoot||クラッシュ・バンディクー
SCPS_450.26|Crash Bandicoot||クラッシュ・バンディクー
SCPS_910.57|Crash Bandicoot||クラッシュ・バンディクー
SCPS_913.04|Crash Bandicoot||クラッシュ・バンディクー
SCUS_949.00|Crash Bandicoot||
SCES_009.67|Crash Bandicoot 2: Cortex Strikes Back||
SCUS_941.54|Crash Bandicoot 2: Cortex Strikes Back||
SCPS_100.47|Crash Bandicoot 2: Cortex no Gyakushuu!||クラッシュ・バンディクー２　～コルテックスの逆襲！～
SCPS_451.80|Crash Bandicoot 2: Cortex no Gyakushuu!||クラッシュ・バンディクー２　～コルテックスの逆襲！～
SCPS_910.92|Crash Bandicoot 2: Cortex no Gyakushuu!||クラッシュ・バンディクー２　～コルテックスの逆襲！～
SCPS_913.09|Crash Bandicoot 2: Cortex no Gyakushuu!||クラッシュ・バンディクー２　～コルテックスの逆襲！～
PCPX_960.98|Crash Bandicoot 2: Cortex no Gyakushuu! (Taikenban)||クラッシュ・バンディクー２　～コルテックスの逆襲！～（体験版）
SCPS_100.73|Crash Bandicoot 3: Buttobi! Sekai Isshuu||クラッシュ・バンディクー３　～ブッとび！世界一周～
SCPS_453.50|Crash Bandicoot 3: Buttobi! Sekai Isshuu||クラッシュ・バンディクー３　～ブッとび！世界一周～
SCPS_911.64|Crash Bandicoot 3: Buttobi! Sekai Isshuu||クラッシュ・バンディクー３　～ブッとび！世界一周～
SCPS_913.18|Crash Bandicoot 3: Buttobi! Sekai Isshuu||クラッシュ・バンディクー３　～ブッとび！世界一周～
PAPX_900.70|Crash Bandicoot 3: Buttobi! Sekai Isshuu (Taikenban)||クラッシュバンディクー３　ブッとび！　世界一周（体験版）
PCPX_961.45|Crash Bandicoot 3: Buttobi! Sekai Isshuu (Taikenban)||クラッシュバンディクー３　ブッとび！　世界一周（体験版）
SCES_014.20|Crash Bandicoot 3: Warped||
SCPS_101.40|Crash Bandicoot Carnival||クラッシュ・バンディクー カーニバル
SCPS_913.19|Crash Bandicoot Carnival||クラッシュ・バンディクー カーニバル
PAPX_901.09|Crash Bandicoot Carnival (Taikenban)||クラッシュ・バンディクー　カーニバル（体験版）
PCPX_962.02|Crash Bandicoot Carnival (Taikenban)||クラッシュ・バンディクー　カーニバル（体験版）
SCPS_101.18|Crash Bandicoot Racing||クラッシュ・バンディクー　レーシング
SCPS_454.70|Crash Bandicoot Racing||クラッシュ・バンディクー　レーシング
SCPS_913.28|Crash Bandicoot Racing||クラッシュ・バンディクー　レーシング
PCPX_961.83|Crash Bandicoot Racing (Taikenban)||クラッシュ・バンディクー　レーシング（体験版）
SCUS_942.44|Crash Bandicoot: Warped||
SCUS_942.89|Crash Bandicoot: Warped (Demo)||
SCES_028.34|Crash Bash||
SCUS_945.70|Crash Bash||
SCUS_946.54|Crash Bash & Spyro: Year of the Dragon (Demo)||
SCUS_946.16|Crash Bash (Demo)||
SLPS_025.82|Crazy Climber 2000||クレイジー・クライマー２０００
LSP13011.001|Creative Camp||
LSP13012.001|Creative Isle||
LSP90510.901|Creative Journey||
LSP90709.701|Creative Voyage||
SLPS_001.20|Creature Shock (Disc 1)||クリーチャーショック（ディスク１）
SLPS_001.21|Creature Shock (Disc 2)||クリーチャーショック（ディスク２）
SLES_036.90|Creatures||
SLUS_014.38|Creatures||
SLES_041.11|Creatures: Raised in Space||
SLUS_015.53|Creatures: Raised in Space||
SLES_024.95|Cricket 2000||
SCPS_100.03|Crime Crackers||クライムクラッカーズ
SCPS_100.37|Crime Crackers 2||クライムクラッカーズ２
SLES_009.54|Crime Killer||
SLUS_005.76|Crime Killer||
SLED_010.85|Crime Killer (Demo)||
SLED_013.05|Crime Killer (Demo)||
SLUS_900.20|Crime Killer (Demo)||
SLES_027.93|Crisis Beat||
SLPS_014.30|Crisis Beat||クライシスビ―ト
SLPS_012.69|Crisis City||クライシス　シティ
SLPS_010.44|Critical Blow||クリティカルブロウ
SLES_001.36|Critical Depth||
SLUS_004.28|Critical Depth||
SLES_001.96|Criticom||
SLUS_000.46|Criticom||
SLPS_002.29|Criticom: The Critical Combat||クリティコム　～ザ・クリティカルコンバット～
SLES_020.88|Croc 2||
SLUS_006.34|Croc 2||
SLED_021.19|Croc 2 (Demo)||
SLUS_900.56|Croc 2 (Demo)||
SLPM_863.10|Croc Adventure||クロック・アドべンチャー
SLPM_804.73|Croc Adventure (Taikenban)||クロック・アドべンチャー（体験版）
SLPM_801.73|Croc! Pau-Pau Island||クロック！　パウパウアイランド
SLPS_010.55|Croc! Pau-Pau Island||クロック！　パウパウアイランド
SLES_005.93|Croc: Legend of the Gobbos||
SLUS_005.30|Croc: Legend of the Gobbos||
SLED_000.38|Croc: Legend of the Gobbos (Demo)||
SLPM_872.35|Croket! Kindan no Kinka Box!||コロッケ！ 禁断の禁貨ボックス！
SLPM_873.41|Croket! Kindan no Kinka Box!||コロッケ！ 禁断の禁貨ボックス！
SLPS_007.13|Cross Romance: Koi to Mahjong to Hanafuda to||クロス・ロマンス　恋と麻雀と花札と
SLPS_025.15|Cross Romance: Koi to Mahjong to Hanafuda to||クロス・ロマンス　恋と麻雀と花札と
SLPM_862.80|Cross Tantei Monogatari (Disc 1)||クロス探偵物語（ディスク１）
SLPM_862.81|Cross Tantei Monogatari (Disc 2)||クロス探偵物語（ディスク２）
SLPM_804.61|Cross Tantei Monogatari (Taikenban)||クロス探偵物語（体験版）
SLPM_866.39|Cross Tantei Monogatari 1: Kouhen||クロス探偵物語１　～後編～
SLPM_866.38|Cross Tantei Monogatari 1: Zenpen||クロス探偵物語１ ～前編～
SLUS_013.42|Crossroad Crisis||
SLES_005.87|Crusader: No Remorse||
SLES_005.88|Crusader: No Remorse||
SLES_005.89|Crusader: No Remorse||
SLUS_002.68|Crusader: No Remorse||
SLES_025.82|Crusaders of Might and Magic||
SLES_025.83|Crusaders of Might and Magic||
SLES_025.84|Crusaders of Might and Magic||
SLES_026.91|Crusaders of Might and Magic||
SLES_026.92|Crusaders of Might and Magic||
SLUS_007.99|Crusaders of Might and Magic||
SLES_002.92|Crypt Killer||
SLUS_003.35|Crypt Killer||
SLPS_010.26|Cu-On-Pa||クオンパ
SLPM_801.42|Cu-On-Pa (Taikenban)||クオンパ（体験版）
SLES_037.29|Cubix Robots for Everyone: Race 'n Robots||
SLUS_014.22|Cubix Robots for Everyone: Race 'n Robots||
SLPM_804.51|Culdcept: Cepter's Guild Vol. 1||カルドセプト　セプターズギルド　Ｖｏｌ．１
SLPM_804.77|Culdcept: Cepter's Guild Vol. 2||カルドセプト　セプターズギルド　Ｖｏｌ．２
SLPM_862.23|Culdcept: Expansion||カルドセプト エキスパンション
SLPM_866.58|Culdcept: Expansion Plus||カルドセプト　エキスパンション・プラス
SLPS_017.11|Curiosity Kills the Cat? Koukishin wa Neko o Korosu ka||好奇心は猫を殺すか
SLPS_018.64|Cyber Daisenryaku: Shutsugeki! Haruka-tai||サイバー大戦略　出撃！はるか隊
SLPS_010.48|Cyber Egg: Battle Champion||サイバーエッグ　バトルチャンピオン
SLPS_019.10|Cyber Org||サイバーオーグ
SCES_000.06|Cyber Sled||
SLPS_000.23|Cyber Sled||サイバースレッド
SLUS_000.08|Cyber Sled||
SLES_001.14|CyberSpeed||
SLPM_800.34|CyberSpeed||サイバー・スピード
SLPS_003.96|CyberSpeed||サイバー・スピード
SLUS_001.16|CyberSpeed||
SLES_023.70|CyberTiger||
SLES_023.71|CyberTiger||
SLUS_010.04|CyberTiger||
SLPS_010.11|Cyberbots: Fullmetal Madness||サイバーボッツ　－ＦＵＬＬＭＥＴＡＬ　ＭＡＤＮＥＳＳ－
SLES_002.33|Cyberia||
SLES_002.72|Cyberia||
SLPS_002.18|Cyberia||サイベリア
SLUS_000.53|Cyberia||
SLPS_019.12|Cybernetic Empire (Disc 1)||サイバネティック　エンパイア（ディスク１）
SLPS_019.13|Cybernetic Empire (Disc 2)||サイバネティック　エンパイア（ディスク２）
SLPS_000.55|Cyberwar (Disc 1)||サイバーウォー（ディスク１）
SLPS_000.56|Cyberwar (Disc 2)||サイバーウォー（ディスク２）
SLPS_000.57|Cyberwar (Disc 3)||サイバーウォー（ディスク３）
SLES_000.65|D (Disc 1)||
SLES_001.60|D (Disc 1)||
SLES_001.61|D (Disc 1)||
SLUS_001.28|D (Disc 1)||
SLES_100.65|D (Disc 2)||
SLES_101.60|D (Disc 2)||
SLES_101.61|D (Disc 2)||
SLUS_001.73|D (Disc 2)||
SLES_200.65|D (Disc 3)||
SLES_201.60|D (Disc 3)||
SLES_201.61|D (Disc 3)||
SLUS_001.74|D (Disc 3)||
SLPS_001.33|D no Shokutaku: Complete Graphics (Disc 1)||Ｄの食卓 コンプリートグラフィックス（ディスク１）
SLPS_910.72|D no Shokutaku: Complete Graphics (Disc 1)||Ｄの食卓 コンプリートグラフィックス（ディスク１）
SLPS_001.34|D no Shokutaku: Complete Graphics (Disc 2)||Ｄの食卓 コンプリートグラフィックス（ディスク２）
SLPS_910.73|D no Shokutaku: Complete Graphics (Disc 2)||Ｄの食卓 コンプリートグラフィックス（ディスク２）
SLPS_001.35|D no Shokutaku: Complete Graphics (Disc 3)||Ｄの食卓 コンプリートグラフィックス（ディスク３）
SLPS_910.74|D no Shokutaku: Complete Graphics (Disc 3)||Ｄの食卓 コンプリートグラフィックス（ディスク３）
SLPM_805.58|D-1 Grand Prix (Taikenban)||ディーワングランプリ（体験版）
SLES_010.40|DBZ: Dead Ball Zone||
SLUS_006.58|DBZ: Dead Ball Zone||
SLES_034.02|DSF Fußball Manager 2001||
SLES_038.64|DSF Fußball Manager 2002||
SLPM_869.08|DX Hyakunin Isshu||ＤＸ百人一首
SLPS_029.43|DX Monopoly||ＤＸモノポリー
SLPS_005.70|DX Nippon Tokkyuu Ryokou Game: Let's Travel in Japan||ＤＸ日本特急旅行ゲーム
SLPS_910.54|DX Nippon Tokkyuu Ryokou Game: Let's Travel in Japan||ＤＸ日本特急旅行ゲーム
SLPS_015.86|DX Okuman Chouja Game II: The Money Battle||ＤＸ億万長者ゲームⅡ　ＴＨＥ　ＭＯＮＥＹ　ＢＡＴＴＬＥ
SLPS_025.66|DX Okuman Chouja Game II: The Money Battle||ＤＸ億万長者ゲームⅡ　ＴＨＥ　ＭＯＮＥＹ　ＢＡＴＴＬＥ
SLPS_006.23|DX Okuman Chouja Game: The Money Battle||ＤＸ億万長者ゲーム　～ＴＨＥ　ＭＯＮＥＹ　ＢＡＴＴＬＥ～
SLPS_910.46|DX Okuman Chouja Game: The Money Battle||ＤＸ億万長者ゲーム　～ＴＨＥ　ＭＯＮＥＹ　ＢＡＴＴＬＥ～
SLPS_021.05|DX Shachou Game||ＤＸ社長ゲーム
SLPS_030.71|DX Shachou Game||ＤＸ社長ゲーム
SLPS_024.06|Dai-2-Ji Super Robot Taisen||第２次スーパー・ロボット大戦
SLPM_871.56|Dai-2-kai! Quiz Darake no Jinsei Game||第２回！　クイズだらけの人生ゲーム
SLPM_873.46|Dai-2-kai! Quiz Darake no Jinsei Game||第２回！　クイズだらけの人生ゲーム
SLPS_025.30|Dai-3-Ji Super Robot Taisen||第３次スーパーロボット大戦
SLPS_001.96|Dai-4-Ji Super Robot Taisen S||第４次スーパーロボット大戦Ｓ
SLPS_910.14|Dai-4-Ji Super Robot Taisen S||第４次スーパーロボット大戦Ｓ
SLPS_008.13|Daibouken Deluxe: Haruka naru Umi||大冒険Ｄｅｌｕｘｅ　～遥かなる海～
SLPM_863.09|Daikoukai Jidai Gaiden||大航海時代外伝
SLPS_010.21|Daikoukai Jidai Gaiden||大航海時代外伝
SLPM_862.03|Daikoukai Jidai II||大航海時代Ⅱ
SLPS_006.56|Daikoukai Jidai II||大航海時代Ⅱ
SLPM_863.82|Daikoukai Jidai IV: Porto Estado||大航海時代Ⅳ　～ポルトエシュタード～
SLPM_869.96|Daikoukai Jidai IV: Porto Estado||大航海時代Ⅳ　～ポルトエシュタード～
SLPM_864.31|Daikoukai Jidai IV: Porto Estado (Shokai Genteiban)||大航海時代Ⅳ　～ポルトエシュタード～
SLPS_014.11|Daiobake Yashiki: Hamamura Jun no Jitsuwa Kaidan||大幽霊屋敷　～浜村　淳の実話怪談～
SLPS_021.60|Daiobake Yashiki: Hamamura Jun no Jitsuwa Kaidan||大幽霊屋敷　～浜村　淳の実話怪談～
SLPM_802.59|Daiobake Yashiki: Hamamura Jun no Jitsuwa Kaidan (Taikenban)||大幽霊屋敷　～浜村　淳の実話怪談～（体験版）
SLPS_016.99|Daisenryaku: Master Combat||大戦略 Ｍａｓｔｅｒ Ｃｏｍｂａｔ
SLPS_028.55|Daisenryaku: Master Combat||大戦略 Ｍａｓｔｅｒ Ｃｏｍｂａｔ
SLPS_002.99|Daisenryaku: Player's Spirit||大戦略 プレイヤーズスピリット
SLPS_911.78|Daisenryaku: Player's Spirit||大戦略 プレイヤーズスピリット
SLPS_006.34|Dakar '97||ダカール　′９７
SLES_040.61|Dalmatians 2||
SLPS_011.35|DamDam Stompland||ダムダム・ストンプランド
SLPM_801.70|DamDam Stompland (Taikenban)||ダムダム・ストンプランド（体験版）
SLPM_862.22|Dance Dance Revolution|Konami|ダンス ダンス レボリューション
SLUS_012.80|Dance Dance Revolution|Konami|
SLPM_862.52|Dance Dance Revolution 2nd Remix|Konami|ダンスダンスレボリューション セカンドリミックス
SCPS_454.56|Dance Dance Revolution 2nd Remix: Append Club Version Vol. 1|Konami|ダンスダンスレボリューション　セカンドリミックス　アペンドクラブバージョンｖｏｌ．１
SLPM_863.70|Dance Dance Revolution 2nd Remix: Append Club Version Vol. 1|Konami|ダンスダンスレボリューション　セカンドリミックス　アペンドクラブバージョンｖｏｌ．１
SLPM_863.99|Dance Dance Revolution 2nd Remix: Append Club Version Vol. 2|Konami|ダンスダンスレボリューション　セカンドリミックス　アペンドクラブバージョンｖｏｌ．２
SLPM_865.03|Dance Dance Revolution 3rd Mix|Konami|ダンスダンスレボリューション サードミックス
SLPM_867.52|Dance Dance Revolution 4th Mix|Konami|ダンスダンスレボリューションフォースミックス
SLPM_868.97|Dance Dance Revolution 5th Mix|Konami|ダンスダンスレボリューションフィフスミックス
SLUS_014.46|Dance Dance Revolution Kona Mix|Konami|
SLPM_866.93|Dance Dance Revolution: Best Hits|Konami|ダンスダンスレボリューション ベストヒッツ
SLUS_012.81|Dance Dance Revolution: Disney Mix|Konami|
SLPM_866.67|Dance Dance Revolution: Disney's Rave|Konami|ダンス・ダンス・レボリューション　～ディズニーズ・レイブ～
SLPM_868.31|Dance Dance Revolution: Extra Mix|Konami|ダンスダンスレボリューションエクストラミックス
SLES_041.29|Dance Europe||
SLPM_861.50|Dance! Dance! Dance!||ダンス！　ダンス！　ダンス！
SLPM_803.48|Dance! Dance! Dance! (Taikenban)||ダンス！　ダンス！　ダンス！（体験版）
SLES_041.21|Dance:UK||
SLES_041.61|Dance:UK eXtra Trax||
SLPM_862.10|Dancing Blade Katte ni Momotenshi II: Tears of Eden (Disc 1)||ｄａｎｃｉｎｇ ｂｌａｄｅ かってに桃天使ＩＩ ～Ｔｅａｒｓ ｏｆ Ｅｄｅｎ～（ディスク１）
SLPM_862.11|Dancing Blade Katte ni Momotenshi II: Tears of Eden (Disc 2)||ｄａｎｃｉｎｇ ｂｌａｄｅ かってに桃天使ＩＩ ～Ｔｅａｒｓ ｏｆ Ｅｄｅｎ～（ディスク２）
SLPM_862.12|Dancing Blade Katte ni Momotenshi II: Tears of Eden (Disc 3)||ｄａｎｃｉｎｇ ｂｌａｄｅ かってに桃天使ＩＩ ～Ｔｅａｒｓ ｏｆ Ｅｄｅｎ～（ディスク３）
SLPM_861.00|Dancing Blade Katte ni Momotenshi! (Disc 1)||ｄａｎｃｉｎｇ ｂｌａｄｅ かってに桃天使！（ディスク１）
SLPM_861.01|Dancing Blade Katte ni Momotenshi! (Disc 2)||ｄａｎｃｉｎｇ ｂｌａｄｅ かってに桃天使！（ディスク２）
SLPM_861.02|Dancing Blade Katte ni Momotenshi! (Disc 3)||ｄａｎｃｉｎｇ ｂｌａｄｅ かってに桃天使！（ディスク３）
SLES_040.97|Dancing Stage Fever||
SLES_041.63|Dancing Stage Fusion||
SLPM_865.05|Dancing Stage featuring Dreams Come True||ダンシングステージ フィーチャリング ドリームズ・カム・トゥルー
SLPM_864.11|Dancing Stage featuring True Kiss Destination||ダンシング・ステージ ｆｅａｔｕｒｉｎｇ Ｔｒｕｅ Ｋｉｓｓ Ｄｅｓｔｉｎａｔｉｏｎ
SLES_033.84|Dancing Stage: Disney Mix||
SLES_029.41|Dancing Stage: Euromix||
SLES_038.82|Dancing Stage: Party Edition||
SLPS_026.09|Dangan||ＤＡＮＧＡＮ～弾丸～
SLES_031.98|Danger Girl||
SLUS_008.81|Danger Girl||
SLPS_010.25|Dare Devil Derby 3D||デア・デビル・ダービー
SLUS_003.00|Dare Devil Derby 3D||
SLPS_005.74|Darius Gaiden||ダライアス外伝
SLPM_800.54|Darius Gaiden (Taikenban)||ダライアス外伝（体験版）
SLPS_007.89|Dark Hunter Ge: Youma no Mori||ダークハンター㊦　～妖魔の森～
SLPS_007.73|Dark Hunter Jou: Ijigen Gakuen||ダークハンター㊤　～異次元学園～
SLPS_014.22|Dark Messiah||ダーク・メサイア
SLPS_009.38|Dark Seed II||ダーク・シードⅡ
SLPS_023.16|Dark Tales: From the Lost Soul||ダークテイルズ
SLES_006.63|Darklight Conflict||
SLUS_004.57|Darklight Conflict||
SLPS_001.08|Darkseed||ダークシード
SLES_017.19|Darkstalkers 3||
SLUS_007.45|Darkstalkers 3||
SLES_002.51|Darkstalkers: The Night Warriors||
SLUS_000.36|Darkstalkers: The Night Warriors||
SLES_006.12|Darkstone||
SLES_034.47|Darkstone||
SLUS_011.82|Darkstone||
SCED_033.58|Das Dschungelbuch: Groove Party (Demo)||
SLES_015.98|Das Grab des Pharao||
SLES_027.40|Dave Mirra Freestyle BMX||
SLES_032.49|Dave Mirra Freestyle BMX||
SLPM_866.82|Dave Mirra Freestyle BMX||デイヴ・ミラ　フリースタイルＢＭＸ
SLUS_010.26|Dave Mirra Freestyle BMX||
SLED_031.15|Dave Mirra Freestyle BMX (Demo)||
SLUS_810.26|Dave Mirra Freestyle BMX (Trade Demo)||
SLES_033.71|Dave Mirra Freestyle BMX: Maximum Remix||
SLUS_013.47|Dave Mirra Freestyle BMX: Maximum Remix||
SLES_034.88|David Beckham Soccer||
SLES_036.82|David Beckham Soccer||
SLUS_014.55|David Beckham Soccer||
SLES_000.96|Davis Cup Complete Tennis||
SCES_021.50|De Sang Froid (Disc 1)||
SCES_121.50|De Sang Froid (Disc 2)||
SLUS_006.93|Dead in the Water||
SCES_012.59|Dead or Alive||
SCPS_451.90|Dead or Alive||デッド オア アライブ
SLPS_012.89|Dead or Alive||デッド オア アライブ
SLUS_006.06|Dead or Alive||
SCED_013.72|Dead or Alive (Demo)||
SLUS_806.06|Dead or Alive (Trade Demo)||
SLPS_002.67|Deadheat Road||デッドヒート・ロード
SLPS_010.36|Deadly Skies||デッドリースカイ
SLPS_004.89|Death Wing||デス・ウィング
SLPS_002.25|DeathMask (Disc 1)||デスマスク（ディスク１）
SLPS_002.26|DeathMask (Disc 2)||デスマスク（ディスク２）
SLPS_002.27|DeathMask (Disc 3)||デスマスク（ディスク３）
SLPS_012.29|Debut 21||デビュー２１
SLUS_010.67|Deception III: Dark Delusion||
SLPM_804.78|Deco Pre 2 '99 (Taikenban)||デコプレ２’９９（体験版）
SLPM_801.74|Deco Pre 97-98: Data East Taikenban Special||デコプレ　９７～９８　～データイースト体験版スペシャル～（体験版）
SLPS_018.17|Deep Freeze||ディープフリーズ
SLPS_006.60|Deep Sea Adventure: Kaitei-kyuu Pantarassa no Nazo (Disc 1)||ディープシーアドベンチャー　～海底宮パンタラッサの謎～（ディスク１）
SLPS_022.06|Deep Sea Adventure: Kaitei-kyuu Pantarassa no Nazo (Disc 1)||ディープシーアドベンチャー　～海底宮パンタラッサの謎～（ディスク１）
SLPS_006.61|Deep Sea Adventure: Kaitei-kyuu Pantarassa no Nazo (Disc 2)||ディープシーアドベンチャー　～海底宮パンタラッサの謎～（ディスク２）
SLPS_022.07|Deep Sea Adventure: Kaitei-kyuu Pantarassa no Nazo (Disc 2)||ディープシーアドベンチャー　～海底宮パンタラッサの謎～（ディスク２）
SLPM_800.91|Deep Sea Adventure: Kaitei-kyuu Pantarassa no Nazo (Taikenban)||ディープシーアドベンチャー　～海底宮パンタラッサの謎～（体験版）
SLES_000.81|Defcon 5||
SLES_001.46|Defcon 5||
SLES_001.47|Defcon 5||
SLES_001.48|Defcon 5||
SLES_001.49|Defcon 5||
SLPS_002.75|Defcon 5||デフコン５
SLUS_000.09|Defcon 5: Peace Has a Price...||
SLPS_008.53|Defeat Lightning||ディフィート・ライトニング
SCES_021.74|Defi au Tetris Magique||
SLPS_008.64|Deka Yonku: Tough the Truck||デカ４駆　～タフ・ザ・トラック～
SLPS_018.10|Dekiru! Game Center||できる！　ゲームセンター
SLES_038.90|Delta Force Urban Warfare||
SLES_039.19|Delta Force Urban Warfare||
SLES_039.52|Delta Force Urban Warfare||
SLUS_014.29|Delta Force Urban Warfare||
SLED_017.25|Demo Codemasters||
SLED_022.46|Demo Codemasters||
SCED_024.17|Demo Disc||
SCES_000.64|Demo One||
SCES_001.21|Demo One||
SCES_000.48|Demo One (Version 1)||
SCES_001.20|Demo One (Version 2)||
SCES_002.38|Demo One (Version 3)||
SCED_004.56|Demo One (Version 4)||
SCED_004.57|Demo One (Version 4)||
PBPX_950.01|Demo One (Version 5)||
PBPX_950.07|Demo One (Version 6)||
PBPX_950.08|Demo One (Version 7)||
PCPX_960.03|DemoDemo PlayStation Soukan-gou Vol. 1||ＤｅｍｏＤｅｍｏ　プレイステーション　創刊号　Ｖｏｌ．１
PCPX_960.15|DemoDemo PlayStation Special||ＤｅｍｏＤｅｍｏ　プレイステーション　ＳＰＥＣＩＡＬ
PCPX_960.14|DemoDemo PlayStation Vol. 10||ＤｅｍｏＤｅｍｏ　プレイステーション　Ｖｏｌ．１０
PCPX_960.16|DemoDemo PlayStation Vol. 11||ＤｅｍｏＤｅｍｏ　プレイステーション　Ｖｏｌ．１１
PCPX_960.18|DemoDemo PlayStation Vol. 12||ＤｅｍｏＤｅｍｏ　プレイステーション　Ｖｏｌ．１２
PCPX_960.19|DemoDemo PlayStation Vol. 13||ＤｅｍｏＤｅｍｏ　プレイステーション　Ｖｏｌ．１３
PCPX_960.21|DemoDemo PlayStation Vol. 14||ＤｅｍｏＤｅｍｏ　プレイステーション　Ｖｏｌ．１４
PCPX_960.22|DemoDemo PlayStation Vol. 15||ＤｅｍｏＤｅｍｏ　プレイステーション　Ｖｏｌ．１５
PCPX_960.25|DemoDemo PlayStation Vol. 16||ＤｅｍｏＤｅｍｏ　プレイステーション　Ｖｏｌ．１６
PCPX_960.26|DemoDemo PlayStation Vol. 17||ＤｅｍｏＤｅｍｏ　プレイステーション　Ｖｏｌ．１７
PCPX_960.27|DemoDemo PlayStation Vol. 18||ＤｅｍｏＤｅｍｏ　プレイステーション　Ｖｏｌ．１８
PCPX_960.32|DemoDemo PlayStation Vol. 19||ＤｅｍｏＤｅｍｏ　プレイステーション　Ｖｏｌ．１９
PCPX_960.05|DemoDemo PlayStation Vol. 2||ＤｅｍｏＤｅｍｏ　プレイステーション　Ｖｏｌ．２
PCPX_960.36|DemoDemo PlayStation Vol. 20||ＤｅｍｏＤｅｍｏ　プレイステーション　Ｖｏｌ．２０
PCPX_960.38|DemoDemo PlayStation Vol. 21||ＤｅｍｏＤｅｍｏ　プレイステーション　Ｖｏｌ．２１
PCPX_960.42|DemoDemo PlayStation Vol. 22||ＤｅｍｏＤｅｍｏ　プレイステーション　Ｖｏｌ．２２
PCPX_960.06|DemoDemo PlayStation Vol. 3||ＤｅｍｏＤｅｍｏ　プレイステーション　Ｖｏｌ．３
PCPX_960.07|DemoDemo PlayStation Vol. 4||ＤｅｍｏＤｅｍｏ　プレイステーション　Ｖｏｌ．４
PCPX_960.08|DemoDemo PlayStation Vol. 5||ＤｅｍｏＤｅｍｏ　プレイステーション　Ｖｏｌ．５
PCPX_960.09|DemoDemo PlayStation Vol. 6||ＤｅｍｏＤｅｍｏ　プレイステーション　Ｖｏｌ．６
PCPX_960.10|DemoDemo PlayStation Vol. 7||ＤｅｍｏＤｅｍｏ　プレイステーション　Ｖｏｌ．７
PCPX_960.11|DemoDemo PlayStation Vol. 8||ＤｅｍｏＤｅｍｏ　プレイステーション　Ｖｏｌ．８
PCPX_960.13|DemoDemo PlayStation Vol. 9||ＤｅｍｏＤｅｍｏ　プレイステーション　Ｖｏｌ．９
SLES_020.18|Demolition Racer||
SLUS_009.69|Demolition Racer||
SLPS_012.15|Dengeki Construction: Ochigee Yarou ze!||電撃コンストラクション　～落ちゲーやろうぜ！～
SLPM_800.71|Dengeki PlayStation D||電撃プレイステーションＤ
SLPM_802.81|Dengeki PlayStation D10||電撃プレイステーションＤ１０
SLPM_803.27|Dengeki PlayStation D11||電撃プレイステーションＤ１１
PAPX_900.60|Dengeki PlayStation D11: Yarudora Series Vol. 3: Sampaguita (Taikenban)||電撃プレイステーションＤ１１　サンパギータ（体験版）
SLPM_803.43|Dengeki PlayStation D12||電撃プレイステーションＤ１２
SLPM_803.62|Dengeki PlayStation D13||電撃プレイステーションＤ１３
SLPM_803.31|Dengeki PlayStation D14||電撃プレイステーションＤ１４
SLPM_803.88|Dengeki PlayStation D15||電撃プレイステーションＤ１５
SLPM_803.99|Dengeki PlayStation D16||電撃プレイステーションＤ１６
SLPM_804.18|Dengeki PlayStation D17||電撃プレイステーションＤ１７
SLPM_804.12|Dengeki PlayStation D18||電撃プレイステーションＤ１８
SLPM_804.25|Dengeki PlayStation D19||電撃プレイステーションＤ１９
SLPM_801.09|Dengeki PlayStation D2||電撃プレイステーションＤ２
SLPM_804.38|Dengeki PlayStation D20||電撃プレイステーションＤ２０
SLPM_804.57|Dengeki PlayStation D21||電撃プレイステーションＤ２１
PCPX_961.59|Dengeki PlayStation D21 SCE Special||電撃プレイステーションＤ２１　ＳＣＥ　スペシャル
SLPM_804.71|Dengeki PlayStation D22||電撃プレイステーションＤ２２
SLPM_804.81|Dengeki PlayStation D23||電撃プレイステーションＤ２３
SLPM_804.96|Dengeki PlayStation D24||電撃プレイステーションＤ２４
SLPM_804.97|Dengeki PlayStation D25||電撃プレイステーションＤ２５
SLPM_805.05|Dengeki PlayStation D26||電撃プレイステーションＤ２６
SLPM_805.16|Dengeki PlayStation D27||電撃プレイステーションＤ２７
SLPM_805.26|Dengeki PlayStation D28||電撃プレイステーションＤ２８
SLPM_805.45|Dengeki PlayStation D29||電撃プレイステーションＤ２９
SLPM_801.30|Dengeki PlayStation D3||電撃プレイステーションＤ３
SLPM_805.47|Dengeki PlayStation D30||電撃プレイステーションＤ３０
SLPM_805.55|Dengeki PlayStation D31||電撃プレイステーションＤ３１
SLPM_805.57|Dengeki PlayStation D32||電撃プレイステーションＤ３２
SLPM_805.62|Dengeki PlayStation D33||電撃プレイステーションＤ３３
SLPM_805.69|Dengeki PlayStation D34||電撃プレイステーションＤ３４
SLPM_805.74|Dengeki PlayStation D35||電撃プレイステーションＤ３５
SLPM_805.78|Dengeki PlayStation D36||電撃プレイステーションＤ３６
SLPM_805.82|Dengeki PlayStation D37||電撃プレイステーションＤ３７
SLPM_805.89|Dengeki PlayStation D38||電撃プレイステーションＤ３８
SLPM_806.03|Dengeki PlayStation D39||電撃プレイステーションＤ３９
SLPM_801.57|Dengeki PlayStation D4||電撃プレイステーションＤ４
SLPM_806.07|Dengeki PlayStation D41||電撃プレイステーションＤ４１
SLPM_806.11|Dengeki PlayStation D42||電撃プレイステーションＤ４２
SLPM_806.12|Dengeki PlayStation D43||電撃プレイステーションＤ４３
SLPM_806.15|Dengeki PlayStation D44||電撃プレイステーションＤ４４
SLPM_806.18|Dengeki PlayStation D45||電撃プレイステーションＤ４５
SLPM_801.86|Dengeki PlayStation D5||電撃プレイステーションＤ５
SLPM_802.14|Dengeki PlayStation D6||電撃プレイステーションＤ６
SLPM_803.09|Dengeki PlayStation D7||電撃プレイステーションＤ７
SLPM_802.57|Dengeki PlayStation D8||電撃プレイステーションＤ８
PCPX_961.16|Dengeki PlayStation D8: Yarudora: Double Cast (Taikenban)||電撃プレイステーションＤ８　やるドラ　ダブルキャスト（体験版）
SLPM_802.66|Dengeki PlayStation D9||電撃プレイステーションＤ９
SLPM_805.13|Dengeki PlayStation D: Konami Fanbook||電撃プレイステーションＤ　～コナミ・ファンブック～
SLPS_028.51|Denkou Sekka Micro Runner: Maniac Hakase no Hisaku||電光石火ミクロランナー　～マニアック博士の秘策～
SLPS_914.29|Denkou Sekka Micro Runner: Maniac Hakase no Hisaku||電光石火ミクロランナー　～マニアック博士の秘策～
SLPS_012.87|Denpa Shounen-teki Game||電波少年的ゲーム
SLPS_004.81|Densetsu no Ogre Battle||伝説のオウガバトル
SLPS_910.83|Densetsu no Ogre Battle||伝説のオウガバトル
SLPS_022.97|Densetsu-juu no Ana: Monster Complete World Ver. 2||伝説獣の穴　モンスターコンプリワールド　Ｖｅｒ．２
SLPS_017.53|Densha Daisuki: Plarail ga Ippai||電車だいすき　プラレールがいっぱい
SLPM_862.63|Densha de Go!||電車でＧＯ！
SLPS_011.50|Densha de Go!||電車でＧＯ！
SLPM_801.66|Densha de Go! (Taikenban)||電車でＧＯ！（体験版）
SLPM_861.42|Densha de Go! 2||電車でＧＯ！２
SLPM_866.15|Densha de Go! 2||電車でＧＯ！２
SLPM_861.41|Densha de Go! 2||電車でＧＯ！２
SLPM_803.46|Densha de Go! 2 (Demo)||電車でＧＯ！２
SLPM_804.06|Densha de Go! 2 (Taikenban)||電車でＧＯ！２（体験版）
SLPM_864.24|Densha de Go! Nagoya Tetsudou-hen||電車でＧＯ！名古屋鉄道編
SLPM_805.21|Densha de Go! Nagoya Tetsudou-hen (Taikenban)||電車でＧＯ！　～名古屋鉄道編～（体験版）
SLPM_863.78|Densha de Go! Professional Shiyou||電車でＧＯ！　プロフェッショナル仕様
SLPM_867.05|Densha de Go! Professional Shiyou||電車でＧＯ！　プロフェッショナル仕様
SLPM_805.11|Densha de Go! Professional Shiyou (Taikenban)||電車でＧＯ！　プロフェッショナル仕様（体験版）
SCPS_180.03|Depth||Ｄｅｐｔｈ
SLPS_031.31|Derby Jockey 2001||ダービージョッキー２００１
SLPS_006.16|Derby Jockey R||ダービージョッキーＲ
SLPM_805.38|Derby Stallion Magazine 2000 Vol. 1||ダビスタ・マガジン２０００　ｖｏｌ．１
SLPM_805.59|Derby Stallion Magazine 2000 Vol. 2||ダビスタ・マガジン２０００　Ｖｏｌ．２
SLPM_803.78|Derby Stallion Magazine Furoku CD-ROM Soushuu-hen||ダビスタマガジン 付録ＣＤ－ＲＯＭ 総集編
SLPM_801.77|Derby Stallion Magazine Furoku CD-ROM Vol. 1||ダビスタマガジン 付録ＣＤ－ＲＯＭ Ｖｏｌ．１
SLPM_802.88|Derby Stallion Magazine Furoku CD-ROM Vol. 10||ダビスタマガジン 付録ＣＤ－ＲＯＭ Ｖｏｌ．１０
SLPM_803.15|Derby Stallion Magazine Furoku CD-ROM Vol. 11||ダビスタマガジン 付録ＣＤ－ＲＯＭ Ｖｏｌ．１１
SLPM_803.34|Derby Stallion Magazine Furoku CD-ROM Vol. 12||ダビスタマガジン 付録ＣＤ－ＲＯＭ Ｖｏｌ．１２
SLPM_801.98|Derby Stallion Magazine Furoku CD-ROM Vol. 2||ダビスタマガジン 付録ＣＤ－ＲＯＭ Ｖｏｌ．２
SLPM_802.11|Derby Stallion Magazine Furoku CD-ROM Vol. 3||ダビスタマガジン 付録ＣＤ－ＲＯＭ Ｖｏｌ．３
SLPM_802.21|Derby Stallion Magazine Furoku CD-ROM Vol. 4||ダビスタマガジン 付録ＣＤ－ＲＯＭ Ｖｏｌ．４
SLPM_803.07|Derby Stallion Magazine Furoku CD-ROM Vol. 5||ダビスタマガジン 付録ＣＤ－ＲＯＭ Ｖｏｌ．５
SLPM_802.35|Derby Stallion Magazine Furoku CD-ROM Vol. 6||ダビスタマガジン 付録ＣＤ－ＲＯＭ Ｖｏｌ．６
SLPM_802.49|Derby Stallion Magazine Furoku CD-ROM Vol. 7||ダビスタマガジン 付録ＣＤ－ＲＯＭ Ｖｏｌ．７
SLPM_802.61|Derby Stallion Magazine Furoku CD-ROM Vol. 8||ダビスタマガジン 付録ＣＤ－ＲＯＭ Ｖｏｌ．８
SLPM_802.80|Derby Stallion Magazine Furoku CD-ROM Vol. 9||ダビスタマガジン 付録ＣＤ－ＲＯＭ Ｖｏｌ．９
SLPS_001.80|Deroon Dero Dero||でろ～んでろでろ
SLES_000.55|Descent||
SLPS_002.12|Descent||ディセント
SLUS_000.37|Descent||
SLES_005.58|Descent 2||
SLUS_004.60|Descent Maximum||
SLPS_006.02|Deserted Island||デザーテッドアイランド
SCES_017.68|Destrega||
SCES_017.69|Destrega||
SCES_017.70|Destrega||
SCES_017.71|Destrega||
SCES_017.72|Destrega||
SLPS_015.91|Destrega||デストレーガ
SLUS_007.32|Destrega||
SLPM_803.10|Destrega (Taikenban)||デストレーガ（体験版）
SCES_000.08|Destruction Derby||
SCUS_943.02|Destruction Derby||
SIPS_600.01|Destruction Derby||デストラクション・ダービー
SCUS_943.50|Destruction Derby 2||
SIPS_600.12|Destruction Derby 2||デストラクション・ダービー２
SLES_002.99|Destruction Derby 2||
SCES_020.60|Destruction Derby Raw||
SLUS_009.12|Destruction Derby Raw||
SLUS_900.79|Destruction Derby Raw (Demo)||
SLUS_900.92|Destruction Derby Raw (Demo)||
SLES_040.73|Destructo 2||
SLPM_860.54|Detana Twinbee Yahoo! Deluxe Pack||出たな ツインビーヤッホー！　ＤＥＬＵＸＥ　ＰＡＣＫ
SLPS_001.00|Detana Twinbee Yahoo! Deluxe Pack||出たな ツインビーヤッホー！　ＤＥＬＵＸＥ　ＰＡＣＫ
SLES_038.03|Detective Barbie: The Mystery Cruise||
SLUS_012.21|Detective Barbie: The Mystery Cruise||
SLES_041.30|Detective Mouse||
SLPS_018.89|Devicereign||デバイスレイン
SLUS_006.72|Devil Dice||
SCES_013.12|Devil Dice||
SLPS_022.75|Devil Man||デビルマン
SLPM_871.84|Devil Summoner: Soul Hackers (Disc 1)||デビル・サマナー　ソウル・ハッカーズ（ディスク１）
SLPS_019.21|Devil Summoner: Soul Hackers (Disc 1)||デビル・サマナー　ソウル・ハッカーズ（ディスク１）
SLPS_912.00|Devil Summoner: Soul Hackers (Disc 1)||デビル・サマナー　ソウル・ハッカーズ（ディスク１）
SLPM_871.85|Devil Summoner: Soul Hackers (Disc 2)||デビル・サマナー　ソウル・ハッカーズ（ディスク２）
SLPS_019.22|Devil Summoner: Soul Hackers (Disc 2)||デビル・サマナー　ソウル・ハッカーズ（ディスク２）
SLPS_912.01|Devil Summoner: Soul Hackers (Disc 2)||デビル・サマナー　ソウル・ハッカーズ（ディスク２）
SLES_008.48|Devil's Deception||
SCPS_454.36|DewPrism||デュープリズム
SLPM_874.02|DewPrism||デュープリズム
SLPS_023.30|DewPrism||デュープリズム
SLPS_914.55|DewPrism||デュープリズム
SLES_036.27|Dexter's Laboratory: Mandark's Lab?||
SLES_038.29|Dexter's Laboratory: Mandark's Lab?||
SLUS_014.21|Dexter's Laboratory: Mandark's Lab?||
SLPS_015.03|Dezaemon Kids!||デザエモンＫｉｄｓ！
SLPS_003.35|Dezaemon Plus||デザエモン・プラス
SLPS_015.04|Dezaemon Plus Select 100||デザエモン・プラス　セレクト１００
SLES_011.56|Diablo||
SLPS_014.16|Diablo||ディアブロ
SLUS_006.19|Diablo||
SLPS_025.23|Dice de Chocobo||ダイスＤＥチョコボ
SLES_033.20|Die Flintstones: Bedrock Bowling||
SLES_004.45|Die Hard Trilogy||
SLPS_005.85|Die Hard Trilogy||ダイ・ハード・トリロジー
SLUS_001.19|Die Hard Trilogy||
SLES_027.46|Die Hard Trilogy 2: Viva Las Vegas||
SLES_027.47|Die Hard Trilogy 2: Viva Las Vegas||
SLES_027.48|Die Hard Trilogy 2: Viva Las Vegas||
SLES_027.49|Die Hard Trilogy 2: Viva Las Vegas||
SLUS_010.15|Die Hard Trilogy 2: Viva Las Vegas||
SLES_035.88|Die Millionen Show||
SLES_005.74|Die Stadt der verlorenen Kinder||
SLPS_005.49|DigiCro: Digital Number Crossword||デジクロ　～デジタル・ナンバー・クロスワード～
SLPM_860.38|Digical League||デジカルリーグ
SLES_039.00|Digimon Digital Card Battle||
SLES_038.41|Digimon Rumble Arena||
SLUS_014.04|Digimon Rumble Arena||
SLES_029.14|Digimon World||
SLES_034.34|Digimon World||
SLES_034.35|Digimon World||
SLES_034.36|Digimon World||
SLES_034.37|Digimon World||
SLUS_010.32|Digimon World||
SLUS_011.93|Digimon World 2||
SLES_039.36|Digimon World 2003||
SLUS_014.36|Digimon World 3||
SLUS_013.28|Digimon: Digital Card Battle||
SLPS_033.57|DigimonTamers: Battle Evolution||デジモンテイマーズ　～バトル・エボリューション～
SLPS_032.11|DigimonTamers: PocketCulumon||デジモンテイマーズ　～ポケットクルモン～
SLPS_017.97|Digimon World||デジモンワールド
SLPS_028.44|Digimon World 2||デジモンワールド２
SLPS_034.46|Digimon World 3: Aratanaru Bouken no Tobira||デジモンワールド３　新たなる冒険の扉
SLPS_031.01|Digimon World: Digital Card Arena||デジモンワールド　デジタルカードアリーナ
SLPS_025.06|Digimon World: Digital Card Battle||デジモンワールド　デジタルカードバトル
SLPM_871.03|Digital Ehon Vol. 1: Imadoki no Momotarou||デジタルえほん　Ｖｏｌ．１　～いまどきのももたろう～
SLPM_871.04|Digital Ehon Vol. 2: Imadoki no Kaguya-hime||デジタル・えほん　Ｖｏｌ．２　～いまどきのかぐやひめ～
SLPM_871.05|Digital Ehon Vol. 3: Imadoki no Saru Kani||デジタルえほん　Ｖｏｌ．３　～いまどきのさるかに～
SLPM_871.06|Digital Ehon Vol. 4: Imadoki no Hanasaka Jiisan||デジタルえほん　Ｖｏｌ．４　いまどきの はなさかじいさん
SLPM_871.07|Digital Ehon Vol. 5: Imadoki no Urashima-tarou||デジタルえほん　Ｖｏｌ．５　～いまどきのうらしまたろう～
SLPS_014.81|Digital Figure Iina||デジタルフィギュア　イイナ
SLPS_022.76|Digital Glider Airman||デジタルグライダー エアマン
SLES_022.07|Dino Crisis|Capcom|
SLES_022.08|Dino Crisis|Capcom|
SLES_022.09|Dino Crisis|Capcom|
SLES_022.10|Dino Crisis|Capcom|
SLES_022.11|Dino Crisis|Capcom|
SLPM_869.03|Dino Crisis|Capcom|ディノ・クライシス
SLPS_021.80|Dino Crisis|Capcom|ディノ・クライシス
SLUS_009.22|Dino Crisis|Capcom|
SLUS_900.66|Dino Crisis (Demo)|Capcom|
SLES_032.21|Dino Crisis 2|Capcom|
SLES_032.22|Dino Crisis 2|Capcom|
SLES_032.23|Dino Crisis 2|Capcom|
SLES_032.24|Dino Crisis 2|Capcom|
SLES_032.25|Dino Crisis 2|Capcom|
SLPM_866.27|Dino Crisis 2|Capcom|ディノクライシス２
SLPM_872.34|Dino Crisis 2|Capcom|ディノクライシス２
SLUS_012.79|Dino Crisis 2|Capcom|
SLUS_900.87|Dino Crisis 2 (Demo)|Capcom|
SLPM_805.73|Dino Crisis 2 (Taikenban)|Capcom|ディノクライシス ２（体験版）
SLES_039.89|Dinomaster Party||
SLES_040.63|Dinosaurs||
SLPS_027.97|Dioramos||ディオラムス
SLPM_805.87|Dioramos (Taikenban)||ディオラムス（体験版）
SLPS_021.46|Dirt Champ Motocross No. 1||ダートチャンプ　モトクロスＮｏ．１
SLPM_805.01|Dirt Champ Motocross No. 1 (Taikenban)||ダートチャンプ　モトクロスＮｏ．１（体験版）
SLUS_015.52|Dirt Jockey: Heavy Equipment Operator||
SLPS_024.28|Disc Derby: Meiba o Tsukurou!!||ディスク・ダービー　～名馬をつくろう！！～
SLPM_801.69|Disc Station Bessatsu: I Miss You. Tanaka Katsumi||Ｄｉｓｃ　Ｓｔａｔｉｏｎ別冊　ｉ　ｍｉｓｓ　ｙｏｕ．　田中　勝己
SLPS_002.51|Discworld||ディスクワールド
SLPS_026.56|Discworld||ディスクワールド
SLED_011.09|Discworld II (Demo)||
SLES_007.93|Discworld II: Missing Presumed...!?||
SCUS_946.05|Discworld II: Mortality Bytes!||
SLES_007.94|Discworld II: Mortellement Votre||
SLES_007.95|Discworld II: Vermutlich vermisst...!?||
SLES_015.49|Discworld Noir||
SLES_020.63|Discworld Noir||
SLES_020.64|Discworld Noir||
SLED_026.04|Discworld Noir (Demo)||
SCES_008.94|Disney Action Game Disney Presenta Hercules||
SCES_030.04|Disney Aladdin: La Revanche de Nasira||
SCES_030.06|Disney Aladdin: La Vendetta di Nasira||
SCES_030.08|Disney Aladdin: La Venganza de Nasira||
SCES_035.37|Disney Atlantide: L'Empire Perdu||
SCED_036.37|Disney Atlantide: L'Empire Perdu (Demo)||
SCES_035.41|Disney Atlantis: El Imperio Perdido||
SCES_035.39|Disney Atlantis: L'Impero Perduto||
SCES_035.43|Disney Atlântida: O Continente Perdido||
SCES_037.15|Disney Aventuras de Peter Pan en el País de Nunca Jamás||
SLES_036.38|Disney Dingo Une Journée de Dingue!||
SLES_028.91|Disney Dinosaure||
SLES_028.93|Disney Dinosauri||
SLES_028.94|Disney Dinosaurio||
SCES_030.18|Disney El Emperador y sus Locuras||
SCES_039.41|Disney El Planeta del Tesoro||
SCES_020.04|Disney Fais Ton Histoire! Mulan||
SCES_039.40|Disney Il Pianeta del Tesoro||
SLES_032.71|Disney Il Re Leone: La Grande Avventura di Simba||
SCES_008.92|Disney Jeu d'Action Disney Présente Hercule||
SCES_008.95|Disney Juego de Acción Disney Presenta Hercules||
SCES_030.14|Disney Kuzco: L'Empereur Mégalo||
SCES_030.33|Disney La Petite Sirène 2||
SCES_039.38|Disney La Planète au Trésor||
SCES_030.35|Disney La Sirenetta II||
SCES_030.36|Disney La Sirenita 2||
SLES_036.41|Disney La Super-Diver Casa de Goofy||
SCES_030.16|Disney Le Follie dell'Imperatore||
SLES_039.65|Disney Learning: Mickey||
SLES_039.83|Disney Learning: Winnie the Pooh||
SCES_020.06|Disney Libro Animato Creativo: Mulan||
SCES_038.75|Disney Lilo & Stitch en Problemas en el Paraíso||
SCES_038.74|Disney Lilo & Stitch: Grossi Guai alle Hawaii||
SCES_038.72|Disney Lilo & Stitch: Ouragan sur Hawaï||
SCES_038.77|Disney Lilo & Stitch: Sarilhos no Paraíso||
SLES_030.99|Disney Pato Donald: Cuac Attack||
SCES_037.17|Disney Peter Pan: Aventuras na Terra do Nunca||
SCES_037.11|Disney Peter Pan: Aventures au Pays Imaginaire||
SCES_037.13|Disney Peter Pan: L'Avventura nell'Isola che non c'è||
SLES_036.40|Disney Pippo Giochi Pazzi||
SCES_037.49|Disney Pooh e Tigro! È Qui la Festa||
SLUS_012.10|Disney Presents Tigger's Honey Hunt||
SLUS_015.36|Disney Presents Tigger's Honey Hunt||
SCES_015.16|Disney Tarzan||
SCES_015.18|Disney Tarzan||
SCES_015.19|Disney Tarzan||
SLES_032.59|Disney Tigger tras un Bote de Miel||
SLES_032.58|Disney Tigro e la Caccia al Miele||
SLES_032.56|Disney Winnie l'Ourson: La Chasse au Miel de Tigrou||
SLES_032.69|Disney le Roi Lion: La Formidable Aventure de Simba||
SCES_037.48|Disney ¡Ven a la Fiesta! con Winnie the Pooh||
SLUS_015.74|Disney's 101 Dalmatians II: Patch's London Adventure||
SLES_031.89|Disney's 102 Dalmatians: Puppies to the Rescue||
SLES_031.90|Disney's 102 Dalmatians: Puppies to the Rescue||
SLES_031.91|Disney's 102 Dalmatians: Puppies to the Rescue||
SLUS_011.52|Disney's 102 Dalmatians: Puppies to the Rescue||
SCES_008.91|Disney's Action Game featuring Hercules||
SCES_008.96|Disney's Action Game met Hercules||
SCES_008.98|Disney's Action Spel med Herkules||
SCES_030.00|Disney's Aladdin in Nasira's Revenge||
SCUS_945.69|Disney's Aladdin in Nasira's Revenge||
SCES_030.02|Disney's Aladdin in Nasira's Wraak||
SCES_035.35|Disney's Atlantis: De Verzonken Stad||
SCES_035.42|Disney's Atlantis: En försvunnen varld||
SCES_035.33|Disney's Atlantis: The Lost Empire||
SCUS_946.36|Disney's Atlantis: The Lost Empire||
SCED_036.36|Disney's Atlantis: The Lost Empire (Demo)||
SCES_020.07|Disney's Aventura Interactiva: Mulan||
SCES_032.35|Disney's De Kleine Zeemeermin II||
SLES_032.68|Disney's De Leeuwenkoning: Simba's Machtige Avontuur||
SLES_028.64|Disney's Dinosaur||
SLUS_011.67|Disney's Dinosaur||
SLES_028.92|Disney's Dinosaurier||
SLPM_885.02|Disney's Donald Duck: Goin' Quackers||
SLUS_012.42|Disney's Donald Duck: Goin' Quackers||
SLES_030.95|Disney's Donald Duck: Quack Attack||
SLES_030.97|Disney's Donald Duck: Quack Attack||
SLES_030.98|Disney's Donald Duck: Quack Attack||
SLES_032.72|Disney's El Rey Leon: Las Aventuras del Poderoso Simba||
SLES_031.78|Disney's Goofy's Fun House||
SLES_036.39|Disney's Goofy's Fun House||
SLUS_012.09|Disney's Goofy's Fun House||
SLUS_005.29|Disney's Hercules Action Game||
SLUS_010.29|Disney's Hercules Action Game||
SCES_030.12|Disney's Keizer Kuzco||
SCUS_946.46|Disney's Lilo & Stitch||
SCES_038.76|Disney's Lilo & Stitch: Heisa op Hawaï||
SCES_038.71|Disney's Lilo & Stitch: Trouble in Paradise||
SCES_016.95|Disney's Mulan: Story Studio||
SCES_037.05|Disney's Party Time with Winnie the Pooh||
SCES_037.45|Disney's Party mit Winnie Puuh||
SCES_037.07|Disney's Peter Pan: Adventures in Never Land||
SCED_038.83|Disney's Peter Pan: Adventures in Never Land (Demo)||
SCES_037.09|Disney's Peter Pan: Avonturen in Nooitgedachtland||
SCES_039.42|Disney's Piratenplaneet: De Schat van Kapitein Flint||
SLUS_014.37|Disney's Pooh's Party Game: In Search of the Treasure||
SCES_037.46|Disney's Spelen met Winnie de Poeh en zijn Vriendjes!||
SLUS_010.38|Disney's Story Studio: Mulan||
SCES_014.31|Disney's Tarzan||
SCES_021.85|Disney's Tarzan||
SCUS_944.56|Disney's Tarzan||
SLPM_863.83|Disney's Tarzan||ターザン
SLUS_015.37|Disney's Tarzan||
SLES_032.60|Disney's Teigetjes Honingjacht||
SCES_030.10|Disney's The Emperor's New Groove||
SCUS_945.71|Disney's The Emperor's New Groove||
SLES_032.67|Disney's The Lion King: Simba's Mighty Adventure||
SLUS_012.82|Disney's The Lion King: Simba's Mighty Adventure||
SCES_030.32|Disney's The Little Mermaid II||
SLUS_012.86|Disney's The Little Mermaid II||
SLES_031.79|Disney's Tigger's Honey Hunt||
SCES_039.37|Disney's Treasure Planet||
SCUS_946.47|Disney's Treasure Planet||
SCES_022.64|Disney's Verhalenstudio: Mulan||
SCES_037.06|Disney's Winnie L'Ourson: C' Est La Recre!||
SLUS_015.13|Disney's Winnie the Pooh: Kindergarten||
SLUS_015.14|Disney's Winnie the Pooh: Preschool||
SLES_033.15|Disney-Pixar's Buzz Lightyear: Guardianes del Espacio||
SCES_014.89|Disney/Pixar A Bug's Life||
SCES_015.20|Disney/Pixar A Bug's Life||
SCUS_942.88|Disney/Pixar A Bug's Life||
SLPM_863.30|Disney/Pixar A Bug's Life||バグズ・ライフ
SLUS_015.38|Disney/Pixar A Bug's Life||
SCES_024.59|Disney/Pixar A Bug's Life: Atelier de Jeux||
SCES_020.14|Disney/Pixar A Bug's Life: Disney's Activity Centre||
SCES_024.60|Disney/Pixar A Bug's Life: Disneys Malen und Spielen||
SCES_015.22|Disney/Pixar A Bug's Life: Megaminimondo||
SCES_015.23|Disney/Pixar Bichos: Una Aventura en Miniatura||
SCES_024.61|Disney/Pixar Bottega dei Giochi: A Bug's Life Megaminimondo||
SLES_033.14|Disney/Pixar Buzz Lightyear da Comando Stellare||
SLES_033.10|Disney/Pixar Buzz Lightyear of Star Command||
SLUS_011.92|Disney/Pixar Buzz Lightyear of Star Command||
SLES_033.13|Disney/Pixar Captain Buzz Lightyear: Star Command||
SCES_015.21|Disney/Pixar Das grosse Krabbeln||
SCES_037.64|Disney/Pixar Die Monster AG: Schreckens-Insel||
SCES_015.25|Disney/Pixar Een Luizenleven||
SCES_015.26|Disney/Pixar Ett småkryps liv||
SCES_015.24|Disney/Pixar Græs-Rødderne||
SLES_033.12|Disney/Pixar Les Aventures de Buzz L'Éclair||
SCES_037.66|Disney/Pixar Monsterbedriften: Skrekkøya||
SCES_037.62|Disney/Pixar Monsterit Oy: Saikkysaari||
SCES_037.65|Disney/Pixar Monsters & Co.: L'Isola dello Spavento||
SCES_037.61|Disney/Pixar Monsters en Co.: Schrik Eiland||
SCES_037.69|Disney/Pixar Monsters, Inc.: Monstros e Companhia: Ilha Assustadora||
SCES_037.59|Disney/Pixar Monsters, Inc.: Scare Island||
SCED_038.11|Disney/Pixar Monsters, Inc.: Scare Island (Demo)||
SCUS_946.35|Disney/Pixar Monsters, Inc.: Scream Team||
SCES_037.68|Disney/Pixar Monsters, Inc.: Skrammarön||
SCES_037.60|Disney/Pixar Monsters, Inc.: Skræmmeøen||
SCES_037.63|Disney/Pixar Monstres & Cie: L'ile de l'Épouvante||
SCES_037.67|Disney/Pixar Monstruos, S.A.: Isla de los Sustos||
SCES_017.38|Disney/Pixar Små-kryp||
SLES_024.06|Disney/Pixar Toy Story 2: Buzz Lightyear eilt zur Hilfe!||
SLES_020.67|Disney/Pixar Toy Story 2: Buzz Lightyear to the Rescue!||
SLUS_008.93|Disney/Pixar Toy Story 2: Buzz Lightyear to the Rescue!||
SLED_024.16|Disney/Pixar Toy Story 2: Buzz Lightyear to the Rescue! (Demo)||
SLES_024.05|Disney/Pixar Toy Story 2: Buzz l'Eclair à la Rescousse!||
SLES_024.07|Disney/Pixar Toy Story 2: Woody e Buzz alla riscossa!||
SLES_024.08|Disney/Pixar Toy Story 2: ¡Buzz Lightyear al Rescate!||
SLES_033.96|Disney/Pixar Toy Story Racer||
SLES_033.97|Disney/Pixar Toy Story Racer||
SLES_033.98|Disney/Pixar Toy Story Racer||
SLUS_012.14|Disney/Pixar Toy Story Racer||
SCES_017.37|Disney/Pixar Ötökan elamaa||
SCES_030.03|Disneyn Aladdin: Nasiran Kosto||
SCES_035.36|Disneyn Atlantis: Kadonnut Kaupunki||
SCES_030.13|Disneyn Keisarin Uudet Kuviot||
SCES_037.10|Disneyn Peter Pan: Seikkailu Mika-Mika-Maassa||
SCES_021.84|Disneyn Tarzan||
SCES_008.97|Disneys Action Spil med Herkules||
SCES_030.07|Disneys Aladdin: Nasiras Hevn||
SCES_030.01|Disneys Aladdin: Nasiras Hævn||
SCES_030.05|Disneys Aladdin: Nasiras Rache||
SCES_030.09|Disneys Aladdin: Nasiras hamnd||
SCES_030.34|Disneys Arielle 2||
SCES_035.38|Disneys Atlantis: Das Geheimnis der verlorenen Stadt||
SCES_035.34|Disneys Atlantis: Det Forsvundne Rige||
SCES_035.40|Disneys Atlantis: En Forsvunnet Verden||
SLES_032.70|Disneys Der König der Löwen: Simbas großes Abenteuer||
SCES_039.39|Disneys Der Schatzplanet||
SCES_030.15|Disneys Ein Königreich für ein Lama||
SCES_030.17|Disneys Et Kongerike for en Lama||
SCES_008.93|Disneys Hercules Action-Spiel||
SCES_020.05|Disneys Interaktive Abenteuer: Mulan||
SCES_030.19|Disneys Kejsarens Nya Stil||
SCES_030.11|Disneys Kejserens Nye Flip||
SCES_038.79|Disneys Lilo & Stitch: Ballade på Hawaii!||
SCES_038.80|Disneys Lilo & Stitch: Hula Baluba!||
SCES_038.78|Disneys Lilo & Stitch: Trubbel i Paradiset||
SCES_038.73|Disneys Lilo & Stitch: Zoff auf Hawaii||
SCES_037.14|Disneys Peter Pan: Eventyr i Drømmeland||
SCES_037.08|Disneys Peter Pan: Eventyr på Ønskeøen||
SCES_037.12|Disneys Peter Pan: Rückkehr nach Nimmerland||
SCES_037.16|Disneys Peter Pan: Äventyr i landet Ingenstans||
SCES_037.47|Disneys Plys' Spil-og-Leg-Sted||
SCES_039.44|Disneys Skatteplaneten||
SCES_039.43|Disneys Skattkammarplaneten||
SCES_015.17|Disneys Tarzan||
SCES_021.81|Disneys Tarzan||
SCES_021.82|Disneys Tarzan||
SCES_021.83|Disneys Tarzan||
SLES_032.61|Disneys Tigerdyrets honningjagt||
SLES_032.57|Disneys Tiggers Honigjagd||
SLES_005.35|Disruptor||
SLES_005.64|Disruptor||
SLES_005.65|Disruptor||
SLPS_008.04|Disruptor||ディスラプター
SLUS_002.24|Disruptor||
SLED_005.94|Disruptor (Demo)||
SLES_015.35|Diver's Dream||
SLPS_013.64|DoDonPachi||怒首領蜂
SLPM_802.86|DoDonPachi (Taikenban)||怒首領蜂（体験版）
SLES_010.82|Dodgem Arena||
SLPS_015.59|Dokapon! Ikari no Tekken||ドカポン！　～怒りの鉄剣～
SLPS_911.90|Dokapon! Ikari no Tekken||ドカポン！　～怒りの鉄剣～
SLPM_802.94|Dokapon! Ikari no Tekken (Taikenban)||ドカポン！　～怒りの鉄剣～（体験版）
SLPS_014.54|Doki Doki On Air||ドキドキＯＮ　ＡＩＲ
SLPS_019.42|Doki Doki On Air 2||どきどき　ＯＮ　ＡＩＲ　２
SLPS_015.73|Doki Doki Poyatchio!!||どきどきポヤッチオ
SLPM_802.85|Doki Doki Poyatchio!! (Taikenban)||どきどきポヤッチオ（体験版）
SLPS_007.56|Doki Doki Pretty League||ドキドキプリティリーグ
SLPS_005.13|Doki Doki Pretty League (Shokai Genteiban)||ドキ・ドキ・プリティ・リーグ
SLPS_026.73|Doki Doki Pretty League: Lovely Star||ドキ・ドキ・プリティ・リーグ　－Ｌｏｖｅｌｙ　Ｓｔａｒ－
SLPS_015.07|Doki Doki Pretty League: Nekketsu Otome Seishunki (Disc 1)||ドキドキプリティリーグ 熱血乙女青春記（ディスク１）
SLPS_015.08|Doki Doki Pretty League: Nekketsu Otome Seishunki (Disc 2)||ドキドキプリティリーグ 熱血乙女青春記（ディスク２）
SLPS_015.09|Doki Doki Pretty League: Nekketsu Otome Seishunki (Disc 3)||ドキドキプリティリーグ 熱血乙女青春記（ディスク３）
SLPM_869.88|Doki Doki Shutter Chance: Koi no Puzzle o Kumitatete||どきどきシャッター・チャンス　～恋のパズルを組み立てて～
SLPS_010.38|Doki Doki Shutter Chance: Koi no Puzzle o Kumitatete||どきどきシャッター・チャンス　～恋のパズルを組み立てて～
SLPS_001.30|Dokiou-ki||土器王紀
SLPS_028.19|Doko Demo Hamster 2||どこでもハムスター２（ちゅ～）
SLPS_032.50|Doko Demo Hamster 4: Doki Doki Sugoroku Daibouken!||どこでもハムスター４　ドキドキすごろく大冒険！
SLPS_033.56|Doko Demo Hamster: Bi! Click Tankentai||どこでもハムスター　～びっ！クリック探検隊～
SCPM_850.06|Doko Demo Issho||どこでもいっしょ　カルピスウォーターバージョン
SCPS_100.92|Doko Demo Issho||どこでもいっしょ
SCPS_101.42|Doko Demo Issho||どこでもいっしょ
SCPS_912.12|Doko Demo Issho||どこでもいっしょ
PAPX_900.86|Doko Demo Issho (Taikenban)||どこでもいっしょ（体験版）
PCPX_961.52|Doko Demo Issho (Taikenban)||どこでもいっしょ（体験版）
SLPS_033.93|Doko made mo Aoku...||どこまでも青く…。
SLPS_033.88|Doko made mo Aoku... (Shokai Genteiban)||どこまでも青く…。
SLPM_861.22|Dolphin's Dream||ドルフィンズドリーム
SLPS_014.78|Dome no Yabou 2: The Race of Champions||童夢の野望２　Ｔｈｅ　Ｒａｃｅ　ｏｆ　Ｃｈａｍｐｉｏｎｓ
SLPS_027.53|Dome no Yabou 2: The Race of Champions||童夢の野望２　Ｔｈｅ　Ｒａｃｅ　ｏｆ　Ｃｈａｍｐｉｏｎｓ
SLPS_010.95|Domino-kun o Tomenai de.||ドミノ君をとめないで。
SLPM_868.55|DonPachi||首領蜂
SLPS_005.48|DonPachi||首領蜂
SLES_001.32|Doom||
SLPS_003.08|Doom||ドゥーム
SLUS_000.77|Doom||
SLES_001.57|Doom (One Level Demo Disc) (Demo)||
SLPS_006.28|Doraemon 2: SOS! Otogi no Kuni||ドラえもん２　～ＳＯＳ！おとぎの国～
SLPS_030.76|Doraemon 3: Makai no Dungeon||ドラえもん３　魔界のダンジョン
SLPS_002.33|Doraemon: Nobita to Fukkatsu no Hoshi||ドラえもん　～のび太と復活の星～
SLPS_017.26|Doraemon: Nobita to Fukkatsu no Hoshi||ドラえもん　～のび太と復活の星～
SLPS_019.84|Dosukoi Densetsu||どすこい伝説
SCPS_101.29|Dotchi Mecha!||ドッチメチャ！
SLPS_013.62|Dotchi de Ball!||ドッチＤＥボール！
SLPS_028.91|Dotsubo-chan||どつぼちゃん
SLPS_001.91|Double Dragon||ダブルドラゴン
SCED_022.57|Double Impact: Double Life (Games) (Demo)||
SLPS_035.26|Doubutsu Chara Navi Uranai 2: Kosei Shinrigaku + Ren'ai Uranai Puzzle||動物キャラナビ占い２　個性心理學　＋　恋愛占いパズル
SLPS_000.77|Douga de Puzzle da! Puppukupuu||動画でパズルだ！プップクプー
SLPS_020.11|Doukyuu Re-mix: Billiards Multiple||撞球ｒｅ－ｍｉｘ　ビリヤードマルチプル
SLPS_013.85|Doukyuu: Billiard Master||撞球　ビリヤー・ドマスター
SLPS_023.63|Doukyuu: Billiard Master||撞球　ビリヤー・ドマスター
SLPS_006.90|Doukyuusei 2||同級生２　ＥＸＴＲＡＢＯＸ
SLPS_006.91|Doukyuusei 2||同級生２
SLPM_864.69|Doukyuusei Mahjong||同級生麻雀
SLPS_006.73|Doukyuusei Mahjong||同級生麻雀
SLPS_013.91|Downhill Snow||ダウンヒル　スノー
SLPM_871.71|Dr. Rin ni Kiite Mite! Koi no Happy Four Seasons||Ｄｒ．リンにきいてみて！　恋のハッピーフォーシーズン
SLPS_019.34|Dr. Slump||Ｄｒ．スランプ
SLES_033.50|Dracula 2: Die letzte Zufluchtsstatte (Disc 1)||
SLES_133.50|Dracula 2: Die letzte Zufluchtsstatte (Disc 2)||
SLES_033.52|Dracula 2: El Último Santuario (Disc 1)||
SLES_133.52|Dracula 2: El Último Santuario (Disc 2)||
SLES_033.51|Dracula 2: L'Ultimo Santuario (Disc 1)||
SLES_133.51|Dracula 2: L'Ultimo Santuario (Disc 2)||
SLES_033.49|Dracula 2: Le Dernier Sanctuaire (Disc 1)||
SLES_133.49|Dracula 2: Le Dernier Sanctuaire (Disc 2)||
SLES_033.48|Dracula 2: The Last Sanctuary (Disc 1)||
SLES_133.48|Dracula 2: The Last Sanctuary (Disc 2)||
SLES_027.61|Dracula: La Risurrezione (Disc 1)||
SLES_127.61|Dracula: La Risurrezione (Disc 2)||
SLES_027.60|Dracula: Resurrección (Disc 1)||
SLES_127.60|Dracula: Resurrección (Disc 2)||
SLES_027.59|Dracula: Resurrection (Disc 1)||
SLES_127.59|Dracula: Resurrection (Disc 2)||
SLES_027.58|Dracula: Résurrection (Disc 1)||
SLES_127.58|Dracula: Résurrection (Disc 2)||
SLUS_014.40|Dracula: The Last Sanctuary (Disc 1)||
SLUS_014.43|Dracula: The Last Sanctuary (Disc 2)||
SLES_027.57|Dracula: The Resurrection (Disc 1)||
SLUS_012.84|Dracula: The Resurrection (Disc 1)||
SLES_127.57|Dracula: The Resurrection (Disc 2)||
SLUS_013.16|Dracula: The Resurrection (Disc 2)||
SLUS_004.93|Dragon Ball GT: Final Bout||
SLPS_003.55|Dragon Ball Z: Idainaru Dragon Ball Densetsu||ドラゴンボールＺ　～偉大なるドラゴン・ボール伝説～
SLPS_910.35|Dragon Ball Z: Idainaru Dragon Ball Densetsu||ドラゴンボールＺ　～偉大なるドラゴン・ボール伝説～
SLES_002.91|Dragon Ball Z: Ultimate Battle 22||
SLES_037.36|Dragon Ball Z: Ultimate Battle 22||
SLES_037.37|Dragon Ball Z: Ultimate Battle 22||
SLES_037.38|Dragon Ball Z: Ultimate Battle 22||
SLES_037.39|Dragon Ball Z: Ultimate Battle 22||
SLPS_000.73|Dragon Ball Z: Ultimate Battle 22||ドラゴンボールＺ　アルティメットバトル２２
SLPS_910.17|Dragon Ball Z: Ultimate Battle 22||ドラゴンボールＺ　アルティメットバトル２２
SLUS_015.50|Dragon Ball Z: Ultimate Battle 22||
SLES_009.64|Dragon Ball: Final Bout||
SLES_036.83|Dragon Ball: Final Bout||
SLES_036.84|Dragon Ball: Final Bout||
SLES_036.85|Dragon Ball: Final Bout||
SLES_037.35|Dragon Ball: Final Bout||
SLPS_009.49|Dragon Ball: Final Bout||ドラゴンボール　ファイナルバウト
SLPS_910.79|Dragon Ball: Final Bout||ドラゴンボール　ファイナルバウト
SLPM_801.12|Dragon Ball: Final Bout (Taikenban)||ドラゴンボール　ファイナルバウト（体験版）
SLPS_034.70|Dragon Drive: Tactics Break||ドラゴンドライブ　タクティクスブレイク
SLPS_006.64|Dragon Knight 4||ドラゴン・ナイト４
SLPS_020.37|Dragon Money||ドラゴンマネー
SLPM_804.79|Dragon Quest Characters: Torneko no Daibouken 2: Fushigi no Dungeon||ドラゴンクエスト・キャラクターズ　トルネコの大冒険２　不思議のダンジョン
SLPM_862.93|Dragon Quest Characters: Torneko no Daibouken 2: Fushigi no Dungeon||ドラゴンクエスト・キャラクターズ　トルネコの大冒険２　不思議のダンジョン
SLPM_869.16|Dragon Quest IV: Michibikareshi Mono-tachi||ドラゴンクエストⅣ　導かれし者たち
SLPM_873.77|Dragon Quest IV: Michibikareshi Mono-tachi||ドラゴンクエストⅣ　導かれし者たち
SLPM_870.50|Dragon Quest Monsters 1 & 2: Hoshifuri no Yuusha to Bokujou no Nakama-tachi||ドラゴンクエストモンスターズ１・２ 星降りの勇者と牧場の仲間たち
SCPS_455.04|Dragon Quest VII: Eden no Senshi-tachi (Disc 1)||ドラゴン・クエストⅦ　～エデンの戦士たち～（ディスク１）
SLPM_865.00|Dragon Quest VII: Eden no Senshi-tachi (Disc 1)||ドラゴン・クエストⅦ　～エデンの戦士たち～（ディスク１）
SLPM_873.52|Dragon Quest VII: Eden no Senshi-tachi (Disc 1)||ドラゴン・クエストⅦ　～エデンの戦士たち～（ディスク１）
SLPM_873.78|Dragon Quest VII: Eden no Senshi-tachi (Disc 1)||ドラゴン・クエストⅦ　～エデンの戦士たち～（ディスク１）
SCPS_455.05|Dragon Quest VII: Eden no Senshi-tachi (Disc 2)||ドラゴン・クエストⅦ　～エデンの戦士たち～（ディスク２）
SLPM_865.01|Dragon Quest VII: Eden no Senshi-tachi (Disc 2)||ドラゴン・クエストⅦ　～エデンの戦士たち～（ディスク２）
SLPM_873.53|Dragon Quest VII: Eden no Senshi-tachi (Disc 2)||ドラゴン・クエストⅦ　～エデンの戦士たち～（ディスク２）
SLPM_873.79|Dragon Quest VII: Eden no Senshi-tachi (Disc 2)||ドラゴン・クエストⅦ　～エデンの戦士たち～（ディスク２）
SLUS_007.34|Dragon Seeds||
SLPS_015.14|Dragon Seeds: Saishuu Shinka Keitai||ドラゴンシーズ　～最終進化形態～
SLES_031.83|Dragon Tales: Dragonseek||
SLUS_011.76|Dragon Tales: Dragonseek||
SCES_017.05|Dragon Valor (Disc 1)||
SCES_025.65|Dragon Valor (Disc 1)||
SCES_025.66|Dragon Valor (Disc 1)||
SCES_025.67|Dragon Valor (Disc 1)||
SCES_025.68|Dragon Valor (Disc 1)||
SLPS_021.90|Dragon Valor (Disc 1)||ドラゴンヴァラー（ディスク１）
SLUS_010.92|Dragon Valor (Disc 1)||
SCES_117.05|Dragon Valor (Disc 2)||
SCES_125.65|Dragon Valor (Disc 2)||
SCES_125.66|Dragon Valor (Disc 2)||
SCES_125.67|Dragon Valor (Disc 2)||
SCES_125.68|Dragon Valor (Disc 2)||
SLPS_021.91|Dragon Valor (Disc 2)||ドラゴンヴァラー（ディスク２）
SLUS_011.64|Dragon Valor (Disc 2)||
SLUS_012.06|Dragon Warrior VII (Disc 1)||
SLUS_013.46|Dragon Warrior VII (Disc 2)||
SLES_003.00|DragonHeart: Fire & Steel||
SLUS_002.26|DragonHeart: Fire & Steel||
SLPS_010.67|Dragonbeat: Legend of Pinball||ドラゴンビート　レジェンド　オブ　ピンボール
SLES_035.25|Dragstars||
SLPS_018.36|Dream Circus||ドリームサーカス
SLPS_014.82|Dream Generation: Koi ka? Shigoto ka!?...||ドリーム・ジェネレーション 恋か？仕事か！？…
SLPS_022.70|Dream Generation: Koi ka? Shigoto ka!?...||ドリーム・ジェネレーション 恋か？仕事か！？…
SLES_019.38|Dream Story: Les Aventures de Tim et Lola||
SLES_007.14|Dreams||
SLPM_800.37|Drift King Shutokou Battle: Tsuchiya Keiichi & Bandou Masaaki||ＤＲＩＦＴ　ＫＩＮＧ　首都高バトル　～土屋圭市＆坂東正明～
SLPS_002.50|Drift King Shutokou Battle: Tsuchiya Keiichi & Bandou Masaaki||ＤＲＩＦＴ　ＫＩＮＧ　首都高バトル　～土屋圭市＆坂東正明～
SLPS_910.21|Drift King Shutokou Battle: Tsuchiya Keiichi & Bandou Masaaki||ＤＲＩＦＴ　ＫＩＮＧ　首都高バトル　～土屋圭市＆坂東正明～
SLES_018.16|Driver|GT Interactive|
SLES_019.75|Driver|GT Interactive|
SLES_019.76|Driver|GT Interactive|
SLES_019.77|Driver|GT Interactive|
SLES_019.78|Driver|GT Interactive|
SLED_018.17|Driver (Demo)|GT Interactive|
SLUS_900.93|Driver 2 (Demo)|Infogrames|
SLUS_900.94|Driver 2 (Demo)|Infogrames|
SLUS_011.61|Driver 2 (Disc 1)|Infogrames|
SLUS_013.18|Driver 2 (Disc 2)|Infogrames|
SLED_031.10|Driver 2: Back on the Streets (Demo)|Infogrames|
SLES_029.93|Driver 2: Back on the Streets (Disc 1)|Infogrames|
SLES_029.94|Driver 2: Back on the Streets (Disc 1)|Infogrames|
SLES_029.95|Driver 2: Back on the Streets (Disc 1)|Infogrames|
SLES_029.96|Driver 2: Back on the Streets (Disc 1)|Infogrames|
SLES_029.97|Driver 2: Back on the Streets (Disc 1)|Infogrames|
SLES_129.93|Driver 2: Back on the Streets (Disc 2)|Infogrames|
SLES_129.94|Driver 2: Back on the Streets (Disc 2)|Infogrames|
SLES_129.95|Driver 2: Back on the Streets (Disc 2)|Infogrames|
SLES_129.96|Driver 2: Back on the Streets (Disc 2)|Infogrames|
SLES_129.97|Driver 2: Back on the Streets (Disc 2)|Infogrames|
SLPS_026.13|Driver: Sennyuu! Car Chase Daisakusen|GT Interactive|ドライバー　～潜入！カーチェイス大作戦～
SLPS_032.73|Driver: Sennyuu! Car Chase Daisakusen|GT Interactive|ドライバー　～潜入！カーチェイス大作戦～
SLUS_008.42|Driver: You Are the Wheelman|GT Interactive|
SLUS_900.53|Driver: You Are the Wheelman (Demo)|GT Interactive|
SLPS_024.66|Driver: You Are the Wheelman / V-Rally: Championship Edition 2 (Taikenban)||ドライバー　～潜入！カーチェイス大作戦～　＆　Ｖラリー２（体験版）
SLPS_012.46|Druid: Yami e no Tsuisekisha||ドルイド　～闇への追跡者～
SLES_027.62|Drácula: A Ressurreição (Disc 1)||
SLES_127.62|Drácula: A Ressurreição (Disc 2)||
SCED_013.86|Dual Shock Demo||
SLES_028.21|Ducati World||
SLES_033.77|Ducati World||
SLUS_010.25|Ducati World: Racing Challenge||
SLES_007.03|Duke Nukem||
SLES_009.87|Duke Nukem||
SLED_010.27|Duke Nukem (Demo)||
SLES_034.05|Duke Nukem: Land of the Babes||
SLES_034.40|Duke Nukem: Land of the Babes||
SLUS_010.02|Duke Nukem: Land of the Babes||
SLES_015.15|Duke Nukem: Time to Kill||
SLES_016.19|Duke Nukem: Time to Kill||
SLES_035.17|Duke Nukem: Time to Kill||
SLES_035.18|Duke Nukem: Time to Kill||
SLUS_005.83|Duke Nukem: Time to Kill||
SLUS_900.36|Duke Nukem: Time to Kill (Demo)||
SLUS_805.83|Duke Nukem: Time to Kill (Trade Demo)||
SLPS_015.57|Duke Nukem: Total Meltdown||デュークニューケム　トータル　メルトダウン
SLUS_003.55|Duke Nukem: Total Meltdown||
SLES_022.50|Dune||
SLES_022.47|Dune 2000||
SLES_022.48|Dune 2000||
SLES_022.49|Dune 2000||
SLUS_009.73|Dune 2000||
SLPS_003.49|Dungeon Creator||ダンジョンクリエイター
SLPS_003.70|Dungeon Creator (Disc 1) (Genteiban)||ダンジョンクリエイター（ディスク１）
SLPS_003.71|Dungeon Creator (Disc 2) (Memory Bank Disc) (Genteiban)||ダンジョンクリエイター（ディスク２）
SLPS_016.50|Dungeon Shoutenkai: Densetsu no Ken Hajime mashita||だんじょん商店会　～伝説の剣はじめました～
SLPS_013.87|Dynamite Boxing||ダイナマイトボクシング
SLPM_802.34|Dynamite Boxing (Taikenban)||ダイナマイトボクシング（体験版）
SLPS_025.54|Dynamite Soccer 2000||ダイナマイト・サッカー２０００
SLPS_034.36|Dynamite Soccer 2002||ダイナマイトサッカー２００２
SLPS_035.75|Dynamite Soccer 2004 Final||ダイナマイトサッカー２００４　ファイナル
SLPS_014.14|Dynamite Soccer 98||ダイナマイトサッカー９８
PAPX_900.43|Dynamite Soccer 98 (Taikenban)||ダイナマイトサッカー９８（体験版）
SLES_008.85|Dynasty Warriors||
SLUS_004.38|Dynasty Warriors||
SLES_038.05|E.T. the Extra-Terrestrial: Interplanetary Mission||
SLUS_013.85|E.T. the Extra-Terrestrial: Interplanetary Mission||
SCED_039.14|E3 Demo 2002||
SLES_025.38|EA Sports Superbike 2000||
SLUS_010.52|EA Sports Superbike 2000||
SLES_033.99|EA Sports Supercross||
SLUS_013.19|EA Sports Supercross||
SLES_023.73|EA Sports Supercross 2000||
SLUS_010.05|EA Sports Supercross 2000||
SLES_028.23|ECW Anarchy Rulz||
SLES_030.69|ECW Anarchy Rulz||
SLUS_011.69|ECW Anarchy Rulz||
SLES_025.35|ECW Hardcore Revolution||
SLES_025.36|ECW Hardcore Revolution||
SLUS_010.45|ECW Hardcore Revolution||
SLUS_810.45|ECW Hardcore Revolution (Trade Demo)||
SLPM_801.59|EGWord Ver 2.00||
SLPS_008.20|EOS: Edge of Skyhigh||ＥＯＳ －イオス－ Ｅｄｇｅ Ｏｆ Ｓｋｙｈｉｇｈ
SCPS_400.01|EPS Series Vol. 1: Because I Love You: Yukiko Morikawa||ＥＰＳシリーズ ＶＯＬ．１ ｂｅｃａｕｓｅ Ｉ ｌｏｖｅ ｙｏｕ 森川友紀子
SCPS_400.02|EPS Series Vol. 2: Moonlight to Daybreak: Yukie Nakama||ＥＰＳシリーズ ＶＯＬ．２ ＭＯＯＮＬＩＧＨＴ ｔｏ ＤＡＹＢＲＥＡＫ 仲間由紀恵
SCPS_400.03|EPS Series Vol. 3: Come and Kiss Me: Tomomi Tsunoda||ＥＰＳシリーズ ＶＯＬ．３ Ｃｏｍｅ ａｎｄ Ｋｉｓｓ ｍｅ 角田智美
SCPS_400.04|EPS Series Vol. 4: Noise Reduction: Tomoa Yamamoto||ＥＰＳシリーズ ＶＯＬ．４ Ｎｏｉｓｅ Ｒｅｄｕｃｔｉｏｎ 山本ともあ
SCPS_400.05|EPS Series Vol. 5: Believer Dreamer: Junko Mizutani||ＥＰＳシリーズ ＶＯＬ．５ Ｂｅｌｉｅｖｅｒ Ｄｒｅａｍｅｒ 水谷純子
SCES_000.63|ESPN Extreme Games||
SCUS_945.03|ESPN Extreme Games||
SLUS_011.86|ESPN MLS Gamenight||
SIPS_600.04|ESPN Street Games||ＥＳＰＮ　ストリートゲームス
SLES_017.15|Eagle One: Harrier Attack||
SLUS_009.43|Eagle One: Harrier Attack||
SLES_003.43|Earthworm Jim 2||
SLUS_003.43|Earthworm Jim 2||
SLPS_005.25|East End x Yuri: Eexy Life||
SLUS_015.51|Easter Bunny's Big Day||
SLPS_008.44|Eberouge (Disc 1)||エーベルージュ（ディスク１）
SLPS_008.45|Eberouge (Disc 2)||エーベルージュ（ディスク２）
SLPS_019.05|Eberouge 2||エーベルージュ２
SLPS_014.12|Eberouge Special: Koi to Mahou no Gakuen Seikatsu||エーベルージュ　スペシャル　～恋と魔法の学園生活～
SLPS_003.66|Ebisu Yoshikazu no Ooana Kyoutei||蛭子能収の大穴競艇
SLPS_015.18|Echo Night||エコー・ナイト
SLPS_911.43|Echo Night||エコー・ナイト
SLPS_914.03|Echo Night||エコー・ナイト
SLUS_008.20|Echo Night||
SLPS_021.67|Echo Night #2: Nemuri no Shihaisha||エコーナイト＃２　眠りの支配者
SLPS_914.25|Echo Night #2: Nemuri no Shihaisha||エコーナイト＃２　眠りの支配者
SLPM_804.68|Echo Night #2: Nemuri no Shihaisha (Taikenban)||エコー・ナイト＃２　～眠りの支配者～（体験版）
SLPS_006.48|Econo Kids: Ta ga Tame ni Kane wa Naru||えこのＫＩＤＳ　～誰が為に金は成る～
SLPS_017.91|Ecsaform (Disc 1)||エクサフォーム（ディスク１）
SLPS_017.92|Ecsaform (Disc 2)||エクサフォーム（ディスク２）
SLPS_015.49|Efficus: Kono Omoi o Kimi ni...||エフィカス　この想いを君に…
SLPM_865.43|Egg||エッグ
SLPS_011.21|Egg||エッグ
SLUS_007.51|Eggs of Steel: Charlie's Eggcellent Adventure||
SLES_034.91|Egipto II: La Profecía de Heliópolis||
SLES_015.99|Egypt 1156 A.C.: L'Enigma della Tomba Reale||
SLES_016.00|Egypt 1156 B.C.: Tomb of the Pharaoh||
SLES_033.74|Egypt II: Die Prophezeiung von Helipolis||
SLES_034.90|Egypt II: La Profezia di Heliopolis||
SLES_033.72|Egypt II: La Prophétie d'Heliopolis||
SLES_033.73|Egypt II: The Heliopolis Prophecy||
SLES_015.97|Egypte 1156 AV. J.-C.: L'Énigme de la Tombe Royale||
SLES_021.11|Ehrgeiz: God Bless the Ring||
SLPS_017.50|Ehrgeiz: God Bless the Ring||エアガイツ
SLPS_027.70|Ehrgeiz: God Bless the Ring||エアガイツ
SLPS_914.48|Ehrgeiz: God Bless the Ring||エアガイツ
SLUS_008.09|Ehrgeiz: God Bless the Ring||
SLPM_803.32|Ehrgeiz: God Bless the Ring (Taikenban)||エアガイツ（体験版）
SLPM_803.33|Ehrgeiz: God Bless the Ring (Taikenban)||エアガイツ（体験版）
SLED_024.11|Eidos||
SLUS_900.40|Eidos Demo CD||
SLUS_900.47|Eidos Demo CD Volume 3||
SLUS_900.51|Eidos Demo CD Volume 4||
SLUS_900.74|Eidos Demo CD Volume 6||
SLUS_900.65|Eidos Demo Disc Volume 5||
SLUS_900.76|Eidos Demo Disc Volume 7||
SLPS_021.73|Eikan wa Kimi ni 4||栄冠は君に４
SLPS_028.13|Eikan wa Kimi ni 4||栄冠は君に４
SLPM_860.03|Eikou no Fairway: Virtual Golf Simulation||栄光の・フェアウエイ　～ＶＩＲＴＵＡＬ　ＧＯＬＦ　ＳＩＭＵＬＡＴＩＯＮ～
SCUS_942.43|Einhander||
SLPS_010.08|Einhander||アインハンダー
SLPM_801.64|Einhander (Taikenban)||アインハンダー（体験版）
SLPS_000.90|Eisei Meijin||永世名人
SLPM_860.14|Eisei Meijin II||永世名人ＩＩ
SLPM_861.99|Eisei Meijin III: Game Creator Yoshimura Nobuhiro no Zunou||永世名人３ ～ゲームクリエイター吉村信弘の頭脳～
SLPM_870.91|Eithéa (Disc 1)||アイシア（ディスク１）
SLPS_030.58|Eithéa (Disc 1)||アイシア（ディスク１）
SLPS_031.41|Eithéa (Disc 1)||アイシア（ディスク１）
SLPM_870.92|Eithéa (Disc 2)||アイシア（ディスク２）
SLPS_030.59|Eithéa (Disc 2)||アイシア（ディスク２）
SLPS_031.42|Eithéa (Disc 2)||アイシア（ディスク２）
SLPS_001.81|Eko Eko Azarak: Wizard of Darkness||エコエコアザラク　－ＷＩＺＡＲＤ　ＯＦ　ＤＡＲＫＮＥＳＳ－
SCES_021.77|El Tetris Un Mágico Desafío||
SLPM_864.94|Elder Gate||エルダーゲート
SLPM_805.60|Elder Gate (Taikenban)||エルダーゲート（体験版）
SLUS_006.54|Elemental Gearbolt||
SLES_040.38|Elemental Pinball||
SLES_009.60|Elf Masters présente Formula Karts: Special Edition||
SLPS_014.56|Elf o Karu Monotachi II (Disc 1)||エルフを狩るモノたちⅡ（ディスク１）
SLPS_014.57|Elf o Karu Monotachi II (Disc 2)||エルフを狩るモノたちⅡ（ディスク２）
SLPS_014.58|Elf o Karu Monotachi II (Disc 3)||エルフを狩るモノたちⅡ（ディスク３）
SLPS_009.04|Elf o Karu Monotachi: Hanafuda-hen||エルフを狩るモノたち　～花札編～
SLPS_009.73|Elf o Karu Monotachi: Kanzenban (Disc 1)||エルフを狩るモノたち　－完全版－（ディスク１）
SLPS_009.74|Elf o Karu Monotachi: Kanzenban (Disc 2)||エルフを狩るモノたち　－完全版－（ディスク２）
SLPS_007.78|Elfin Paradise||エルフィン　パラダイス
SLES_013.64|Eliminator||
SLUS_006.99|Eliminator||
SLPS_001.17|Emit Value Pack (Disc 1) (Vol. 1: Toki no Maigo)||ＥＭＩＴバリュー・パック（ディスク１）
SLPS_001.18|Emit Value Pack (Disc 2) (Vol. 2: Inochigake no Tabi)||ＥＭＩＴバリュー・パック（ディスク２）
SLPS_001.19|Emit Value Pack (Disc 3) (Vol. 3: Watashi ni Sayonara wo)||ＥＭＩＴバリュー・パック（ディスク３）
SLPS_032.16|Emmyrea||エミーリア
SLES_029.85|En Busca del Valle Encantado: El Retorno al Gran Valle||
SLPS_015.84|End Sector||エンドセクター
SLPM_803.28|End Sector (Taikenban)||エンドセクター（体験版）
SLPM_865.37|Enen Angel||エンエン　エンジェル
SLPS_914.59|Enen Angel||エンエン　エンジェル
SLPS_022.63|Engacho!||エンガチョ！
SLPS_013.51|Enigma (Disc 1)||エニグマ（ディスク１）
SLPS_013.52|Enigma (Disc 2)||エニグマ（ディスク２）
SLPS_019.37|Enomoto Kanako no Boke Shindan Game||榎本加奈子のボケ診断ゲーム
SLPS_000.51|Entertainment Jansou: That's Pon!||エンターテイメント雀荘 ザッツ・ポン！
SLPS_014.65|Epica Stella||エピカ・ステラ
SCES_003.93|Epidemic||
SCUS_941.52|Epidemic||
SLES_029.43|Equestriad 2001||
SLUS_014.62|Equestrian Showcase||
SCED_039.27|Erlebe den Zauber von Disney auf der PlayStation||
SCED_005.02|Essential PlayStation 1||
SCED_011.41|Essential PlayStation 10||
SCED_011.42|Essential PlayStation 11||
SCED_011.43|Essential PlayStation 12||
SCED_005.72|Essential PlayStation 2||
SCED_006.36|Essential PlayStation 3||
SCED_009.38|Essential PlayStation 4||
SCED_010.04|Essential PlayStation 5||
SCED_007.51|Essential PlayStation 6||
SCED_011.10|Essential PlayStation 7||
SCED_011.39|Essential PlayStation 8||
SCED_011.40|Essential PlayStation 9||
SCES_017.04|Esto Es Futbol||
SCES_030.76|Esto Es Futbol 2||
SCED_032.05|Esto Es Futbol 2 (Demo)||
SLES_022.70|Eternal Eyes||
SLUS_010.34|Eternal Eyes||
SLPS_005.84|Eternal Melody||エターナルメロディ
SLPM_861.35|Eurasia Express Satsujin Jiken (Disc 1)||ユーラシアエクスプレス殺人事件（ディスク１）
SLPM_861.36|Eurasia Express Satsujin Jiken (Disc 2)||ユーラシアエクスプレス殺人事件（ディスク２）
SLPM_861.37|Eurasia Express Satsujin Jiken (Disc 3)||ユーラシアエクスプレス殺人事件（ディスク３）
SLPM_861.38|Eurasia Express Satsujin Jiken (Disc 4)||ユーラシアエクスプレス殺人事件（ディスク４）
SLPM_803.36|Eurasia Express Satsujin Jiken (Taikenban)||ユーラシアエクスプレス殺人事件（体験版）
SCED_040.79|Euro Demo (Future) 100||
SCED_040.80|Euro Demo (Future) 101||
SCED_040.81|Euro Demo (Future) 102||
SCED_040.82|Euro Demo (Future) 103||
SCED_040.83|Euro Demo (Future) 104||
SCED_040.84|Euro Demo (Future) 105||
SCED_040.85|Euro Demo (Future) 106||
SCED_041.33|Euro Demo (Future) 107||
SCED_041.34|Euro Demo (Future) 108||
SCED_040.56|Euro Demo (Future) 94||
SCED_040.74|Euro Demo (Future) 95||
SCED_040.75|Euro Demo (Future) 96||
SCED_040.76|Euro Demo (Future) 97||
SCED_040.77|Euro Demo (Future) 98||
SCED_039.05|Euro Demo (Germany) 03/04-2003||
SCES_001.07|Euro Demo 01||
SCED_018.44|Euro Demo 01/00||
SCED_026.66|Euro Demo 01/01||
SCED_011.30|Euro Demo 01/99||
SLES_001.50|Euro Demo 02||
SCED_018.45|Euro Demo 02/00||
SCED_026.67|Euro Demo 02/01||
SCED_017.77|Euro Demo 02/99||
SCED_017.86|Euro Demo 02/99 Rennspiele||
SLES_001.81|Euro Demo 03||
SCED_018.46|Euro Demo 03/00||
SCED_026.68|Euro Demo 03/01||
SCED_018.34|Euro Demo 03/99||
SCES_001.82|Euro Demo 04||
SLES_001.82|Euro Demo 04||
SCED_018.47|Euro Demo 04/00||
SCED_026.69|Euro Demo 04/01||
SCED_011.21|Euro Demo 04/98||
SCED_018.35|Euro Demo 04/99||
SCED_019.95|Euro Demo 04/99 'Action Special'||
SCES_001.83|Euro Demo 05||
SCED_018.48|Euro Demo 05/00||
SCED_011.22|Euro Demo 05/98||
SCED_018.36|Euro Demo 05/99||
SCES_001.84|Euro Demo 06||
SCED_026.59|Euro Demo 06/00||
SCED_011.23|Euro Demo 06/98||
SCED_018.37|Euro Demo 06/99||
SCED_020.50|Euro Demo 06/99 'Special'||
SCED_006.68|Euro Demo 07||
SCES_001.85|Euro Demo 07||
SCED_026.60|Euro Demo 07/00||
SCED_011.24|Euro Demo 07/98||
SCED_018.38|Euro Demo 07/99||
SCES_001.86|Euro Demo 08||
SCED_026.61|Euro Demo 08/00||
SCED_011.25|Euro Demo 08/98||
SCED_018.39|Euro Demo 08/99||
SCED_008.90|Euro Demo 08b||
SCED_003.61|Euro Demo 09||
SCED_006.74|Euro Demo 09||
SCED_007.72|Euro Demo 09||
SCED_026.62|Euro Demo 09/00||
SCED_011.26|Euro Demo 09/98||
SCED_018.40|Euro Demo 09/99||
SCED_003.62|Euro Demo 10||
SCED_006.75|Euro Demo 10||
SCED_007.73|Euro Demo 10||
SCED_026.63|Euro Demo 10/00||
SCED_011.27|Euro Demo 10/98||
SCED_018.41|Euro Demo 10/99||
SCED_003.63|Euro Demo 11||
SCED_006.76|Euro Demo 11||
SCED_007.74|Euro Demo 11||
SCED_026.64|Euro Demo 11/00||
SCED_011.28|Euro Demo 11/98||
SCED_018.42|Euro Demo 11/99||
SCED_003.64|Euro Demo 12||
SCED_006.77|Euro Demo 12||
SCED_007.75|Euro Demo 12||
SCED_026.65|Euro Demo 12/00||
SCED_011.29|Euro Demo 12/98||
SCED_018.43|Euro Demo 12/99||
SCED_003.65|Euro Demo 13||
SCED_006.78|Euro Demo 13||
SCED_007.76|Euro Demo 13||
SCED_003.66|Euro Demo 14||
SCED_006.79|Euro Demo 14||
SCED_007.77|Euro Demo 14||
SCED_003.67|Euro Demo 15||
SCED_006.80|Euro Demo 15||
SCED_007.78|Euro Demo 15||
SCED_003.68|Euro Demo 16||
SCED_007.79|Euro Demo 16||
SCED_003.69|Euro Demo 17||
SCED_007.80|Euro Demo 17||
SCED_003.70|Euro Demo 18||
SCED_007.81|Euro Demo 18||
SCED_003.71|Euro Demo 19||
SCED_003.72|Euro Demo 20||
SCED_007.82|Euro Demo 20||
SCED_008.17|Euro Demo 21||
SCED_011.14|Euro Demo 21||
SCED_008.18|Euro Demo 22||
SCED_011.15|Euro Demo 22||
SCED_008.19|Euro Demo 23||
SCED_011.16|Euro Demo 23||
SCED_008.20|Euro Demo 24||
SCED_011.17|Euro Demo 24||
SCED_008.21|Euro Demo 25||
SCED_011.18|Euro Demo 25||
SCED_008.22|Euro Demo 26||
SCED_011.19|Euro Demo 26||
SCED_008.23|Euro Demo 27||
SCED_011.20|Euro Demo 27||
SCED_008.24|Euro Demo 28||
SCED_017.85|Euro Demo 28||
SCED_008.25|Euro Demo 29||
SCED_018.49|Euro Demo 29||
SCED_008.26|Euro Demo 30||
SCED_018.50|Euro Demo 30||
SCED_008.27|Euro Demo 31||
SCED_018.51|Euro Demo 31||
SCED_008.28|Euro Demo 32||
SCED_018.52|Euro Demo 32||
SCED_008.29|Euro Demo 33||
SCED_018.53|Euro Demo 33||
SCED_011.44|Euro Demo 34||
SCED_018.54|Euro Demo 34||
SCED_011.45|Euro Demo 35||
SCED_018.55|Euro Demo 35||
SCED_018.56|Euro Demo 36||
SCED_011.46|Euro Demo 36 (Demo)||
SCED_011.47|Euro Demo 37||
SCED_018.57|Euro Demo 37||
SCED_011.48|Euro Demo 38||
SCED_018.58|Euro Demo 38||
SCED_011.49|Euro Demo 39||
SCED_018.59|Euro Demo 39||
SCED_011.50|Euro Demo 40||
SCED_018.60|Euro Demo 40||
SCED_011.51|Euro Demo 41||
SCED_018.61|Euro Demo 41||
SCED_011.52|Euro Demo 42||
SCED_018.62|Euro Demo 42||
SCED_011.53|Euro Demo 43||
SCED_026.47|Euro Demo 43||
SCED_018.18|Euro Demo 44||
SCED_026.48|Euro Demo 44||
SCED_018.19|Euro Demo 45||
SCED_026.49|Euro Demo 45||
SCED_018.20|Euro Demo 46||
SCED_026.50|Euro Demo 46||
SCED_018.21|Euro Demo 47||
SCED_026.51|Euro Demo 47||
SCED_018.22|Euro Demo 48||
SCED_026.52|Euro Demo 48||
SCED_018.23|Euro Demo 49||
SCED_022.29|Euro Demo 49||
SCED_022.30|Euro Demo 49||
SCED_026.53|Euro Demo 49||
SCED_018.24|Euro Demo 50||
SCED_026.54|Euro Demo 50||
SCED_018.25|Euro Demo 51||
SCED_026.55|Euro Demo 51||
SCED_018.26|Euro Demo 52||
SCED_026.56|Euro Demo 52||
SCED_018.27|Euro Demo 53||
SCED_026.57|Euro Demo 53||
SCED_018.28|Euro Demo 54||
SCED_018.29|Euro Demo 55||
SCED_034.61|Euro Demo 55||
SCED_018.30|Euro Demo 56||
SCED_018.31|Euro Demo 57||
SCED_026.32|Euro Demo 58||
SCED_026.33|Euro Demo 59||
SCED_026.34|Euro Demo 60||
SCED_026.35|Euro Demo 61||
SCED_026.36|Euro Demo 62||
SCED_026.37|Euro Demo 63||
SCED_026.38|Euro Demo 64||
SCED_026.39|Euro Demo 65||
SCED_026.40|Euro Demo 66||
SCED_026.41|Euro Demo 67||
SCED_026.42|Euro Demo 68||
SCED_026.43|Euro Demo 69||
SCED_026.44|Euro Demo 70||
SCED_026.45|Euro Demo 71||
SCED_026.46|Euro Demo 72||
SCED_034.50|Euro Demo 73||
SCED_034.51|Euro Demo 74||
SCED_034.52|Euro Demo 75||
SCED_034.53|Euro Demo 76||
SCED_034.54|Euro Demo 77||
SCED_034.55|Euro Demo 78||
SCED_034.56|Euro Demo 79||
SCED_006.73|Euro Demo 8||
SCED_034.57|Euro Demo 80||
SCED_034.58|Euro Demo 81||
SCED_037.85|Euro Demo 82||
SCED_037.86|Euro Demo 83||
SCED_037.87|Euro Demo 84||
SCED_037.88|Euro Demo 85||
SCED_037.89|Euro Demo 86||
SCED_037.90|Euro Demo 87||
SCED_037.91|Euro Demo 88||
SCED_037.92|Euro Demo 89||
SCED_037.93|Euro Demo 90||
SCED_037.94|Euro Demo 91||
SCED_040.16|Euro Demo 92||
SCED_040.78|Euro Demo 99||
SCED_009.94|Euro Demo Classics Special||
SCED_006.70|Euro Demo Five||
SCED_006.69|Euro Demo Four||
SCED_040.35|Euro Demo Future 93||
SCED_034.76|Euro Demo Germany 01/02||
SCED_039.03|Euro Demo Germany 01/03||
SCED_034.77|Euro Demo Germany 02/02||
SCED_034.78|Euro Demo Germany 03/02||
SCED_034.79|Euro Demo Germany 04/02||
SCED_034.68|Euro Demo Germany 05/01||
SCED_038.87|Euro Demo Germany 05/02||
SCED_034.69|Euro Demo Germany 06/01||
SCED_038.92|Euro Demo Germany 06/02||
SCED_034.70|Euro Demo Germany 07/01||
SCED_038.93|Euro Demo Germany 07/02||
SCED_034.71|Euro Demo Germany 08/01||
SCED_038.94|Euro Demo Germany 08/02||
SCED_034.72|Euro Demo Germany 09/01||
SCED_038.95|Euro Demo Germany 09/02||
SCED_034.73|Euro Demo Germany 10/01||
SCED_038.96|Euro Demo Germany 10/02||
SCED_034.74|Euro Demo Germany 11/01||
SCED_038.97|Euro Demo Germany 11/02||
SCED_034.75|Euro Demo Germany 12/01||
SCED_006.72|Euro Demo Seven||
SCED_006.71|Euro Demo Six||
SCED_006.22|Euro Demo Three||
SCED_005.83|Euro Demo Two||
SLES_034.15|Europe Racer||
SLES_030.82|European Super League||
SLPM_864.75|Eve Zero (Disc 1)||イヴ・ゼロ（ディスク１）
SLPM_864.78|Eve Zero (Disc 1)||イヴ・ゼロ（ディスク１）
SLPM_869.76|Eve Zero (Disc 1)||イヴ・ゼロ（ディスク１）
SLPM_864.76|Eve Zero (Disc 2)||イヴ・ゼロ（ディスク２）
SLPM_864.79|Eve Zero (Disc 2)||イヴ・ゼロ（ディスク２）
SLPM_869.77|Eve Zero (Disc 2)||イヴ・ゼロ（ディスク２）
SLPM_864.77|Eve Zero (Disc 3)||イヴ・ゼロ（ディスク３）
SLPM_864.80|Eve Zero (Disc 3)||イヴ・ゼロ（ディスク３）
SLPM_869.78|Eve Zero (Disc 3)||イヴ・ゼロ（ディスク３）
SLPM_868.21|Eve: The Fatal Attraction (Disc 1)||イヴ・ザ・フェイタル・アトラクション（ディスク１）
SLPM_868.26|Eve: The Fatal Attraction (Disc 1)||イヴ・ザ・フェイタル・アトラクション（ディスク１）
SLPM_868.22|Eve: The Fatal Attraction (Disc 2)||イヴ・ザ・フェイタル・アトラクション（ディスク２）
SLPM_868.27|Eve: The Fatal Attraction (Disc 2)||イヴ・ザ・フェイタル・アトラクション（ディスク２）
SLPM_868.23|Eve: The Fatal Attraction (Disc 3)||イヴ・ザ・フェイタル・アトラクション（ディスク３）
SLPM_868.28|Eve: The Fatal Attraction (Disc 3)||イヴ・ザ・フェイタル・アトラクション（ディスク３）
SLPM_872.46|Eve: The Lost One (Disc 1) (Kyoko Disc)||イヴ・ザ・ロストワン（ディスク１）
SLPS_018.05|Eve: The Lost One (Disc 1) (Kyoko Disc)||イヴ・ザ・ロストワン（ディスク１）
SLPM_872.47|Eve: The Lost One (Disc 2) (Snake Disc)||イヴ・ザ・ロストワン（ディスク２）
SLPS_018.06|Eve: The Lost One (Disc 2) (Snake Disc)||イヴ・ザ・ロストワン（ディスク２）
SLPM_872.48|Eve: The Lost One (Disc 3) (Lost One Disc)||イヴ・ザ・ロストワン（ディスク３）
SLPS_018.07|Eve: The Lost One (Disc 3) (Lost One Disc)||イヴ・ザ・ロストワン（ディスク３）
SLPS_018.08|Eve: The Lost One (Disc 4) (Premium Disc)||イヴ・ザ・ロストワン（ディスク４）
SLPS_032.78|Evergreen Avenue||エバーグリーン・アベニュー
LSP99019.101|Every Child Can Succeed 1||
LSP99019.201|Every Child Can Succeed 2||
LSP99019.301|Every Child Can Succeed 3||
LSP99019.401|Every Child Can Succeed 4||
LSP99019.501|Every Child Can Succeed 5||
LSP99019.601|Every Child Can Succeed 6||
LSP99019.701|Every Child Can Succeed 7||
SCES_009.83|Everybody's Golf||
SCES_021.46|Everybody's Golf 2||
SLES_034.28|Evil Dead: Hail to the King (Disc 1)||
SLUS_010.72|Evil Dead: Hail to the King (Disc 1)||
SLES_134.28|Evil Dead: Hail to the King (Disc 2)||
SLUS_013.26|Evil Dead: Hail to the King (Disc 2)||
SLES_019.03|Evil Zone||
SLUS_008.55|Evil Zone||
SLES_018.71|Evo's Space Adventures||
SLPS_011.17|Exalegiuse||エクサレギウス
SLES_004.78|Excalibur 2555 A.D.||
SLES_006.93|Excalibur 2555 A.D.||
SLUS_005.41|Excalibur 2555 A.D.||
SLED_007.97|Excalibur 2555 A.D. (Demo)||
SLPM_861.24|Exciting Bass||エキサイティング バス
SLPM_862.95|Exciting Bass 2||エキサイティングバス２
SLPM_867.29|Exciting Bass 3||エキサイティングバス３
SLPS_028.85|Exciting Pro Wres||エキサイティングプロレス
SLPM_805.70|Exciting Pro Wres (Taikenban)||エキサイティングプロレス（体験版）
SLPS_031.22|Exciting Pro Wres 2||エキサイティングプロレス２
SLPS_914.97|Exciting Pro Wres 2||エキサイティングプロレス２
SLPM_806.01|Exciting Pro Wres 2 (Taikenban)||エキサイティングプロレス２（体験版）
SCED_020.43|Exclusive PlayStation Racing Demos||
SLPS_000.91|Exector||エグゼクター
SLES_000.97|Exhumed||
SLPS_017.07|Exodus Guilty||エクソダスギルティー
SLPS_017.21|Exodus Guilty||エクソダスギルティー
SLUS_010.75|Expendable||
SCED_039.23|Experience the Magic of Disney on PlayStation||
SLPS_003.42|Expert||エキスパート
SLES_007.16|Explosive Racing||
SLED_009.56|Explosive Racing (Demo)||
SLPS_006.25|Extra Bright||エクストラ・ブライト
SLES_022.20|Extreme 500||
SLES_039.90|Extreme Ghostbusters: The Ultimate Invasion||
SLUS_015.30|Extreme Go-Kart Racing||
SLES_002.06|Extreme Pinball||
SLUS_002.00|Extreme Pinball||
SLPS_003.29|Extreme Power||エクストリーム・パワー
SLES_005.01|Extreme Snow Break||
SLED_011.93|Extreme Snow Break (Demo)||
SLPS_006.77|F-1 Grand Prix 1996: Team Un'ei Simulation||Ｆ１グランプリ１９９６　チーム運営シミュレーション
SLES_004.16|F.A. Manager||
SLES_027.22|F1 2000||
SLES_027.23|F1 2000||
SLES_027.24|F1 2000||
SLPS_027.58|F1 2000||
SLUS_011.20|F1 2000||
SLPM_805.64|F1 2000 (Taikenban)||
SLES_031.17|F1 Championship Season 2000||
SLES_031.18|F1 Championship Season 2000||
SLES_031.19|F1 Championship Season 2000||
SLUS_012.90|F1 Championship Season 2000||
SLPS_005.19|F1 GP Nippon no Chousen: Dome no Yabou||Ｆ１　ＧＰ　ＮＩＰＰＯＮ　の挑戦　童夢の野望
SLES_025.01|F1 Racing Championship||
SLUS_010.88|F1 Racing Championship||
SLES_031.02|F1 World Grand Prix||
SLES_033.46|F1 World Grand Prix||
SLES_033.47|F1 World Grand Prix||
SLUS_013.44|F1 World Grand Prix||
SLES_008.87|F1 World Grand Prix: 1999 Season||
SLUS_010.36|F1 World Grand Prix: 1999 Season||
SLES_033.45|F1 World Grand Prix: Saison 2000||
SLPS_007.23|FEDA 2: White Surge the Platoon||フェーダ２　～ホワイト＝サージ　ザ・プラトゥーン～
SLES_023.15|FIFA 2000||
SLES_023.16|FIFA 2000||
SLES_023.17|FIFA 2000||
SLES_023.18|FIFA 2000||
SLES_023.19|FIFA 2000||
SLES_023.20|FIFA 2000||
SLES_023.21|FIFA 2000||
SLPS_026.75|FIFA 2000: Europe League Soccer||ＦＩＦＡ　２０００　ヨーロッパリーグサッカー
SLUS_009.94|FIFA 2000: Major League Soccer||
SLES_031.40|FIFA 2001||
SLES_031.41|FIFA 2001||
SLES_031.42|FIFA 2001||
SLES_031.43|FIFA 2001||
SLES_031.44|FIFA 2001||
SLES_031.45|FIFA 2001||
SLES_031.46|FIFA 2001||
SLUS_012.62|FIFA 2001||
SLES_005.04|FIFA 97||
SLES_005.05|FIFA 97||
SLES_005.06|FIFA 97||
SLES_015.84|FIFA 99||
SLES_015.85|FIFA 99||
SLES_015.86|FIFA 99||
SLES_015.87|FIFA 99||
SLES_015.88|FIFA 99||
SLUS_007.82|FIFA 99||
SLPS_023.09|FIFA 99: Europe League Soccer||ＦＩＦＡ９９ ヨーロッパリーグサッカー
SLES_036.66|FIFA Football 2002||
SLES_036.68|FIFA Football 2002||
SLES_036.69|FIFA Football 2002||
SLES_036.71|FIFA Football 2002||
SLES_036.72|FIFA Football 2002||
SLES_039.77|FIFA Football 2003||
SLES_039.78|FIFA Football 2003||
SLES_039.79|FIFA Football 2003||
SLES_039.80|FIFA Football 2003||
SLES_039.81|FIFA Football 2003||
SLES_041.15|FIFA Football 2004||
SLES_041.16|FIFA Football 2004||
SLES_041.17|FIFA Football 2004||
SLES_041.18|FIFA Football 2004||
SLES_041.19|FIFA Football 2004||
SLES_041.65|FIFA Football 2005||
SLES_041.66|FIFA Football 2005||
SLES_041.67|FIFA Football 2005||
SLES_041.68|FIFA Football 2005||
SLES_041.69|FIFA Football 2005||
SLUS_014.08|FIFA Soccer 2002||
SLUS_015.04|FIFA Soccer 2003||
SLUS_015.78|FIFA Soccer 2004||
SLUS_015.85|FIFA Soccer 2005||
SLES_001.16|FIFA Soccer 96||
SLUS_000.38|FIFA Soccer 96||
SLPS_008.78|FIFA Soccer 97||ＦＩＦＡサッカー９７
SLUS_002.69|FIFA Soccer 97||
SLPS_017.19|FIFA World Cup 98: France 98 Soushuu-hen||ＦＩＦＡ ＷＯＲＬＤ ＣＵＰ ９８ ～フランス９８総集編～
SLES_009.16|FIFA: Die WM-Qualifikation 98||
SLES_009.15|FIFA: En Route pour la Coupe du Monde 98||
SLES_009.14|FIFA: Road to World Cup 98||
SLES_009.17|FIFA: Road to World Cup 98||
SLPS_013.83|FIFA: Road to World Cup 98||ＦＩＦＡ　ロード・トゥ・ワールドカップ９８
SLUS_005.20|FIFA: Road to World Cup 98||
SLPM_802.36|FIFA: Road to World Cup 98 (Taikenban)||ＦＩＦＡ　ロード・トゥ・ワールドカップ９８（体験版）
SLES_009.18|FIFA: Rumbo al Mundial 98||
SLES_002.09|Fade to Black|Electronic Arts|
SLES_003.39|Fade to Black|Electronic Arts|
SLPS_008.12|Fade to Black|Electronic Arts|フェード・トゥ・ブラック
SLUS_002.36|Fade to Black|Electronic Arts|
SLPM_800.92|Fade to Black (Taikenban)||フェード・トゥ・ブラック（体験版）
LSP08013.001|Faire Games: Language Arts||
LSP08014.001|Faire Games: Mathematics||
SLPS_000.10|Falcata: Astran Pardma no Monshou||ファルカタ アストランパードマの紋章
SLPS_034.87|Family 1500 Series: Mahjong||ファミリー１５００シリーズ　麻雀
SLPS_015.23|Family Bowling||ファミリー・ボウリング
SLPS_030.43|Family Bowling||ファミリー・ボウリング
SLUS_014.54|Family Card Games Fun Pack||
SLPS_033.92|Family Chess||ファミリーチェス
LSP15020.001|Family Connection: A Guide to Lightspan||
SLPS_033.48|Family Diamond||ファミリーダイヤモンド
SLUS_011.71|Family Feud||
SLUS_010.49|Family Game Pack||
SLES_034.85|Family Games Compendium (Disc 1)||
SLES_134.85|Family Games Compendium (Disc 2)||
SLES_234.85|Family Games Compendium (Disc 3)||
SLPS_033.79|Family Gunjin Shougi||ファミリー軍人将棋
SLPS_034.88|Family Igo 2||ファミリー囲碁２
SLPS_033.78|Family Igo: Super Strong||ファミリー囲碁スーパーストロング
SLPS_034.89|Family Shougi 2||ファミリー将棋２
SLPS_033.77|Family Shougi: Super Strong||ファミリー将棋　スーパーストロング
SLPS_016.65|Famires e Youkoso!||ファミレスへようこそ
SLPM_804.83|Famitsu Wave 10gatsu-gou Vol. 15||ファミ通Ｗａｖｅ　１０月号　Ｖｏｌ．１５
SLPM_804.98|Famitsu Wave 11gatsu-gou Vol. 16||ファミ通Ｗａｖｅ　１１月号　Ｖｏｌ．１６
SLPM_803.12|Famitsu Wave 11gatsu-gou Vol. 4||ファミ通Ｗａｖｅ　１１月号　Ｖｏｌ．４
SLPM_805.02|Famitsu Wave 12gatsu-gou Vol. 17||ファミ通Ｗａｖｅ　１２月号　Ｖｏｌ．１７
SLPM_803.39|Famitsu Wave 12gatsu-gou Vol. 5||ファミ通Ｗａｖｅ　１２月号　Ｖｏｌ．５
SLPM_805.18|Famitsu Wave 1gatsu-gou Vol. 18||ファミ通Ｗａｖｅ　１月号　Ｖｏｌ．１８
SLPM_803.52|Famitsu Wave 1gatsu-gou Vol. 6||ファミ通Ｗａｖｅ　１月号　Ｖｏｌ．６
SLPM_805.30|Famitsu Wave 2gatsu-gou Vol. 19||ファミ通Ｗａｖｅ　２月号　Ｖｏｌ．１９
SLPM_803.66|Famitsu Wave 2gatsu-gou Vol. 7||ファミ通Ｗａｖｅ　２月号　Ｖｏｌ．７
SLPM_805.43|Famitsu Wave 3gatsu-gou Vol. 20||ファミ通Ｗａｖｅ　３月号　Ｖｏｌ．２０
SLPM_803.83|Famitsu Wave 3gatsu-gou Vol. 8||ファミ通Ｗａｖｅ　３月号　Ｖｏｌ．８
SLPM_803.94|Famitsu Wave 4gatsu-gou Vol. 9||ファミ通Ｗａｖｅ　４月号　Ｖｏｌ．９
SLPM_804.11|Famitsu Wave 5gatsu-gou Vol. 10||ファミ通Ｗａｖｅ　５月号　Ｖｏｌ．１０
SLPM_804.23|Famitsu Wave 6gatsu-gou Vol. 11||ファミ通Ｗａｖｅ　６月号　Ｖｏｌ．１１
SLPM_804.34|Famitsu Wave 7gatsu-gou Vol. 12||ファミ通Ｗａｖｅ　７月号　Ｖｏｌ．１２
SLPM_804.50|Famitsu Wave 8gatsu-gou Vol. 13||ファミ通Ｗａｖｅ　８月号　Ｖｏｌ．１３
SLPM_804.65|Famitsu Wave 9gatsu-gou Vol. 14||ファミ通Ｗａｖｅ　９月号　Ｖｏｌ．１４
SLPM_802.56|Famitsu Wave Soukan-gou Vol. 1||ファミ通Ｗａｖｅ　創刊号　Ｖｏｌ．１
SLPM_802.77|Famitsu Wave Soukan-gou Vol. 2||ファミ通Ｗａｖｅ　創刊号　Ｖｏｌ．２
SLPM_802.90|Famitsu Wave Soukan-gou Vol. 3||ファミ通Ｗａｖｅ　創刊号　Ｖｏｌ．３
SLPS_007.81|Fantastep||ファンタステップ
SLPS_032.14|Fantastic Fortune||ファンタスティックフォーチュン
SLES_005.48|Fantastic Four||
SLPS_010.34|Fantastic Four||ファンタスティックフォー
SLUS_003.95|Fantastic Four||
SLPS_020.34|Fantastic Night Dreams: Cotton Original||コットンオリジナル
SLPS_019.03|Farland Saga: Toki no Michishirube||ファーランドサーガ　時の道標
SLPS_007.97|Farland Story: Yottsu no Fuuin||ファーランドストーリー　四つの封印
SLPM_801.37|Farland Story: Yottsu no Fuuin (Taikenban)||ファーランドストーリー　四つの封印（体験版）
SLUS_010.01|Fatal Fury: Wild Ambition||
SLPS_017.59|Favorite Dear||フェイバリットディア
SLPS_032.86|Favorite Dear: Enkan no Monogatari||フェイバリットディア　円環の物語
SLPS_027.54|Favorite Dear: Junpaku no Yogensha||フェイバリットディア　純白の預言者
SLES_021.66|Fear Effect (Disc 1)||
SLES_021.67|Fear Effect (Disc 1)||
SLES_021.68|Fear Effect (Disc 1)||
SLUS_009.20|Fear Effect (Disc 1)||
SLES_121.66|Fear Effect (Disc 2)||
SLES_121.67|Fear Effect (Disc 2)||
SLES_121.68|Fear Effect (Disc 2)||
SLUS_010.56|Fear Effect (Disc 2)||
SLES_221.66|Fear Effect (Disc 3)||
SLES_221.67|Fear Effect (Disc 3)||
SLES_221.68|Fear Effect (Disc 3)||
SLUS_010.57|Fear Effect (Disc 3)||
SLES_321.66|Fear Effect (Disc 4)||
SLES_321.67|Fear Effect (Disc 4)||
SLES_321.68|Fear Effect (Disc 4)||
SLUS_010.58|Fear Effect (Disc 4)||
SLES_033.86|Fear Effect 2: Retro Helix (Disc 1)||
SLUS_012.66|Fear Effect 2: Retro Helix (Disc 1)||
SLES_133.86|Fear Effect 2: Retro Helix (Disc 2)||
SLUS_012.75|Fear Effect 2: Retro Helix (Disc 2)||
SLES_233.86|Fear Effect 2: Retro Helix (Disc 3)||
SLUS_012.76|Fear Effect 2: Retro Helix (Disc 3)||
SLES_333.86|Fear Effect 2: Retro Helix (Disc 4)||
SLUS_012.77|Fear Effect 2: Retro Helix (Disc 4)||
SLES_009.40|Felony 11-79||
SLUS_005.33|Felony 11-79||
SLPS_027.60|Fever 2: Sankyo Koushiki Pachinko Simulation||ＦＥＶＥＲ２　～ＳＡＮＫＹＯ公式パチンコシミュレーション～
SLPS_029.94|Fever 3: Sankyo Koushiki Pachinko Simulation||ＦＥＶＥＲ３　～ＳＡＮＫＹＯ公式パチンコシミュレーション～
SLPS_914.75|Fever 3: Sankyo Koushiki Pachinko Simulation||ＦＥＶＥＲ３　～ＳＡＮＫＹＯ公式パチンコシミュレーション～
SLPS_031.66|Fever 4: Sankyo Koushiki Pachinko Simulation||ＦＥＶＥＲ４　～ＳＡＮＫＹＯ公式パチンコ・シミュレーション～
SLPS_032.77|Fever 5: Sankyo Koushiki Pachinko Simulation||ＦＥＶＥＲ５　～ＳＡＮＫＹＯ公式パチンコシミュレーション～
SLPS_914.95|Fever 5: Sankyo Koushiki Pachinko Simulation||ＦＥＶＥＲ５　～ＳＡＮＫＹＯ公式パチンコシミュレーション～
SLPS_023.71|Fever: Sankyo Koushiki Pachinko Simulation||ＦＥＶＥＲ　ＳＡＮＫＹＯ公式パチンコシミュレーション
SLES_025.15|Fighter Maker||
SLUS_006.41|Fighter Maker||
SLPS_008.22|Fighters' Impact||ファイターズ　インパクト
SLPS_013.13|Fighting Eyes||ファイティングアイズ
SLES_007.31|Fighting Force||
SLUS_004.33|Fighting Force||
SLED_010.98|Fighting Force & Tomb Raider II (Demo)||
SLED_008.81|Fighting Force (Demo)||
SLES_022.33|Fighting Force 2||
SLES_022.35|Fighting Force 2||
SLES_022.37|Fighting Force 2||
SLUS_009.34|Fighting Force 2||
SLED_023.14|Fighting Force 2 (Demo)||
SLPS_023.04|Fighting Illusion V: K-1 Grand Prix '99||ファイティングイリュージョンⅤ　Ｋ－１グランプリ′９９
SLPS_029.85|Fighting Illusion: K-1 GP 2000||ファイティングイリュージョン　Ｋ－１ＧＰ　２０００
SLPS_003.40|Fighting Illusion: K-1 Grand Prix||ファイティングイリュージョン　Ｋ‐１グランプリ
SLPS_016.96|Fighting Illusion: K-1 Grand Prix '98||ファイティング・イリュージョン　Ｋ－１　グラン・プリ′９８
SLPM_803.41|Fighting Illusion: K-1 Grand Prix '98 (Demo)||ファイティング・イリュージョン　Ｋ－１　グラン・プリ′９８
SLPS_009.78|Fighting Illusion: K-1 Revenge||ファイティングイリュージョン Ｋ‐１　リベンジ
SLPS_910.90|Fighting Illusion: K-1 Revenge||ファイティングイリュージョン Ｋ‐１　リベンジ
SLPS_006.31|Fighting Network Rings||ファイティングネットワーク　リングス
SLES_004.87|Final Doom||
SLPS_007.27|Final Doom||ファイナル・ドゥーム
SLUS_003.31|Final Doom||
SLPS_034.30|Final Fantasy||ファイナルファンタジー
SLPS_035.00|Final Fantasy||ファイナルファンタジー
SCES_038.40|Final Fantasy Anthology: European Edition: Final Fantasy IV||
SCES_138.40|Final Fantasy Anthology: European Edition: Final Fantasy V||
SLUS_008.79|Final Fantasy Anthology: Final Fantasy V||
SLUS_009.00|Final Fantasy Anthology: Final Fantasy VI||
SLUS_013.63|Final Fantasy Chronicles: Chrono Trigger||
SLUS_013.60|Final Fantasy Chronicles: Final Fantasy IV||
SLPM_800.73|Final Fantasy Extra Collection||ファイナルファンタジー　エクストラコレクション
SLPS_035.01|Final Fantasy II||ファイナルファンタジーⅡ
SLPS_035.02|Final Fantasy II||ファイナルファンタジーⅡ
SLPM_860.28|Final Fantasy IV||ファイナルファンタジーⅣ
SLPS_019.48|Final Fantasy IV||ファイナルファンタジーⅣ
SCPS_455.00|Final Fantasy IX (Disc 1)||ファイナルファンタジーⅨ（ディスク１）
SLES_029.65|Final Fantasy IX (Disc 1)||
SLES_029.66|Final Fantasy IX (Disc 1)||
SLES_029.67|Final Fantasy IX (Disc 1)||
SLES_029.68|Final Fantasy IX (Disc 1)||
SLES_029.69|Final Fantasy IX (Disc 1)||
SLPM_873.88|Final Fantasy IX (Disc 1)||ファイナルファンタジーⅨ（ディスク１）
SLPS_020.00|Final Fantasy IX (Disc 1)||ファイナルファンタジーⅨ（ディスク１）
SLUS_012.51|Final Fantasy IX (Disc 1)||
SCPS_455.01|Final Fantasy IX (Disc 2)||ファイナルファンタジーⅨ（ディスク２）
SLES_129.65|Final Fantasy IX (Disc 2)||
SLES_129.66|Final Fantasy IX (Disc 2)||
SLES_129.67|Final Fantasy IX (Disc 2)||
SLES_129.68|Final Fantasy IX (Disc 2)||
SLES_129.69|Final Fantasy IX (Disc 2)||
SLPM_873.89|Final Fantasy IX (Disc 2)||ファイナルファンタジーⅨ（ディスク２）
SLPS_020.01|Final Fantasy IX (Disc 2)||ファイナルファンタジーⅨ（ディスク２）
SLUS_012.95|Final Fantasy IX (Disc 2)||
SCPS_455.02|Final Fantasy IX (Disc 3)||ファイナルファンタジーⅨ（ディスク３）
SLES_229.65|Final Fantasy IX (Disc 3)||
SLES_229.66|Final Fantasy IX (Disc 3)||
SLES_229.67|Final Fantasy IX (Disc 3)||
SLES_229.68|Final Fantasy IX (Disc 3)||
SLES_229.69|Final Fantasy IX (Disc 3)||
SLPM_873.90|Final Fantasy IX (Disc 3)||ファイナルファンタジーⅨ（ディスク３）
SLPS_020.02|Final Fantasy IX (Disc 3)||ファイナルファンタジーⅨ（ディスク３）
SLUS_012.96|Final Fantasy IX (Disc 3)||
SCPS_455.03|Final Fantasy IX (Disc 4)||ファイナルファンタジーⅨ（ディスク４）
SLES_329.65|Final Fantasy IX (Disc 4)||
SLES_329.66|Final Fantasy IX (Disc 4)||
SLES_329.67|Final Fantasy IX (Disc 4)||
SLES_329.68|Final Fantasy IX (Disc 4)||
SLES_329.69|Final Fantasy IX (Disc 4)||
SLPM_873.91|Final Fantasy IX (Disc 4)||ファイナルファンタジーⅨ（ディスク４）
SLPS_020.03|Final Fantasy IX (Disc 4)||ファイナルファンタジーⅨ（ディスク４）
SLUS_012.97|Final Fantasy IX (Disc 4)||
SLUS_015.41|Final Fantasy Origins||
SLES_040.34|Final Fantasy Origins: Final Fantasy||
SLES_140.34|Final Fantasy Origins: Final Fantasy II||
SCUS_942.21|Final Fantasy Tactics||
SLPM_873.92|Final Fantasy Tactics||ファイナルファンタジータクティクス
SLPS_007.70|Final Fantasy Tactics||ファイナルファンタジータクティクス
SLPS_027.68|Final Fantasy Tactics||ファイナルファンタジータクティクス
SLPS_914.35|Final Fantasy Tactics||ファイナルファンタジータクティクス
SCPS_452.14|Final Fantasy V||ファイナルファンタジーⅤ
SLPM_860.81|Final Fantasy V||ファイナルファンタジーⅤ
SLPS_019.49|Final Fantasy V||ファイナルファンタジーⅤ
SCES_038.28|Final Fantasy VI||
SCPS_453.87|Final Fantasy VI||ファイナルファンタジーⅥ
SLPM_861.98|Final Fantasy VI||ファイナルファンタジーⅥ
SLPS_019.50|Final Fantasy VI||ファイナルファンタジーⅥ
SCES_008.67|Final Fantasy VII (Disc 1)||
SCES_008.68|Final Fantasy VII (Disc 1)||
SCES_008.69|Final Fantasy VII (Disc 1)||
SCES_009.00|Final Fantasy VII (Disc 1)||
SCUS_941.63|Final Fantasy VII (Disc 1)||
SLPS_007.00|Final Fantasy VII (Disc 1)||ファイナルファンタジーⅦ（ディスク１）
SCES_108.67|Final Fantasy VII (Disc 2)||
SCES_108.68|Final Fantasy VII (Disc 2)||
SCES_108.69|Final Fantasy VII (Disc 2)||
SCES_109.00|Final Fantasy VII (Disc 2)||
SCUS_941.64|Final Fantasy VII (Disc 2)||
SLPS_007.01|Final Fantasy VII (Disc 2)||ファイナルファンタジーⅦ（ディスク２）
SCES_208.67|Final Fantasy VII (Disc 3)||
SCES_208.68|Final Fantasy VII (Disc 3)||
SCES_208.69|Final Fantasy VII (Disc 3)||
SCES_209.00|Final Fantasy VII (Disc 3)||
SCUS_941.65|Final Fantasy VII (Disc 3)||
SLPS_007.02|Final Fantasy VII (Disc 3)||ファイナルファンタジーⅦ（ディスク３）
SCUS_949.61|Final Fantasy VII (Interactive Sampler CD)||
SCUS_941.79|Final Fantasy VII (Square Soft on PlayStation Previews)||
SLPM_840.20|Final Fantasy VII International (Disc 1)||ファイナルファンタジーⅦ　インターナショナル（ディスク１）
SLPM_873.80|Final Fantasy VII International (Disc 1)||ファイナルファンタジーⅦ　インターナショナル（ディスク１）
SLPS_010.57|Final Fantasy VII International (Disc 1)||ファイナルファンタジーⅦ　インターナショナル（ディスク１）
SLPS_914.40|Final Fantasy VII International (Disc 1)||ファイナルファンタジーⅦ　インターナショナル（ディスク１）
SLPM_840.21|Final Fantasy VII International (Disc 2)||ファイナルファンタジーⅦ　インターナショナル（ディスク２）
SLPM_873.81|Final Fantasy VII International (Disc 2)||ファイナルファンタジーⅦ　インターナショナル（ディスク２）
SLPS_010.58|Final Fantasy VII International (Disc 2)||ファイナルファンタジーⅦ　インターナショナル（ディスク２）
SLPS_914.41|Final Fantasy VII International (Disc 2)||ファイナルファンタジーⅦ　インターナショナル（ディスク２）
SLPM_840.22|Final Fantasy VII International (Disc 3)||ファイナルファンタジーⅦ　インターナショナル（ディスク３）
SLPM_873.82|Final Fantasy VII International (Disc 3)||ファイナルファンタジーⅦ　インターナショナル（ディスク３）
SLPS_010.59|Final Fantasy VII International (Disc 3)||ファイナルファンタジーⅦ　インターナショナル（ディスク３）
SLPS_914.42|Final Fantasy VII International (Disc 3)||ファイナルファンタジーⅦ　インターナショナル（ディスク３）
SLPM_840.23|Final Fantasy VII International (Disc 4) (Perfect Guide)||ファイナルファンタジーⅦ　インターナショナル（ディスク４）
SLPM_873.83|Final Fantasy VII International (Disc 4) (Perfect Guide)||ファイナルファンタジーⅦ　インターナショナル（ディスク４）
SLPS_010.60|Final Fantasy VII International (Disc 4) (Perfect Guide)||ファイナルファンタジーⅦ　インターナショナル（ディスク４）
SLPS_914.43|Final Fantasy VII International (Disc 4) (Perfect Guide)||ファイナルファンタジーⅦ　インターナショナル（ディスク４）
SCED_020.62|Final Fantasy VIII (Demo)||
SLED_022.58|Final Fantasy VIII (Demo)||
SLED_022.59|Final Fantasy VIII (Demo)||
SLED_022.62|Final Fantasy VIII (Demo)||
SCES_020.80|Final Fantasy VIII (Disc 1)||
SCPS_453.75|Final Fantasy VIII (Disc 1)||ファイナルファンタジーⅧ（ディスク１）
SLES_020.80|Final Fantasy VIII (Disc 1)||
SLES_020.81|Final Fantasy VIII (Disc 1)||
SLES_020.82|Final Fantasy VIII (Disc 1)||
SLES_020.83|Final Fantasy VIII (Disc 1)||
SLES_020.84|Final Fantasy VIII (Disc 1)||
SLPM_873.84|Final Fantasy VIII (Disc 1)||ファイナルファンタジーⅧ（ディスク１）
SLPS_018.80|Final Fantasy VIII (Disc 1)||ファイナルファンタジーⅧ（ディスク１）
SLUS_008.92|Final Fantasy VIII (Disc 1)||
SCES_120.80|Final Fantasy VIII (Disc 2)||
SCPS_453.76|Final Fantasy VIII (Disc 2)||ファイナルファンタジーⅧ（ディスク２）
SLES_120.80|Final Fantasy VIII (Disc 2)||
SLES_120.81|Final Fantasy VIII (Disc 2)||
SLES_120.82|Final Fantasy VIII (Disc 2)||
SLES_120.83|Final Fantasy VIII (Disc 2)||
SLES_120.84|Final Fantasy VIII (Disc 2)||
SLPM_873.85|Final Fantasy VIII (Disc 2)||ファイナルファンタジーⅧ（ディスク２）
SLPS_018.81|Final Fantasy VIII (Disc 2)||ファイナルファンタジーⅧ（ディスク２）
SLUS_009.08|Final Fantasy VIII (Disc 2)||
SCES_220.80|Final Fantasy VIII (Disc 3)||
SCPS_453.77|Final Fantasy VIII (Disc 3)||ファイナルファンタジーⅧ（ディスク３）
SLES_220.80|Final Fantasy VIII (Disc 3)||
SLES_220.81|Final Fantasy VIII (Disc 3)||
SLES_220.82|Final Fantasy VIII (Disc 3)||
SLES_220.83|Final Fantasy VIII (Disc 3)||
SLES_220.84|Final Fantasy VIII (Disc 3)||
SLPM_873.86|Final Fantasy VIII (Disc 3)||ファイナルファンタジーⅧ（ディスク３）
SLPS_018.82|Final Fantasy VIII (Disc 3)||ファイナルファンタジーⅧ（ディスク３）
SLUS_009.09|Final Fantasy VIII (Disc 3)||
SCES_320.80|Final Fantasy VIII (Disc 4)||
SCPS_453.78|Final Fantasy VIII (Disc 4)||ファイナルファンタジーⅧ（ディスク４）
SLES_320.80|Final Fantasy VIII (Disc 4)||
SLES_320.81|Final Fantasy VIII (Disc 4)||
SLES_320.82|Final Fantasy VIII (Disc 4)||
SLES_320.83|Final Fantasy VIII (Disc 4)||
SLES_320.84|Final Fantasy VIII (Disc 4)||
SLPM_873.87|Final Fantasy VIII (Disc 4)||ファイナルファンタジーⅧ（ディスク４）
SLPS_018.83|Final Fantasy VIII (Disc 4)||ファイナルファンタジーⅧ（ディスク４）
SLUS_009.10|Final Fantasy VIII (Disc 4)||
SLPM_802.69|Final Fantasy VIII (Square's Preview Extra) (Taikenban)||ファイナルファンタジーⅧ（体験版）
SLPS_012.66|Final Round||ファイナル・ラウンド
SLPS_021.58|Finger Flashing||ふぃんがぁ★ふらっしんぐ
SCPS_100.55|Fire Panic: Mack no Rescue Daisakusen||ファイヤーパニック　～マックのレスキュー大作戦～
SLPS_020.65|Fire Pro Wrestling G||ファイヤープロレスリングＧ
SLPS_028.17|Fire Pro Wrestling G||ファイヤープロレスリングＧ
SLPS_002.77|Fire Pro Wrestling: Iron Slam '96||ファイヤープロレスリング　アイアンスラム’９６
SLPS_013.15|Fire Woman Matoigumi||ファイアー・ウーマン纏組
SCES_038.84|Firebugs||
SLES_001.44|Firestorm: Thunderhawk 2||
SLES_001.45|Firestorm: Thunderhawk 2||
SLES_000.94|Firo & Klawd||
SLES_002.52|Firo & Klawd||
SLES_002.53|Firo & Klawd||
SLES_002.54|Firo & Klawd||
SLPS_008.03|Firo & Klawd||ファイロ＆クロード
SLPS_017.08|First Kiss Story (Disc 1)||ファーストＫｉｓｓ☆物語（ディスク１）
SLPS_017.09|First Kiss Story (Disc 2)||ファーストＫｉｓｓ☆物語（ディスク２）
SLPS_006.04|First Queen IV: Varcia Senki||ファーストクィーンⅣ　バルシア戦記
SLPS_004.63|Fish Eyes||フィッシュアイズ
SLPS_910.40|Fish Eyes||フィッシュアイズ
SLPS_914.58|Fish Eyes||フィッシュアイズ
SLPS_023.83|Fish Eyes II||フィッシュアイズⅡ
SLPM_805.23|Fish Eyes II (Taikenban)||フィッシュアイズⅡ（体験版）
SLPS_022.88|Fish On! Bass||フィッシュ　オン！　バス
SLPS_019.43|Fisher's Road||フィッシャーズロード
SLES_025.96|Fisherman's Bait 2: Big Ol' Bass||
SLUS_009.99|Fisherman's Bait 2: Big Ol' Bass||
SLES_032.95|Fisherman's Bait 3||
SLUS_008.02|Fisherman's Bait: A Bass Challenge||
SLES_020.85|Fisherman's Bait: Bass Challenge||
SLPS_019.30|Fishing Freaks: BassRise||バスライズ
SLPS_019.31|Fishing Freaks: BassRise||バスライズ
SLPM_803.74|Fishing Freaks: BassRise (Taikenban)||バスライズ（体験版）
SLPM_804.04|Fishing Freaks: BassRise (Taikenban)||バスライズ（体験版）
SLPS_025.72|Fishing Freaks: BassRise Plus||バスライズ　プラス
SLPS_007.49|Fishing Koushien II||フィッシング甲子園Ⅱ
SLPS_005.38|Fist||フィスト
SLPS_027.19|Flamberge no Seirei||フランベルジュの精霊
SLES_004.53|Floating Runner||
SLPS_001.47|Floating Runner: 7-tsu no Suishou no Monogatari||フローティングランナー　７つの水晶の物語
SLUS_002.31|Floating Runner: Quest for the 7 Crystals||
SCES_009.85|Fluid||
SCED_015.72|Fluid (Demo)||
SLES_041.56|Flying Squadron||
SLES_035.46|Folles Poursuites||
SLES_040.47|Football Madness||
SLES_029.78|Football Manager Campionato 2001||
SLES_036.06|Football Manager Campionato 2002||
SCED_013.87|Football Special (Demo)||
SLES_032.76|Ford Racing||
SLUS_013.01|Ford Racing||
SLES_041.09|Ford Truck Mania||
SLUS_015.40|Ford Truck Mania||
SLPS_031.91|Forget Me Not: Palette||Ｆｏｒｇｅｔ　ｍｅ　ｎｏｔ　－パレット－
SLPS_007.62|Formation Soccer '97: The Road to France||フォーメーションサッカー′９７　ザ・ロード・トゥ・フランス
SLPM_866.40|Formation Soccer '98||フォーメーションサッカー＇９８
SLPS_014.19|Formation Soccer '98: Ganbare Nippon in France||フォーメーションサッカー´９８　～ガンバレニッポン　ｉｎ　Ｆｒａｎｃｅ～
SCUS_943.53|Formula 1||
SIPS_600.11|Formula 1||フォーミュラ・ワン
SLES_002.98|Formula 1||
SIPS_600.23|Formula 1 97||フォーミュラ・ワン９７
SLES_008.59|Formula 1 97||
SLES_014.21|Formula 1 98||
SLUS_007.44|Formula 1 98||
SLUS_005.46|Formula 1 Championship Edition||
SLUS_006.12|Formula 1 Championship Edition||
SLPS_003.58|Formula Circus||フォーミュラ・サーカス
SLPM_800.97|Formula Circus (Taikenban)||フォーミュラ・サーカス（体験版）
SLES_039.94|Formula GP||
SLPS_011.54|Formula Grand Prix: Team Un'ei Simulation 2: 1997-nenban||フォーミュラ・グランプリ　～チーム・運営・シミュレーション２～　「１９９７年版」
SLES_007.26|Formula Karts: Special Edition||
SLED_004.47|Formula Karts: Special Edition (Demo)||
SLES_025.26|Formula Nippon||
SLES_025.27|Formula Nippon||
SLPS_022.59|Formula Nippon '99: Racing Driver ni Narou!||フォーミュラ・ニッポン´９９
SLED_004.91|Formula One (Demo)||
SCES_027.77|Formula One 2000||
SCES_027.78|Formula One 2000||
SCES_027.79|Formula One 2000||
SLUS_011.34|Formula One 2000||
SCES_034.04|Formula One 2001||
SCES_034.23|Formula One 2001||
SCES_034.24|Formula One 2001||
SCES_035.24|Formula One 2001||
SCES_019.79|Formula One 99||
SCES_022.22|Formula One 99||
SCPS_101.01|Formula One 99||フォーミュラワン９９
SLUS_008.70|Formula One 99||
SCES_038.86|Formula One Arcade||
SLES_007.45|Forsaken||
SLES_010.86|Forsaken||
SLES_010.87|Forsaken||
SLES_010.88|Forsaken||
SLES_010.89|Forsaken||
SLPM_863.07|Forsaken||フォーセイケン
SLPS_014.88|Forsaken||フォーセイケン
SLUS_004.58|Forsaken||
SLED_012.63|Forsaken (Demo)||
SLUS_001.01|Fox Hunt (Disc 1)||
SLUS_001.75|Fox Hunt (Disc 2)||
SLUS_001.76|Fox Hunt (Disc 3)||
SLPS_013.55|Fox Junction||フォックスジャンクション
SLUS_006.36|Fox Sports Golf '99||
SLUS_006.35|Fox Sports Soccer '99||
SLUS_011.29|FoxKids.com: Micro Maniacs Racing||
SLES_001.00|Frank Thomas Big Hurt Baseball||
SLPS_004.53|Frank Thomas Big Hurt Baseball||フランク・トーマス　ＢＩＧ　ＨＵＲＴ　ベースボール
SLUS_000.10|Frank Thomas Big Hurt Baseball||
SLES_012.67|Frankreich 98: Die Fußball-WM||
SCED_040.09|Free Spin Demo Disc! (Press Kit)||
SCED_040.12|Free Spin Demo Disc! Völlig Gratis Demo Disc! (Demo)||
SLPS_009.85|Free Talk Studio: Mari no Kimamana Oshaberi||フリー・トーク・スタジオ　～マリの気ままなおしゃべり～
SLUS_007.67|Freestyle Boardin' '99||
SLES_028.20|Freestyle Motocross: McGrath vs. Pastrana||
SLUS_001.22|Freestyle Motocross: McGrath vs. Pastrana||
SLES_033.63|Freestyle Scooter||
SLES_007.84|Frenzy!||
SLES_007.04|Frogger||
SLPS_013.99|Frogger||フロッガー
SLUS_005.06|Frogger||
SLPM_802.41|Frogger (Taikenban)||フロッガー（体験版）
SLES_028.53|Frogger 2: Swampy's Revenge||
SLUS_011.72|Frogger 2: Swampy's Revenge||
SLPM_802.68|From Software 1998 Summer Preview Movies||Ｆｒｏｍ Ｓｏｆｔｗａｒｅ １９９８ Ｓｕｍｍｅｒ Ｐｒｅｖｉｅｗ Ｍｏｖｉｅｓ
SLPS_031.64|One Piece: Grand Battle!||Ｆｒｏｍ　ＴＶ　Ａｎｉｍａｔｉｏｎ　Ｏｎｅ　Ｐｉｅｃｅ　～グランド・バトル！～
SLPS_034.08|One Piece: Grand Battle! 2||Ｆｒｏｍ　ＴＶ　Ａｎｉｍａｔｉｏｎ　Ｏｎｅ　Ｐｉｅｃｅ　～グランド・バトル！２～
SLPS_035.50|One Piece: Oceans of Dreams!||Ｆｒｏｍ　ＴＶ　Ａｎｉｍａｔｉｏｎ　Ｏｎｅ　Ｐｉｅｃｅ　オーシャンズドリーム！
SLPS_032.51|One Piece: Tobidase Kaizokudan!||Ｆｒｏｍ　ＴＶ　Ａｎｉｍａｔｉｏｎ　Ｏｎｅ　Ｐｉｅｃｅ　とびだせ海賊団！
SLPS_032.52|One Piece: Tobidase Kaizokudan!||Ｆｒｏｍ　ＴＶ　Ａｎｉｍａｔｉｏｎ　Ｏｎｅ　Ｐｉｅｃｅ　とびだせ海賊団！
SLPM_873.17|Front Mission 1st||フロントミッション ザ・ファースト
SLPM_873.30|Front Mission 1st||フロントミッション ザ・ファースト
SCPS_451.16|Front Mission 2||フロントミッション セカンド
SLPM_873.31|Front Mission 2||フロントミッション セカンド
SLPM_873.97|Front Mission 2||フロントミッション セカンド
SLPS_010.00|Front Mission 2||フロントミッション セカンド
SLES_024.23|Front Mission 3||
SLPM_873.32|Front Mission 3||フロントミッション サード
SLPM_873.99|Front Mission 3||フロントミッション サード
SLPS_022.22|Front Mission 3||フロントミッション サード
SLPS_027.72|Front Mission 3||フロントミッション サード
SLPS_914.47|Front Mission 3||フロントミッション サード
SLUS_010.11|Front Mission 3||
SLPM_804.67|Front Mission 3 (Taikenban)||フロントミッション サード（体験版）
SLPM_873.98|Front Mission Alternative||フロントミッション オルタナティブ
SLPS_009.53|Front Mission Alternative||フロントミッション オルタナティブ
SLES_027.67|Frontschweine||
SLPS_023.07|Fun! Fun! Pingu: Youkoso! Nankyoku e||ファン！ファン！ピングー　～ようこそ！南極へ～
SLPS_023.06|Fun! Fun! Pingu: Youkoso! Nankyoku e (Genteiban)||ファン！ファン！ピングー　～ようこそ！南極へ～
SLPM_804.86|Fun! Fun! Pingu: Youkoso! Nankyoku e (Taikenban)||ファン！ファン！ピングー　～ようこそ！南極へ～（体験版）
SLPS_034.96|Funky Boxers||ファンキーボクサーズ
SLPM_868.08|Furimukeba Tonari ni||ふりむけば隣に
SLPM_866.42|Fushigi Deka||ふしぎ刑事（デカ）
SLPS_012.35|Fushigi na Data Disc||不思議なデータディスク
SCPS_453.72|Fushigi na Data Disc 2||不思議なデータディスク２
SLPS_017.72|Fushigi na Data Disc 2||不思議なデータディスク２
SLPM_865.07|Fushigi no Kuni no Angelique||ふしぎの国のアンジェリーク
SLPS_007.30|Fushigi no Kuni no Angelique||ふしぎの国のアンジェリーク
SCES_017.02|Fussball Live||
SCES_030.74|Fussball Live 2||
SCED_032.03|Fussball Live 2 (Demo)||
SLES_030.62|Fussball Manager 2001||
SCED_013.07|Fussball Spezial 01||
SLES_014.49|Future Cop: L.A.P.D.||
SLES_014.82|Future Cop: L.A.P.D.||
SLUS_007.39|Future Cop: L.A.P.D.||
SLED_015.09|Future Cop: L.A.P.D. (Demo)||
SLUS_900.34|Future Cop: L.A.P.D. (Demo)||
SLPS_019.58|Future GPX Cyber Formula: Aratanaru Chousensha (Disc 1)||新世紀ＧＰＸサイバーフォーミュラ　～新たなる挑戦者～（ディスク１）
SLPS_034.26|Future GPX Cyber Formula: Aratanaru Chousensha (Disc 1)||新世紀ＧＰＸサイバーフォーミュラ　～新たなる挑戦者～（ディスク１）
SLPS_019.59|Future GPX Cyber Formula: Aratanaru Chousensha (Disc 2)||新世紀ＧＰＸサイバーフォーミュラ　～新たなる挑戦者～（ディスク２）
SLPS_034.27|Future GPX Cyber Formula: Aratanaru Chousensha (Disc 2)||新世紀ＧＰＸサイバーフォーミュラ　～新たなる挑戦者～（ディスク２）
SLES_035.08|Future Racer||
SCPS_453.73|Fuujin Ryouiki Eretzvaju||封神領域エルツヴァーユ
SLPS_017.90|Fuujin Ryouiki Eretzvaju||封神領域エルツヴァーユ
SLPM_803.64|Fuujin Ryouiki Eretzvaju (Taikenban)||封神領域エルツヴァーユ（体験版）
SLPS_030.94|Fuuraiki||風雨来記
SLPS_004.41|Fuuun Gokuu Ninden||風雲悟空忍伝
SCPS_452.02|G Darius||Ｇダライアス
SLPM_864.53|G Darius||Ｇダライアス
SLPS_013.48|G Darius||Ｇダライアス
SLPM_802.05|G Darius (Demo)||Ｇダライアス
SLED_010.34|G-Police (Demo)||
SCPS_100.65|G-Police (Disc 1)||Ｇポリス（ディスク１）
SLES_000.82|G-Police (Disc 1)||
SLES_008.53|G-Police (Disc 1)||
SLES_008.54|G-Police (Disc 1)||
SLES_008.55|G-Police (Disc 1)||
SLES_008.56|G-Police (Disc 1)||
SLUS_005.44|G-Police (Disc 1)||
SCPS_100.66|G-Police (Disc 2)||Ｇポリス（ディスク２）
SLES_100.82|G-Police (Disc 2)||
SLES_108.53|G-Police (Disc 2)||
SLES_108.54|G-Police (Disc 2)||
SLES_108.55|G-Police (Disc 2)||
SLES_108.56|G-Police (Disc 2)||
SLUS_005.56|G-Police (Disc 2)||
PCPX_961.25|G-Police (Taikenban)||Ｇポリス（体験版）
SCES_016.25|G-Police: Weapons of Justice||
SCES_019.17|G-Police: Weapons of Justice||
SCES_019.18|G-Police: Weapons of Justice||
SCES_019.19|G-Police: Weapons of Justice||
SCES_019.20|G-Police: Weapons of Justice||
SLUS_007.98|G-Police: Weapons of Justice||
SLES_013.14|G. Darius||
SLUS_006.90|G. Darius||
SLED_014.39|G. Darius (Demo)||
SLUS_806.90|G. Darius + Devil Dice + Brunswick Circuit Pro Bowling (Trade Demo)||
SLPS_009.44|G.O.D pure||ジー・オー・ディーピュア
SLPM_870.07|G.T.A: Grand Theft Auto||グランド・セフト・オート
SLPS_015.54|G.T.A: Grand Theft Auto||グランド・セフト・オート
SLPM_861.95|GI Jockey||ジーワン　ジョッキー
SLPM_862.13|GI Jockey (Shokai Genteiban)||ジーワン　ジョッキー
SLPM_804.09|GI Jockey (Taikenban)||ジーワン　ジョッキー（体験版）
SLPM_864.13|GI Jockey 2000||ジーワン　ジョッキー ２０００
SLES_032.07|GP Challenge||
SLPM_840.10|GRV 2000||
SLES_026.93|GZSZ Quiz||
SLES_024.41|GZSZ Vol. 2 (Disc 1)||
SLES_124.41|GZSZ Vol. 2 (Disc 2)||
SLES_029.80|GZSZ Vol. 3||
SLPS_010.82|Gadget: Past as Future (Disc 1)||ガジェット　～パスト・アズ・フューチャー～（ディスク１）
SLPS_010.83|Gadget: Past as Future (Disc 2)||ガジェット　～パスト・アズ・フューチャー～（ディスク２）
SLPS_010.84|Gadget: Past as Future (Disc 3)||ガジェット　～パスト・アズ・フューチャー～（ディスク３）
SLPS_010.85|Gadget: Past as Future (Disc 4)||ガジェット　～パスト・アズ・フューチャー～（ディスク４）
SLPS_020.75|GaiaMaster: Kamigami no Board Game||ガイアマスター　～神々のボードゲーム～
SLPM_805.24|GaiaMaster: Kamigami no Board Game (Taikenban)||ガイアマスター　～神々のボードゲーム～（体験版）
SLPS_006.24|GaiaSeed: Project Seed Trap||ガイアシード
SLPS_004.04|Gakkou de Atta Kowai Hanashi S||学校であった怖い話Ｓ
SLPS_000.78|Gakkou no Kowai Uwasa: Hanako-san ga Kita!!||学校のコワイうわさ　花子さんがきた！！
SLPS_016.60|Gakkou o Tsukurou!! 2||学校を作ろう！！２
SLPS_914.85|Gakkou o Tsukurou!! 2||学校を作ろう！！２
SLPS_029.98|Gakkou o Tsukurou!! Kouchou Sensei Monogatari||学校をつくろう！！ 校長先生物語
SLPS_033.13|Gakkou o Tsukurou!! Kouchou Sensei Monogatari||学校をつくろう！！ 校長先生物語
SLPS_011.03|Gakkou o Tsukurou!! Let's Make a School!!||学校をつくろう！！
SLPS_911.20|Gakkou o Tsukurou!! Let's Make a School!!||学校をつくろう！！
SLPS_018.52|Gakuen Sentai Solblast||学園戦隊ソルブラスト
SLES_022.12|Galaga: Destination Earth||
SLUS_012.58|Galaga: Destination Earth||
SCES_002.69|Galaxian³||
SLPS_002.70|Galaxian³||ギャラクシアン³
SLES_001.97|Galaxy Fight||
SLPS_001.38|Galaxy Fight: Universal Warriors||ギャラクシ・ーファイト　－ＵＮＩＶＥＲＳＡＬ　ＷＡＲＲＩＯＲＳ－
SLPS_025.96|Gale Gunner||ゲイルガンナー
SLPS_033.05|Gale Gunner||ゲイルガンナー
SLPS_006.21|Galeoz||ΓΑΛΕΟΖ（ガレオス）
SLED_028.69|Galerians (Demo)||
SLUS_900.77|Galerians (Demo)||
SLES_023.28|Galerians (Disc 1)||
SLES_023.29|Galerians (Disc 1)||
SLES_023.30|Galerians (Disc 1)||
SLPS_021.92|Galerians (Disc 1)||ガレリアンズ（ディスク１）
SLUS_009.86|Galerians (Disc 1)||
SLES_123.28|Galerians (Disc 2)||
SLES_123.29|Galerians (Disc 2)||
SLES_123.30|Galerians (Disc 2)||
SLPS_021.93|Galerians (Disc 2)||ガレリアンズ（ディスク２）
SLUS_010.98|Galerians (Disc 2)||
SLES_223.28|Galerians (Disc 3)||
SLES_223.29|Galerians (Disc 3)||
SLES_223.30|Galerians (Disc 3)||
SLPS_021.94|Galerians (Disc 3)||ガレリアンズ（ディスク３）
SLUS_010.99|Galerians (Disc 3)||
SLPS_005.07|Gallop Racer||ギャロップレーサー
SLUS_009.42|Gallop Racer||
SLPS_010.77|Gallop Racer 2||ギャロップ・レーサー２
SLPS_910.78|Gallop Racer 2||ギャロップ・レーサー２
SLPS_026.23|Gallop Racer 2000||ギャロップレーサー２０００
SLPS_019.81|Gallop Racer 3||ギャロップレーサー３
SLPS_914.04|Gallop Racer 3||ギャロップレーサー３
SLPS_007.74|Game Nihonshi: Kakumeiji Oda Nobunaga||ゲーム日本史 革命児 織田信長
SLPS_016.07|Game Soft o Tsukurou: Let's Be a Super Game Creator!!||ゲームソフトをつくろう
SLPS_035.49|Game de Hajimeru TOEIC Test: Mazu wa Nyuumon-hen 1500||ゲームではじめるＴＯＥＩＣ ＴＥＳＴ　～まずは入門編１５００～
SLPS_013.06|Game de Seishun||ゲームで青春
SLPS_000.30|Game no Tatsujin||ゲームの達人
SLPS_020.52|Game no Tatsujin||ゲームの達人
SLPS_002.13|Game no Tatsujin 2||ゲームの達人２
SLPS_032.97|Game no Tatsujin 2||ゲームの達人２
SLPS_000.96|Game no Tetsujin: The Shanghai||ゲームの鉄人　～ＴＨＥ　上海～
SLPS_008.33|Gamera 2000||ガメラ２０００
SLPM_800.93|Gamera 2000 (Taikenban)||ガメラ２０００（体験版）
SLPM_861.55|Ganbare Goemon: Kuru nara Koi! Ayashige Ikka no Kuroi Kage||がんばれゴエモン 来るなら恋！綾繁一家の黒い影
SLPM_865.72|Ganbare Goemon: Kuru nara Koi! Ayashige Ikka no Kuroi Kage||がんばれゴエモン 来るなら恋！綾繁一家の黒い影
SLPM_867.74|Ganbare Goemon: Ooedo Daikaiten||がんばれゴエモン 大江戸大回転
SLPM_869.40|Ganbare Goemon: Ooedo Daikaiten||がんばれゴエモン 大江戸大回転
SLPM_871.97|Ganbare Goemon: Ooedo Daikaiten||がんばれゴエモン 大江戸大回転
SLPM_860.30|Ganbare Goemon: Uchuu Kaizoku Akogingu||がんばれゴエモン 宇宙海賊アコギング
SLPS_002.17|Ganbare Goemon: Uchuu Kaizoku Akogingu||がんばれゴエモン 宇宙海賊アコギング
SCPS_100.36|Ganbare Morikawa-kun 2-gou||がんばれ森川君２号
SCPS_100.33|Ganbare Morikawa-kun 2-gou (Genteiban)||がんばれ森川君２号
SLPM_864.82|Ganbare! Nippon! Olympic 2000||がんばれ！ニッポン！オリンピック２０００
SLPS_014.68|Gangway Monsters||ギャングウェイ・モンスターズ
SLPS_013.73|Ganso Family Mahjong||元祖ファミリーマージャン
SLPS_020.94|Ganso Family Mahjong 2||元祖ファミリーマージャン２
SCPS_454.09|Garou Densetsu: Wild Ambition||餓狼伝説 ワイルドアンビション
SLPM_862.36|Garou Densetsu: Wild Ambition||餓狼伝説 ワイルドアンビション
SLPM_804.46|Garou Densetsu: Wild Ambition (Taikenban)||餓狼伝説　～ワイルドアンビション～（体験版）
SLPS_022.46|Gate Keepers (Disc 1)||ゲート・キーパーズ（ディスク１）
SLPS_022.47|Gate Keepers (Disc 2)||ゲート・キーパーズ（ディスク２）
SLES_027.91|Gauntlet Legends||
SLES_029.31|Gauntlet Legends||
SLES_029.32|Gauntlet Legends||
SLUS_006.24|Gauntlet Legends||
SLUS_806.24|Gauntlet Legends (Trade Demo)||
SLPS_006.44|GeGeGe no Kitarou||ゲゲゲの鬼太郎
SLPM_872.86|GeGeGe no Kitarou: Gyakushuu! Youma Daikessen||ゲゲゲの鬼太郎　逆襲！妖魔大血戦
SLPM_873.42|GeGeGe no Kitarou: Gyakushuu! Youma Daikessen||ゲゲゲの鬼太郎　逆襲！妖魔大血戦
SLPS_031.89|Gear Fighter Dendoh||ＧＥＡＲ戦士　電童
SLPS_020.56|Geki-Oh: Shienryuu||撃王 ～紫炎龍～
SLES_012.41|Gekido: Urban Fighters||
SLUS_009.70|Gekido: Urban Fighters||
SLES_040.04|Gekioh: Shooting King||
SLUS_014.98|Gekioh: Shooting King||
SLPS_006.96|Gekiretsu Pachinkers||激烈パチンカーズ
SCPS_100.87|Gekisou Tomarunner|Sony Computer Entertainment|激走 トマランナー
PCPX_961.64|Gekisou Tomarunner (Taikenban)|Sony Computer Entertainment|激走トマランナー（体験版）
SLPS_013.46|Gekisou!! Grand Racing: Total Drivin'||激走！！ グランド・レーシング　－ＴＯＴＡＬ　ＤＲＩＶＩＮ´－
SCPS_101.34|Gekitotsu Toma L'Arc: Tomarunner vs L'Arc-en-Ciel|Sony Computer Entertainment|激突トマラルク ＴＯＭＡＲＵＮＮＥＲ ｖｓ Ｌ＇Ａｒｃ～ｅｎ～Ｃｉｅｌ
SLPS_009.26|Gekitotsu! Yonku Battle 4WD||激突！四駆バトル　４ＷＤ
SLPS_034.53|Gekitou! Crush Gear Turbo||激闘！ クラッシュギアＴＵＲＢＯ
SLPM_840.16|Gekitou! Crush Gear Turbo: Comic Bom Bom Special Disc||激闘！　クラッシュギアＴＵＲＢＯ　コミックボンボン　スペシャルディスク
SLPS_004.21|Gekka no Kishi: Ouryuu-sen||月下の棋士　～王竜戦～
SLPS_004.91|Gen'ei Tougi: Shadow Struggle||幻影闘技　－ＳＨＡＤＯＷ　ＳＴＲＵＧＧＬＥ－
SLPM_861.75|Genghis Khan: Aoki Ookami to Shiroki Mejika IV||チンギスハーン・蒼き狼と白き牝鹿Ⅳ
SCPS_100.38|Gensei Kyokou Seirei Kidoudan: Elemental Gearbolt||幻世虚構 精霊機導弾 ＥＬＥＭＥＮＴＡＬ ＧＥＡＲＢＯＬＴ
SLPM_869.86|Gensou Maden Saiyuuki: Haruka naru Nishi e||幻想魔伝最遊記　～遥かなる西へ～
SLPM_866.37|Gensou Suiko Gaiden Vol. 1: Harmonia no Kenshi||幻想水滸外伝Ｖｏｌ．１　～ハルモニアの剣士～
SLPM_868.83|Gensou Suiko Gaiden Vol. 1: Harmonia no Kenshi||幻想水滸外伝Ｖｏｌ．１　～ハルモニアの剣士～
SLPM_872.61|Gensou Suiko Gaiden Vol. 1: Harmonia no Kenshi||幻想水滸外伝Ｖｏｌ．１　～ハルモニアの剣士～
SLPM_866.63|Gensou Suiko Gaiden Vol. 2: Crystal Valley no Kettou||幻想水滸外伝 Ｖｏｌ．２ クリスタルバレーの決闘
SLPM_872.62|Gensou Suiko Gaiden Vol. 2: Crystal Valley no Kettou||幻想水滸外伝 Ｖｏｌ．２ クリスタルバレーの決闘
SLPM_860.17|Gensou Suikoden||幻想水滸伝
SLPM_870.99|Gensou Suikoden||幻想水滸伝
SLPS_000.97|Gensou Suikoden||幻想水滸伝
SLPM_861.68|Gensou Suikoden II||幻想水滸伝Ⅱ
SLPM_863.89|Gensou Suikoden II||幻想水滸伝Ⅱ
SLPM_871.00|Gensou Suikoden II||幻想水滸伝Ⅱ
SCPS_453.19|Gensou Suikoden II (Taikenban)||幻想水滸伝Ⅱ（体験版）
SLPM_803.47|Gensou Suikoden II (Taikenban)||幻想水滸伝Ⅱ（体験版）
SLPM_861.13|Gensou Suikoden II (Taikenban)||幻想水滸伝Ⅱ（体験版）
SLPM_861.16|Gensou Suikoden II (Taikenban)||幻想水滸伝Ⅱ（体験版）
SLPS_025.63|Gensou no Artemis||幻想のアルテミス
SLPS_000.07|Geom Cube||ジオキューブ
SLUS_000.24|Geom Cube||
SLPS_015.75|Geometry Duel||ジオメトリーデュエル
SCED_023.83|Germany Speziale 11/99||
SLPS_021.07|Germs: Nerawareta Machi||ＧＥＲＭＳ　～狙われた街～
SLPM_868.48|GetBackers: Dakkan'ya||ゲットバッカーズ　～奪還屋～
SLPM_872.02|GetBackers: Dakkan'ya||ゲットバッカーズ　～奪還屋～
SLPS_022.32|Getter Robo Daikessen!||ゲッターロボ大決戦！
SLES_001.33|Gex||
SLPS_002.44|Gex||ゲックス
SLUS_000.42|Gex||
SLUS_008.06|Gex 3: Deep Cover Gecko||
SLES_005.96|Gex 3D: Enter the Gecko||
SLED_011.12|Gex 3D: Enter the Gecko (Demo)||
SLES_012.99|Gex: Deep Cover Gecko||
SLES_019.08|Gex: Deep Cover Gecko||
SLED_019.54|Gex: Deep Cover Gecko (Demo)||
SLUS_005.98|Gex: Enter the Gecko||
SCES_010.50|Ghost in the Shell||
SCES_010.74|Ghost in the Shell||
SCES_010.75|Ghost in the Shell||
SLUS_005.52|Ghost in the Shell||
SCES_025.43|Ghoul Panic||
SLPS_013.58|Ginga Eiyuu Densetsu||銀河英雄伝説
SLPS_014.51|Ginga Ojousama Densetsu Yuna: Final Edition||銀河お嬢様伝説ユナ　～ファイナル・エディション～
SLES_031.70|Gioca con i Teletubbies||
SLPS_001.32|Gionbana||祇園花
SLPS_018.58|Gionbana 2: Kanazawa Bunko-hen||祇園花２～金沢文子編～
SLPM_862.26|Glay: Complete Works (Disc 1)||グレイ　～コンプリート・ワークス～（ディスク１）
SLPM_862.27|Glay: Complete Works (Disc 2)||グレイ　～コンプリート・ワークス～（ディスク２）
SLPM_862.00|Glint Glitters||グリントグリッター
SLES_014.19|Global Domination||
SLES_014.22|Global Domination||
SLES_014.23|Global Domination||
SLES_014.24|Global Domination||
SLES_014.25|Global Domination||
SCPS_100.82|Global Force: Shin Sentou Kokka||グローバル・フォース　～新戦闘国家～
PCPX_961.46|Global Force: Shin Sentou Kokka (Taikenban)||グローバル・フォース　～新戦闘国家～（体験版）
SLPS_024.25|Glocal Hexcite||グローカルヘキサイト
SLES_022.13|Glover||
SLUS_008.90|Glover||
SLPS_030.61|Go Go I Land (Disc 1)||ゴーゴー・アイ・ランド（ディスク１）
SLPS_030.62|Go Go I Land (Disc 2)||ゴーゴー・アイ・ランド（ディスク２）
SLPS_005.28|Go II Professional: Taikyoku Igo||ＧＯ　Ⅱ　Ｐｒｏｆｅｓｓｉｏｎａｌ　対局囲碁
SLES_000.69|Goal Storm||
SLUS_000.55|Goal Storm||
SLUS_000.69|Goal Storm||
SCPS_451.65|Goal Storm '97||
SLUS_002.95|Goal Storm '97||
SLPS_014.70|Godzilla: Trading Battle||ゴジラ　トレーディングバトル
SLPM_871.96|Goemon: Shin Sedai Shuumei||ゴエモン新世代襲名
SLPM_869.97|Goemon: Shin Sedai Shuumei||ゴエモン新世代襲名
SLPS_015.42|Goiken Muyou II||御意見無用Ⅱ
SLPM_840.11|Gokui Game Creator ni Narou!||極意ゲームクリエーターになろう！
SLPM_860.31|Gokujou Parodius Da! Deluxe Pack||極上パロディウスだ！　ＤＥＬＵＸＥ　ＰＡＣＫ
SLPM_873.29|Gokujou Parodius Da! Deluxe Pack||極上パロディウスだ！　ＤＥＬＵＸＥ　ＰＡＣＫ
SLPS_000.02|Gokujou Parodius Da! Deluxe Pack||極上パロディウスだ！　ＤＥＬＵＸＥ　ＰＡＣＫ
SLPS_000.48|Gokuu Densetsu: Magic Beast Warriors||悟空伝説： Ｍａｇｉｃ Ｂｅａｓｔ Ｗａｒｒｉｏｒｓ
SLES_029.34|Gold and Glory: The Road to El Dorado||
SLUS_013.12|Gold and Glory: The Road to El Dorado||
SLES_031.85|Gold und Ruhm: Der Weg nach El Dorado||
SLES_012.22|Golden Goal 98||
SLUS_003.19|Golden Nugget (Disc 1)||
SLUS_005.55|Golden Nugget (Disc 2)||
SLES_029.52|Goldie||
SLPS_017.12|Golgo 13 Vol. 1: Carlyle no Yabou||ゴルゴ１３　①「カーライルの野望」
SLPS_017.13|Golgo 13 Vol. 2: Mienai Guntai||ゴルゴ１３　②「見えない軍隊」
SLPM_862.50|Goo! Goo! Soundy||グー！グー！サウンディ
SLPM_800.61|Goo-Cho de Park: Theme Park Monogatari||ぐーちょＤＥパーク テーマパークものがたり
SLPS_006.26|Goo-Cho de Park: Theme Park Monogatari||ぐーちょＤＥパーク テーマパークものがたり
SLPS_910.66|Goo-Cho de Park: Theme Park Monogatari||ぐーちょＤＥパーク テーマパークものがたり
SLPS_016.20|Goryuujin + Electro||五竜陣＋エレクトロ
SLPS_004.22|Gotha II: Tenkuu no Kishi||ゴータⅡ　－天空の騎士－
SLPS_035.52|Gotouchi Hello Kitty Sugoroku Monogatari||ご当地ハローキティ　すごろく物語
SLPS_014.71|Goujin Senki||鋼仁戦記
SLPS_028.66|Goujin Senki||鋼仁戦記
SLPM_800.09|Gouketsuji Ichizoku 2: Chotto dake Saikyou Densetsu||豪血寺一族２　～ちょっとだけ最強伝説～
SLPS_001.04|Gouketsuji Ichizoku 2: Chotto dake Saikyou Densetsu||豪血寺一族２　～ちょっとだけ最強伝説～
SLPS_033.81|Gourmet Action Game: Manpuku!! Nabe Kazoku||グルメアクションゲーム　満福！！ 鍋家族
SLPM_806.31|Gourmet Action Game: Manpuku!! Nabe Kazoku (Taikenban)||グルメアクションゲーム　満福！！ 鍋家族（体験版）
SLPS_003.03|Gradius Deluxe Pack||グラディウス　ＤＥＬＵＸＥ　ＰＡＣＫ
SLPM_860.42|Gradius Gaiden||グラディウス外伝
SLPM_861.03|Gradius Gaiden||グラディウス外伝
SLPM_873.23|Gradius Gaiden||グラディウス外伝
PCPX_960.85|Gran Turismo (Demo)|Sony Computer Entertainment|グランツーリスモ
PCPX_960.88|Gran Turismo (Test Drive Disc)|Sony Computer Entertainment|グランツーリスモ
PCPX_960.96|Gran Turismo (Tentou Shiyuudai-you)|Sony Computer Entertainment|グランツーリスモ
SCES_009.84|Gran Turismo|Sony Computer Entertainment|
SCPS_100.45|Gran Turismo|Sony Computer Entertainment|グランツーリスモ
SCPS_451.49|Gran Turismo|Sony Computer Entertainment|グランツーリスモ
SCPS_911.28|Gran Turismo|Sony Computer Entertainment|グランツーリスモ
SCPS_913.01|Gran Turismo|Sony Computer Entertainment|グランツーリスモ
SCUS_941.94|Gran Turismo|Sony Computer Entertainment|
SCED_012.79|Gran Turismo (Demo)|Sony Computer Entertainment|
SCUS_942.57|Gran Turismo (Demo)|Sony Computer Entertainment|
PAPX_900.26|Gran Turismo (Taikenban)|Sony Computer Entertainment|グランツーリスモ（体験版）
PAPX_900.54|Gran Turismo 2 (Test Drive Disc)|Sony Computer Entertainment|グランツーリスモ２
SCUS_944.55|Gran Turismo 2 (Arcade Mode)|Sony Computer Entertainment|
SCES_023.80|Gran Turismo 2 (Disc 1) (Arcade Mode)|Sony Computer Entertainment|
SCPS_101.16|Gran Turismo 2 (Disc 1) (Arcade)|Sony Computer Entertainment|グランツーリスモ２（ディスク１）
SCPS_454.57|Gran Turismo 2 (Disc 1) (Arcade)|Sony Computer Entertainment|グランツーリスモ２（ディスク１）
SCPS_913.26|Gran Turismo 2 (Disc 1) (Arcade)|Sony Computer Entertainment|グランツーリスモ２（ディスク１）
SCES_123.80|Gran Turismo 2 (Disc 2) (Gran Turismo Mode)|Sony Computer Entertainment|
SCPS_101.17|Gran Turismo 2 (Disc 2) (Gran Turismo)|Sony Computer Entertainment|グランツーリスモ２（ディスク２）
SCPS_454.58|Gran Turismo 2 (Disc 2) (Gran Turismo)|Sony Computer Entertainment|グランツーリスモ２（ディスク２）
SCPS_913.27|Gran Turismo 2 (Disc 2) (Gran Turismo)|Sony Computer Entertainment|グランツーリスモ２（ディスク２）
SCUS_944.88|Gran Turismo 2 (Simulation Mode)|Sony Computer Entertainment|
SCED_029.04|Gran Turismo 2 (Un CD Bonus)|Sony Computer Entertainment|
SCUS_945.88|Gran Turismo 2: Music at the Speed of Sound: The Album (Bonus PlayStation Disc)|Sony Computer Entertainment|
SLUS_001.27|Grand Slam||
SLES_000.32|Grand Theft Auto|Take-Two Interactive|
SLUS_001.06|Grand Theft Auto|Take-Two Interactive|
SLED_010.93|Grand Theft Auto (Demo)|Take-Two Interactive|
SLES_014.04|Grand Theft Auto 2|Rockstar Games|
SLES_024.53|Grand Theft Auto 2|Rockstar Games|
SLUS_007.89|Grand Theft Auto 2|Rockstar Games|
SLES_033.89|Grand Theft Auto: London 1969|Rockstar Games|
SLES_017.14|Grand Theft Auto: Mission Pack #1: London 1969|Rockstar Games|
SLUS_008.46|Grand Theft Auto: Mission Pack #1: London 1969|Rockstar Games|
SCES_040.90|Grande Fratello: Il Gioco||
SCUS_944.57|Grandia (Disc 1)||
SLES_023.97|Grandia (Disc 1)||
SLES_023.98|Grandia (Disc 1)||
SLES_023.99|Grandia (Disc 1)||
SLPS_021.24|Grandia (Disc 1)||グランディア（ディスク１）
SLPS_912.05|Grandia (Disc 1)||グランディア（ディスク１）
SCUS_944.65|Grandia (Disc 2)||
SLES_123.97|Grandia (Disc 2)||
SLES_123.98|Grandia (Disc 2)||
SLES_123.99|Grandia (Disc 2)||
SLPS_021.25|Grandia (Disc 2)||グランディア（ディスク２）
SLPS_912.06|Grandia (Disc 2)||グランディア（ディスク２）
SLPM_802.97|Grandia: Prelude (Taikenban)||グランディア　～プレリュード～（体験版）
SLPM_804.36|Grandia: Prelude (Taikenban)||グランディア　～プレリュード～（体験版）
SLPS_016.24|Granew-tou! Daibouken||グラニュー島！大冒険
SCPS_100.46|Granstream Denki: The Granstream Saga||グランストリーム伝紀
PCPX_960.87|Granstream Denki: The Granstream Saga (Taikenban)||グランストリーム伝紀（体験版）
SCED_040.13|Gratis! Demo Disc!||
SLPM_861.25|Great Hits||グレイトヒッツ
SLPM_803.13|Great Hits (Taikenban)||グレイトヒッツ（体験版）
SLPS_012.68|Great Rugby Jikkyou '98: World Cup e no Michi||グレイト・ラグビー　実況´９８　～ワールド・カップへの道～
SLPS_020.57|Great Rugby Jikkyou '98: World Cup e no Michi||グレイト・ラグビー　実況´９８　～ワールド・カップへの道～
SLPS_914.17|Great Rugby Jikkyou '98: World Cup e no Michi||グレイト・ラグビー　実況´９８　～ワールド・カップへの道～
SLES_003.81|Grid Run||
SLPS_006.59|Grid Runner||グリッドランナー
SLUS_003.23|Grid Runner||
SLPS_002.11|Grille Logic||グリルロジック
SCES_028.85|Grind Session||
SCES_031.14|Grind Session||
SCUS_945.68|Grind Session||
SCUS_945.98|Grind Session (Demo)||
SLPS_006.15|Gritz: The Pyramid Adventure||グリッツ　～ザ・ピラミッド・アドベンチャー～
SLPM_871.38|Groove Adventure Rave: Mikan no Hiseki||グルーヴアドベンチャーレイヴ　～未完の秘石～
SLPM_870.11|Groove Adventure Rave: Yuukyuu no Kizuna||グルーブアドベンチャーレイヴ　～悠久の絆～
SLPM_872.03|Groove Adventure Rave: Yuukyuu no Kizuna||グルーブアドベンチャーレイヴ　～悠久の絆～
SLPS_012.05|Groove Jigoku V: SweepStation Version||グルーヴ地獄Ｖ
SLPS_000.88|Ground Stroke: Advanced Tennis Game||グランド・ストローク
SLPM_873.33|Growlanser (Disc 1)||グローランサー（ディスク１）
SLPS_023.80|Growlanser (Disc 1)||グローランサー（ディスク１）
SLPS_032.40|Growlanser (Disc 1)||グローランサー（ディスク１）
SLPM_873.34|Growlanser (Disc 2)||グローランサー（ディスク２）
SLPS_023.81|Growlanser (Disc 2)||グローランサー（ディスク２）
SLPS_032.41|Growlanser (Disc 2)||グローランサー（ディスク２）
SLES_022.23|Grudge Warriors||
SLUS_011.50|Grudge Warriors||
SLPS_012.97|Guardian Recall: Shugojuu Shoukan (Disc 1)||ガーディアンリコール　～守護獣召喚～（ディスク１）
SLPS_012.98|Guardian Recall: Shugojuu Shoukan (Disc 2)||ガーディアンリコール　～守護獣召喚～（ディスク２）
SLES_017.93|Guardian's Crusade||
SLES_017.99|Guardian's Crusade||
SLES_018.00|Guardian's Crusade||
SLES_018.01|Guardian's Crusade||
SLUS_008.11|Guardian's Crusade||
SLES_032.08|Gubble||
SLPS_015.37|Gubble||ガブル
SLUS_014.66|Gubble||
SLES_024.94|Guilty Gear||
SLPS_013.57|Guilty Gear||ギルティ・ギア
SLPS_022.73|Guilty Gear||ギルティ・ギア
SLUS_007.72|Guilty Gear||
SLPM_803.02|Guilty Gear (Taikenban)||ギルティ・ギア（体験版）
SLPM_862.65|Guitar Freaks||ギターフリークス
SLPM_865.77|Guitar Freaks||ギターフリークス
SLPM_864.46|Guitar Freaks Append 2nd Mix||ギターフリークス ＡＰＰＥＮＤ ２ｎｄ ＭＩＸ
SLPS_009.29|GunBullet||ガンバレット
SLPS_009.30|GunBullet||ガンバレット
SLPS_911.47|GunBullet||ガンバレット
SLPS_031.00|Gunbalina||ガンバリィーナ
SLPS_013.22|Gunbare! Game Tengoku: The Game Paradise 2||ＧＵＮばれ！ゲーム天国
SLPM_803.03|Gunbare! Game Tengoku: The Game Paradise 2 (Taikenban)||ＧＵＮばれ！ゲーム天国　ＴＨＥ　ＧＡＭＥ　ＰＡＲＡＤＩＳＥ　２（体験版）
SCPS_452.99|Gunbarl||ガンバァール
SLPS_015.00|Gunbarl||ガンバァール
SLPS_911.95|Gunbarl||ガンバァール
SLPS_001.57|Gunbird||ガンバード
SLPS_008.15|Gundam 0079: The War for Earth (Disc 1)||ガンダム００７９ ＴＨＥ ＷＡＲ ＦＯＲ ＥＡＲＴＨ（ディスク１）
SLPS_008.16|Gundam 0079: The War for Earth (Disc 2)||ガンダム００７９ ＴＨＥ ＷＡＲ ＦＯＲ ＥＡＲＴＨ（ディスク２）
SLES_036.50|Gundam Battle Assault||
SLPM_867.46|Gundam Battle Assault||ガンダムバトルアサルト
SLUS_012.26|Gundam Battle Assault||
SLES_039.34|Gundam Battle Assault 2||
SLUS_014.18|Gundam Battle Assault 2||
SLPS_008.83|Gundam the Battle Master||ガンダム・ザ・バトルマスター
SLPM_800.98|Gundam the Battle Master (Taikenban)||ガンダム・ザ・バトルマスター（体験版）
SLPM_801.07|Gundam the Battle Master (Taikenban)||ガンダム・ザ・バトルマスター（体験版）
SLPS_012.86|Gundam the Battle Master 2||ガンダム・ザ・バトルマスター２
SLPM_802.10|Gundam the Battle Master 2 (Taikenban)||ガンダム・ザ・バトルマスター２（体験版）
SLPS_025.12|Gundress||ガンドレス
SLPS_025.13|Gundress Data-shuu||ガンドレスデータ集
SLES_036.89|Gunfighter: The Legend of Jesse James||
SLUS_013.98|Gunfighter: The Legend of Jesse James||
SLES_020.69|Gungage||
SLPM_862.33|Gungage||ガンゲージ
SLPS_019.02|Gungho Brigade||ガンホー・ブリゲイド
SLPM_803.24|Gungho Brigade (Taikenban)||ガンホー・ブリゲイド（体験版）
SCPS_100.06|Gunners Heaven||ガンナーズヘヴン
SLPS_014.08|Gunnm: Kasei no Kioku||銃夢　火星の記憶
SLPS_024.85|Gunpey||グンペイ
SLES_000.27|Gunship||
SLPS_004.95|Gunship||ガンシップ
SLUS_003.13|Gunship||
SLPS_011.06|Guntu: Western Front June, 1944: Tetsu no Kioku||～ガンツ ウェスタン フロント ジューン、１９４４～ －鉄の記憶－
SLPS_000.41|Gussun Oyoyo||ぐっすんおよよ
SLPS_005.88|Gussun Paradise||ぐっすんぱらだいす
SLPM_861.48|Guuguuthropus||グーグートロプス
SLPM_803.65|Guuguuthropus (Taikenban)||グーグートロプス（体験版）
SLES_013.60|Guy Roux Football Manager Saison 97/98||
SLES_019.34|Guy Roux Manager '99||
SLES_026.12|Guy Roux Manager 2000||
SLES_034.03|Guy Roux Manager 2001||
SLPS_025.09|Gyuwambler Jiko Chuushinha: Ippatsu Shoubu!||ぎゅわんぶらあ自己中心派　～イッパツ勝負！～
SLES_027.38|HBO Boxing||
SLUS_010.27|HBO Boxing||
SLPM_801.96|Hacha Mecha Pon!||はちゃめちゃＰＯＮ！
SLPM_860.66|Haishin 2||牌神２
SLPS_024.32|Haishin 2||牌神２
SLPS_009.45|Hajime no Ippo: The Fighting!||はじめの一歩　ＴＨＥ　ＦＩＧＨＴＩＮＧ！
SLPS_910.63|Hajime no Ippo: The Fighting!||はじめの一歩　ＴＨＥ　ＦＩＧＨＴＩＮＧ！
SLPS_016.77|Hakai-ou: King of Crusher||破壊王　～キングオブクラッシャー～
SLES_035.84|Haluatko Miljonaariksi?||
SLPS_032.66|Hamster Club-i||ハムスター倶楽部‐ｉ（愛）
SLPS_027.24|Hamster Monogatari||ハムスター物語
SLPS_031.03|Hamster no Odekake||ハムスターのお出かけ
SLPM_866.62|Hamunaptra: Ushinawareta Sabaku no Miyako||ハムナプトラ　～失われた砂漠の都～
SLPS_015.32|Hana to Ryuu||花と龍
SLPM_870.62|Hana to Ryuu: Hanafuda, Mahjong||花と龍　～花札・麻雀～
SLPS_014.39|Hanabi: Fantast||花火
PAPX_900.48|Hanabi: Fantast (Taikenban)||花火（体験版）
SLPM_802.39|Hanabi: Fantast (Taikenban)||花火（体験版）
SLPM_870.83|Hanafuda Graffiti: Koi Koi Monogatari||花札グラフィティー　恋々物語
SLPS_003.67|Hanafuda Graffiti: Koi Koi Monogatari||花札グラフィティー　恋々物語
SLPS_017.47|Hanafuda Real 3D||花札 リアル３Ｄ
SLPS_031.82|Happy Diet||ハッピーダイエット
SLPS_011.10|Happy Hotel||ハッピー・ホテル
SLPS_033.06|Happy Jogging in Hawaii||ハッピージョギング　ｉｎ　ハワイ
SLPS_028.21|Happy Salvage||ハッピィサルベージ
SLPS_028.22|Happy Salvage: Otakara Disc||ハッピィサルベージ　お宝ディスク
SLPM_860.43|Hard Blow||ハード・ブロウ
SLES_000.33|Hard Boiled||
SLES_008.51|Hard Boiled||
SLES_008.52|Hard Boiled||
SLPS_014.84|Hard Boiled: Neuro Tower o Hakai seyo||ハード・ボイルド　～神経塔を破壊せよ～
SLES_015.39|Hard Edge||
SLPS_017.33|Hard Edge||ハード　エッジ
SLPS_002.24|Hard Rock Cab||ハードロック キャブ
SLUS_006.51|HardBall '99||
SLPS_005.71|HardBall 5||ハードボール５
SLUS_001.08|HardBall 5||
SLES_002.61|Hardcore 4x4||
SLPM_863.29|Harlem Beat: You're the One||ハーレム・ビート　～Ｙｏｕ´ｒｅ　Ｔｈｅ　Ｏｎｅ～
SLPS_004.98|Harmful Park||ハームフル・パーク
SLES_039.72|Harry Potter and the Chamber of Secrets||
SLES_039.73|Harry Potter and the Chamber of Secrets||
SLES_039.74|Harry Potter and the Chamber of Secrets||
SLES_039.75|Harry Potter and the Chamber of Secrets||
SLUS_015.03|Harry Potter and the Chamber of Secrets||
SLES_036.62|Harry Potter and the Philosopher's Stone||
SLES_036.63|Harry Potter and the Philosopher's Stone||
SLES_036.64|Harry Potter and the Philosopher's Stone||
SLES_036.65|Harry Potter and the Philosopher's Stone||
SLUS_014.17|Harry Potter and the Philosopher's Stone||
SLUS_014.15|Harry Potter and the Sorcerer's Stone||
SLES_039.76|Harry Potter ja Salaisuuksien Kammio||
SLPS_034.92|Harry Potter to Himitsu no Heya||ハリー・ポッターと秘密の部屋
SLPM_840.13|Harry Potter to Kenja no Ishi||ハリー・ポッターと賢者の石
SLPS_033.55|Harry Potter to Kenja no Ishi||ハリー・ポッターと賢者の石
PCPX_961.10|Haru no Buru Buru Taikenban (Taikenban)||春のぶるぶる　体験版（体験版）
SLPM_864.65|Harukanaru Toki no Naka de||遙かなる時空の中で
SLPM_864.66|Harukanaru Toki no Naka de||遙かなる時空の中で
SLPM_872.41|Harukanaru Toki no Naka de: Banjou Yuugi||遙かなる時空の中で　～盤上遊戯～
SLPM_872.42|Harukanaru Toki no Naka de: Banjou Yuugi||遙かなる時空の中で　～盤上遊戯～
SLPM_873.61|Harukanaru Toki no Naka de: Banjou Yuugi||遙かなる時空の中で　～盤上遊戯～
SLPS_005.78|Harukaze Sentai V-Force (Disc 1)||はるかぜ戦隊　Ｖフォース（ディスク１）
SLPS_023.40|Harukaze Sentai V-Force (Disc 1)||はるかぜ戦隊　Ｖフォース（ディスク１）
SLPS_005.79|Harukaze Sentai V-Force (Disc 2)||はるかぜ戦隊　Ｖフォース（ディスク２）
SLPS_023.41|Harukaze Sentai V-Force (Disc 2)||はるかぜ戦隊　Ｖフォース（ディスク２）
SLPS_005.80|Harukaze Sentai V-Force (Disc 3)||はるかぜ戦隊　Ｖフォース（ディスク３）
SLPS_023.42|Harukaze Sentai V-Force (Disc 3)||はるかぜ戦隊　Ｖフォース（ディスク３）
SLES_027.81|Harvest Moon: Back to Nature||
SLUS_011.15|Harvest Moon: Back to Nature||
SLUS_811.15|Harvest Moon: Back to Nature (Trade Demo)||
SLPS_007.04|Hashiriya: Ookami-tachi no Densetsu||走り屋　～狼たちの伝説～
SLPS_008.31|Hatsukoi Valentine||初恋ばれんたいん
SLPS_014.52|Hatsukoi Valentine Special||初恋ばれんたいんＳＰＥＣＩＡＬ
SLPS_006.68|Haunted Junction: Seitokai Badge o Oe!||ＨＡＵＮＴＥＤじゃんくしょん　～聖徒会バッジを追え！～
LSP99013.101|Head to Toe 1||
LSP99013.201|Head to Toe 2||
LSP99013.301|Head to Toe 3||
LSP99013.401|Head to Toe 4||
SLED_013.42|Heart of Darkness (Demo)||
SLED_013.51|Heart of Darkness (Demo)||
SLES_004.61|Heart of Darkness (Disc 1)||
SLES_004.62|Heart of Darkness (Disc 1)||
SLES_004.63|Heart of Darkness (Disc 1)||
SLES_004.64|Heart of Darkness (Disc 1)||
SLES_004.65|Heart of Darkness (Disc 1)||
SLUS_006.96|Heart of Darkness (Disc 1)||
SLES_104.61|Heart of Darkness (Disc 2)||
SLES_104.62|Heart of Darkness (Disc 2)||
SLES_104.63|Heart of Darkness (Disc 2)||
SLES_104.64|Heart of Darkness (Disc 2)||
SLES_104.65|Heart of Darkness (Disc 2)||
SLUS_007.41|Heart of Darkness (Disc 2)||
SLPS_006.67|Heaven's Gate||ヘヴンズ・ゲート
SLPS_000.44|Hebereke Station Popoitto||へべれけ　スてーショん　ポポイっと
SLES_001.56|Hebereke's Popoitto||
SLPS_027.14|Heisa Byouin||閉鎖病院
SLPS_031.59|Heisa Byouin||閉鎖病院
SLPS_004.13|Heiwa Pachinko Daisuki||ＨＥＩＷＡ パチンコ大好き
SLPS_023.74|Heiwa Pachinko Graffiti Vol. 1||ＨＥＩＷＡ　パチンコグラフィティ　Ｖｏｌ．１
SLPS_024.95|Heiwa Pachinko Graffiti Vol. 2||ＨＥＩＷＡ　パチンコグラフィティ　Ｖｏｌ．２
SLPS_033.73|Heiwa Parlor! Pro: BunDori King SP||ＨＥＩＷＡ　パーラー！プロ　ブンドリキングスペシャル
SLPS_026.89|Heiwa Parlor! Pro: Dolphin Ring Special||ＨＥＩＷＡ　パーラー！プロ ドルフィンリングスペシャル
SLPS_031.05|Heiwa Parlor! Pro: Fujiko ni O-Ma-Ka-Se Special||ＨＥＩＷＡ　パーラー！プロ　ＰＲＯ　不二子にお・ま・か・せスペシャル
SLPS_028.70|Heiwa Parlor! Pro: Inakappe Taishou Special||ＨＥＩＷＡ　パーラー！プロ　いなかっぺ大将スペシャル
SLPS_025.41|Heiwa Parlor! Pro: Lupin Sansei Special||ＨＥＩＷＡ　パーラー！プロ　ルパン三世スペシャル
SLPS_033.70|Heiwa Parlor! Pro: Tsunatori Special||ＨＥＩＷＡ パーラープロ 綱取スペシャル
SLPS_025.74|Heiwa Parlor! Pro: Western Special||ＨＥＩＷＡ　パーラー！プロ　ウエスタン・スペシャル
SLPS_033.40|Helix: Fear Effect (Disc 1)||ヘリックス　フィアエフェクト（ディスク１）
SLPS_033.41|Helix: Fear Effect (Disc 2)||ヘリックス　フィアエフェクト（ディスク２）
SLPS_033.42|Helix: Fear Effect (Disc 3)||ヘリックス　フィアエフェクト（ディスク３）
SLPS_033.43|Helix: Fear Effect (Disc 4)||ヘリックス　フィアエフェクト（ディスク４）
SLUS_014.14|Hellboy: Asylum Seeker||
SLES_015.62|Hellnight||
SLPM_860.83|Hello Charlie!!||ハローチャーリー！！
SLPS_014.27|Hello Kitty no Cube de Cute||ハローキティのキューブでキュート
SLPM_802.44|Hello Kitty no Cube de Cute (Taikenban)||ハローキティのキューブでキュート（体験版）
SLUS_007.78|Hello Kitty: Cube Frenzy||
SLPS_017.66|Hello Kitty: White Present||ハロー・キティ　～ホワイト・プレゼント～
SLPM_860.21|Henry Explorers||ヘンリーエクス プローラーズ
SLES_005.86|Herc's Adventures||
SLES_006.42|Herc's Adventures||
SLES_006.45|Herc's Adventures||
SLES_006.53|Herc's Adventures||
SLES_006.55|Herc's Adventures||
SLUS_002.98|Herc's Adventures||
SLPS_010.61|Herc's Adventures: Hercules no Daibouken||ヘラクレスの大冒険
SLES_041.24|Herkules||
PAPX_900.04|Hermie Hopperhead: Scrap Panic||ハーミィホッパーヘッド　～スクラップ・パニック～
SCPS_100.12|Hermie Hopperhead: Scrap Panic||ハーミィホッパーヘッド　～スクラップ・パニック～
SCPS_910.16|Hermie Hopperhead: Scrap Panic||ハーミィホッパーヘッド　～スクラップ・パニック～
SLPM_804.31|Herohero-kun to Ralph no Daibouken||へろへろくんと　ラルフの大冒険
SLPS_004.70|Heroine Dream (Shokai Genteiban)||ヒロイン・ドリーム
SLPS_013.76|Heroine Dream 2||ヒロイン・ドリーム２
SLPS_026.41|Hexamoon Guardians (Disc 1)||ヘキサムーン・ガーディアンズ（ディスク１）
SLPS_026.42|Hexamoon Guardians (Disc 2)||ヘキサムーン・ガーディアンズ（ディスク２）
SLPM_805.28|Hexamoon Guardians (Taikenban)||ヘキサムーン・ガーディアンズ（体験版）
SLES_005.55|Hexen||
SLUS_003.48|Hexen||
SLPS_009.72|Hexen: Beyond Heretic||ヘクセン
SLPS_008.21|Hi-Hou-Ou: Mou Omae to wa Kuchi Kikan!!||秘・宝・王～もうお前とは口きかん！！～
SLES_001.15|Hi-Octane||
SLPS_001.71|Hi-Octane||ハイオクタン
SCES_002.31|Hi-Octane + Ridge Racer + Mortal Kombat 3 + Evolva||
SLUS_001.57|Hi-Octane: The Track Fights Back!||
SLES_036.02|Hidden & Dangerous||
SLUS_008.30|High Heat Baseball 2000||
SLUS_012.44|High Heat Major League Baseball 2002||
SLPS_023.51|High School of Blitz||ハイスクール・オブ・ブリッツ
SLPS_023.05|Hikari no Shima: Seven Lithographs in Shining Island||光の島　Ｓｅｖｅｎ　Ｌｉｔｈｏｇｒａｐｈｓ　ｉｎ　Ｓｈｉｎｉｎｇ　Ｉｓｌａｎｄ
SLPM_870.59|Hikaru no Go: Heian Gensou Ibunroku||ヒカルの碁 ～平安幻想異聞録～
SLPM_871.99|Hikaru no Go: Insei Choujou Kessen||ヒカルの碁　～院生頂上決戦～
SLPS_018.90|Himiko-den: Renge (Disc 1)||火魅子伝　～恋解～（ディスク１）
SLPS_018.91|Himiko-den: Renge (Disc 2)||火魅子伝　～恋解～（ディスク２）
SLPS_018.92|Himiko-den: Renge (Disc 3)||火魅子伝　～恋解～（ディスク３）
SLPM_803.90|Himiko-den: Renge (Taikenban)||火魅子伝　～恋解～（体験版）
SLPS_013.34|Himitsu Kessha Q||秘密結社Ｑ
SLPS_016.26|Himitsu Sentai Metamor V Deluxe (Disc 1)||ひみつ戦隊メタモルⅤデラックス（ディスク１）
SLPS_016.27|Himitsu Sentai Metamor V Deluxe (Disc 2)||ひみつ戦隊メタモルⅤデラックス（ディスク２）
SLPS_023.55|Hissatsu Pachi-Slot Station 2: Bakuto! Joushiki Yaburi no 2 Types||必殺パチスロステーション２ 爆登！常識破りの２タイプ
SLPS_026.83|Hissatsu Pachi-Slot Station 3: Tetra Reel e no Chousen||必殺パチスロステーション３　テトラリールへの挑戦
SLPS_027.99|Hissatsu Pachi-Slot Station 4: New Pulsar R & Hot Rod Queen||必殺パチスロステーション４　～ニューバルＲ＆ホットロッド～
SLPS_030.30|Hissatsu Pachi-Slot Station 5: Invaders 2000||必殺パチスロステーション５　～インベーダー２０００～
SLPS_024.94|Hissatsu Pachi-Slot Station SP: Yamasa Best Choice||必殺パチスロステーションＳＰ　～山佐　ベストチョイス～
SLPS_029.48|Hissatsu Pachi-Slot Station Special 2: The Tetra||必殺パチスロステーションＳＰ２　～ＴＨＥ　テトラ～
SLPS_015.51|Hissatsu Pachi-Slot Station: Meoshi Ichiban||必殺パチスロステーション　目押し一番
SLPS_030.22|Hissatsu Pachi-Slot Station: Meoshi Ichiban||必殺パチスロステーション　目押し一番
SLPS_001.12|Hissatsu Pachinko Station||必殺パチンコステーション
SLPS_016.68|Hissatsu Pachinko Station||必殺パチンコステーション
SLPS_029.90|Hissatsu Pachinko Station 10: EX Jack 2000 & Super Dragon||必殺パチンコステーション１０　ＥＸジャック２０００＆スーパードラゴン
SLPS_011.85|Hissatsu Pachinko Station 2||必殺パチンコステーション２
SLPS_017.41|Hissatsu Pachinko Station 3: Genshijin ga Ippai||必殺パチンコステーション３　－原始人がいっぱい－
SLPS_017.02|Hissatsu Pachinko Station 3: Genshijin ga Ippai (Genteiban)||必殺パチンコステーション３　－原始人がいっぱい－
SLPS_019.07|Hissatsu Pachinko Station 4: Hero-tachi no Chousen||必殺パチンコステーション４　～ヒーローたちの挑戦～
SLPS_030.77|Hissatsu Pachinko Station 4: Hero-tachi no Chousen||必殺パチンコステーション４　～ヒーローたちの挑戦～
SLPS_020.97|Hissatsu Pachinko Station 5: Deramaitta & Irete Nanbo||必殺パチンコステーション５　～デラマイッタ＆いれてなんぼ～
SLPS_021.44|Hissatsu Pachinko Station 6: Gakideka & Jamaica||必殺パチンコステーション６　★がきデカ＆ジャマイカ★
SLPS_024.08|Hissatsu Pachinko Station 7: CR Chumy House XL & CR Battle Hero V & Fine Play||必殺パチンコステーション７　ＣＲチューミーハウスＸＬ・ＣＲバトルヒーローＶ・ファインプレー
SLPS_026.77|Hissatsu Pachinko Station 8: Kamashi no Kin-chan & Soreyuke Hama-chan||必殺パチンコステーション８　かましの金ちゃん ＆ それゆけ浜ちゃん
SLPS_027.65|Hissatsu Pachinko Station 9: Ushiwaka to Lemi||必殺パチンコステーション９　♥牛若とレミ♥
SLPS_026.78|Hissatsu Pachinko Station Classic 2: Tsui ni yomigaeru!! Bakuretsu Meiki Fukkatsu||必殺パチンコステーション　クラシック２　～遂に甦る！！　爆裂名機復活～
SLPS_019.63|Hissatsu Pachinko Station Classic: Fukkatsu! Natsukashi no Meiki-tachi||必殺パチンコステーション　クラシック　～復活！なつかしの名機たち～
SLPS_025.11|Hissatsu Pachinko Station Now 2: Yatta ze Ippatsu Tsumo Tsumo Tengoku||必殺パチンコステーション　ｎｏｗ２　～やったぜ一発ツモツモ天国～
SLPS_025.58|Hissatsu Pachinko Station Now 3: Youkai Engei||必殺パチンコステーション　ｎｏｗ３　～妖怪演芸～
SLPS_027.21|Hissatsu Pachinko Station Now 4: Ore wa Nekketsu Bouken-ou da!!||必殺パチンコステーション　ｎｏｗ４　～俺は熱血冒険王だ！！～
SLPS_028.56|Hissatsu Pachinko Station Now 5: GeGeGe no Kitarou||必殺パチンコステーション　ｎｏｗ５　～ゲゲゲの鬼太郎～
SLPS_029.99|Hissatsu Pachinko Station Now 6: Shinsei!! Areddin 21||必殺パチンコステーション　ｎｏｗ６　～新生！！アレジン２１～
SLPS_031.07|Hissatsu Pachinko Station Now 7: Magical Circus||必殺パチンコステーション　ｎｏｗ７　マジカルサーカス
SLPS_031.29|Hissatsu Pachinko Station Now 8: Jarinko Chie||必殺パチンコステーション　ｎｏｗ８　～じゃりン子チエ～
SLPS_033.65|Hissatsu Pachinko Station Now 9: Dirty Pair||必殺パチンコステーション　ｎｏｗ９　～ダーティペア～
SLPS_022.84|Hissatsu Pachinko Station Now: Kore ga Ichiban!! Shin Pikaichi Tengoku||必殺パチンコステーション　ｎｏｗ　～これが一番！！真ピカイチ天国～
SLPS_024.93|Hissatsu Pachinko Station Petit 2: Areddin tte Great!?||必殺パチンコステーションぷち２　～アレジンってグレイト！？～
SLPS_022.83|Hissatsu Pachinko Station Petit: Nanasy tte Nani??||必殺パチンコステーションぷち　～ナナシーってなに？？～
SLPS_033.39|Hissatsu Pachinko Station SP3||必殺パチンコステーションＳＰ３
SLPS_015.77|Hissatsu Pachinko Station: Monster House Special||必殺パチンコステーション　モンスターハウス　スペシャル
SLPS_029.84|Hissatsu Pachinko Station: Toyomaru Special||必殺パチンコステーション　豊丸スペシャル
SLPS_031.26|History of Kita Denshi||ヒストリー オブ　北電子
SLPS_013.61|Hit Back||ひっとばっく
SLPM_802.52|Hit Back (Taikenban)||ひっとばっく（体験版）
SLPS_013.02|Hiza no Ue no Partner: Kitty on Your Lap||ひざの上の同居人　～Ｋｉｔｔｙ　ｏｎ　ｙｏｕｒ　ｌａｐ～
SLPS_023.17|Hiza no Ue no Partner: Kitty on Your Lap||ひざの上の同居人　～Ｋｉｔｔｙ　ｏｎ　ｙｏｕｒ　ｌａｐ～
SLES_010.41|Hogs of War||
SLUS_011.95|Hogs of War||
SLES_027.66|Les Cochons De Guerre||
SLED_030.54|Hogs of War (Demo)||
SLES_027.69|Hogs of War: Nati per Soffritto||
SLPS_003.69|Hokuto no Ken||北斗の拳
SLPS_029.93|Hokuto no Ken: Seikimatsu Kyuuseishu Densetsu||北斗の拳　～世紀末救世主伝説～
PBPX_950.05|Holiday Special (Demo)||
SLPS_010.75|Home Doctor||ホームドクター
SLPS_004.34|Honkaku 4-nin Uchi: Geinoujin Taikyoku Mahjong: The Wareme de Pon||本格４人打ち　芸能人対極麻雀　ＴＨＥわれめＤＥポン
SLPS_016.56|Honkaku Hanafuda||本格花札
SLPS_009.86|Honkaku Igo||本格囲碁
SLPS_002.38|Honkaku Mahjong: Tetsuman Special||本格麻雀　徹萬スペシャル
SLPS_911.37|Honkaku Mahjong: Tetsuman Special||本格麻雀　徹萬スペシャル
SLPS_015.94|Honkaku Shougi: Shougi-ou||本格将棋　将棋王
SLPS_027.41|Honkaku Yonin Uchi Pro Mahjong: Mahjong-ou||本格四人打プロ麻雀　麻雀王
SLPM_860.82|Honkakuha Yonin Uchi: Mahjong Club||本格派四人打ち 麻雀倶楽部
SLPS_020.80|Honkakuha Yonin Uchi: Mahjong Club||本格派四人打ち 麻雀倶楽部
SLPS_020.88|Honkakuha Yonin Uchi: Mahjong Club||本格派四人打ち 麻雀倶楽部
SLPS_004.65|Honoo no 15 Shumoku: Atlanta Olympics||炎の１５種目アトランタオリンピック
SLPS_013.82|Honoo no Ryourinin: Cooking Fighter Hao||炎の料理人　クッキングファイター好
SLUS_013.94|Hooters: Road Trip||
SCPS_100.16|Horned Owl||ホーンドアウル
SCPS_100.17|Horned Owl||ホーンドアウル
SCPS_451.89|Hoshi de Hakken!! Tamagotchi||星で発見！！　たまごっち
SLPS_012.50|Hoshi de Hakken!! Tamagotchi||星で発見！！　たまごっち
SLPS_032.67|Hoshi no Mahoroba||星のまほろば
SLUS_013.75|Hoshigami: Ruining Blue Earth||
SLPS_029.04|Hoshigami: Shizumiyuku Aoki Daichi||ＨＯＳＨＩＧＡＭＩ　～沈みゆく蒼き大地～
SLPS_016.38|Hoshinooka Gakuen Monogatari: Gakuensai||星の丘学園物語　学園祭
SLES_040.50|Hot Shot||
SCUS_941.88|Hot Shots Golf||
SCUS_942.53|Hot Shots Golf (Demo)||
SCUS_944.76|Hot Shots Golf 2||
SCUS_947.76|Hot Shots Golf 2||
SCUS_944.95|Hot Shots Golf 2 (Demo)||
SLES_035.95|Hot Wheels: Extreme Racing||
SLUS_012.93|Hot Wheels: Extreme Racing||
SLES_021.98|Hot Wheels: Turbo Racing||
SLUS_009.64|Hot Wheels: Turbo Racing||
SLPS_000.20|Houma Hunter Lime: Special Collection Vol. 1||宝魔ハンターライム Ｓｐｅｃｉａｌ Ｃｏｌｌｅｃｔｉｏｎ Ｖｏｌ．１
SLPS_000.85|Houma Hunter Lime: Special Collection Vol. 2||宝魔ハンターライム Ｓｐｅｃｉａｌ Ｃｏｌｌｅｃｔｉｏｎ Ｖｏｌ．２
SLPM_863.77|Houshin Engi||封神演義
SLPS_015.47|Houshin Engi||封神演義
SLPM_862.09|Houshin Engi: Aizouban||封神演義　愛蔵版
SLPM_802.16|Hudson Spring Collection '98 (Taikenban)||ハドソン　スプリングコレクション′９８（体験版）
SLES_011.64|Hugo||
SLES_015.90|Hugo||
SLES_015.91|Hugo||
SLES_015.92|Hugo||
SLES_015.93|Hugo||
SLES_016.66|Hugo||
SLES_016.67|Hugo||
SLES_016.68|Hugo||
SLES_018.05|Hugo 2||
SLES_018.06|Hugo 2||
SLES_018.07|Hugo 2||
SLES_018.08|Hugo 2||
SLES_018.09|Hugo 2||
SLES_018.10|Hugo 2||
SLES_018.11|Hugo 2||
SLES_018.12|Hugo 2||
SLES_018.13|Hugo 2||
SLES_018.15|Hugo 2||
SLES_021.63|Hugo 2||
SLES_034.87|Hugo: Black Diamond Fever||
SLES_035.12|Hugo: Black Diamond Fever||
SLES_035.13|Hugo: Black Diamond Fever||
SLES_035.14|Hugo: Black Diamond Fever||
SLES_036.86|Hugo: Frog Fighter||
SLES_037.44|Hugo: Frog Fighter||
SLES_038.36|Hugo: The Evil Mirror||
SLES_038.37|Hugo: The Evil Mirror||
SLES_038.38|Hugo: The Evil Mirror||
SLES_038.39|Hugo: The Evil Mirror||
SLUS_015.59|Hugo: The Evil Mirror||
SLES_025.90|Hugo: The Quest for the Sunstones||
SLES_035.73|Hugo: The Quest for the Sunstones||
SLES_029.58|Hunchback of Notredame||
SLPM_866.51|Hunter x Hunter: Maboroshi no Greed Island||ハンター×ハンター 幻のグリードアイランド
SLPM_868.95|Hunter x Hunter: Ubawareta Aura Stone||ハンター×ハンター　～奪われたオーラストーン～
SLES_034.82|Hvem Vil Være Millionaer||
SLPS_033.53|Hyakujuu Sentai GaoRanger||百獣戦隊ガオレンジャー
SLES_035.31|Hybrid||
SLPS_011.02|Hybrid||ハイブリッド
SLES_023.37|Hydro Thunder||
SLUS_008.47|Hydro Thunder||
SLPM_872.29|Hyouryuuki: The Reportage Beyond the Sea||漂流記　Ｔｈｅ　ｒｅｐｏｒｔａｇｅ　ｂｅｙｏｎｄ　ｔｈｅ　ｓｅａ
SLPS_023.58|Hyouryuuki: The Reportage Beyond the Sea||漂流記　Ｔｈｅ　ｒｅｐｏｒｔａｇｅ　ｂｅｙｏｎｄ　ｔｈｅ　ｓｅａ
SLPS_003.95|Hyper 3D Pinball||ハイパー３Ｄピンボール
SLPS_002.48|Hyper Crazy Climber||ハイパークレイジークライマー
SLPS_002.78|Hyper Final Match Tennis||ハイパー ファイナルマッチ テニス
SLPS_000.62|Hyper Formation Soccer||ハイパーフォーメーションサッカー
SLPM_860.02|Hyper Olympic in Atlanta||ハイパーオリンピック・イン・アトランタ
SLPM_860.56|Hyper Olympic in Nagano||ハイパーオリンピック イン ナガノ
SLPM_861.32|Hyper Olympic in Nagano||ハイパーオリンピック イン ナガノ
SLPM_801.83|Hyper PlayStation Re-mix 1998 No. 1||ＨＹＰＥＲ　プレイステーションＲｅ－ｍｉｘ　Ｎｏ．１
SLPM_802.92|Hyper PlayStation Re-mix 1998 No. 10||ＨＹＰＥＲ　プレイステーションＲｅ－ｍｉｘ　Ｎｏ．１０
SLPM_803.17|Hyper PlayStation Re-mix 1998 No. 11 (Disc 1)||ＨＹＰＥＲ　プレイステーションＲｅ－ｍｉｘ　Ｎｏ．１１（ディスク１）
PAPX_900.59|Hyper PlayStation Re-mix 1998 No. 11 (Disc 2)||ＨＹＰＥＲ　プレイステーションＲｅ－ｍｉｘ　Ｎｏ．１１（ディスク２）
SLPM_803.37|Hyper PlayStation Re-mix 1998 No. 12||ＨＹＰＥＲ　プレイステーションＲｅ－ｍｉｘ　Ｎｏ．１２
SLPM_801.99|Hyper PlayStation Re-mix 1998 No. 2||ＨＹＰＥＲ　プレイステーションＲｅ－ｍｉｘ　Ｎｏ．２
SLPM_802.17|Hyper PlayStation Re-mix 1998 No. 3||ＨＹＰＥＲ　プレイステーションＲｅ－ｍｉｘ　Ｎｏ．３
SLPM_802.28|Hyper PlayStation Re-mix 1998 No. 4||ＨＹＰＥＲ　プレイステーションＲｅ－ｍｉｘ　Ｎｏ．４
SLPM_803.08|Hyper PlayStation Re-mix 1998 No. 5||ＨＹＰＥＲ　プレイステーションＲｅ－ｍｉｘ　Ｎｏ．５
SLPM_802.37|Hyper PlayStation Re-mix 1998 No. 6||ＨＹＰＥＲ　プレイステーションＲｅ－ｍｉｘ　Ｎｏ．６
SLPM_802.48|Hyper PlayStation Re-mix 1998 No. 7 (Disc 1)||ＨＹＰＥＲ　プレイステーションＲｅ－ｍｉｘ　Ｎｏ．７（ディスク１）
PCPX_961.15|Hyper PlayStation Re-mix 1998 No. 7 (Disc 2) (Yarudora Series Vol. 1: Double Cast)||ＨＹＰＥＲ　プレイステーションＲｅ－ｍｉｘ　Ｎｏ．７（ディスク２）
SLPM_802.64|Hyper PlayStation Re-mix 1998 No. 8||ＨＹＰＥＲ　プレイステーションＲｅ－ｍｉｘ　Ｎｏ．８
SLPM_802.79|Hyper PlayStation Re-mix 1998 No. 9||ＨＹＰＥＲ　プレイステーションＲｅ－ｍｉｘ　Ｎｏ．９
SLPM_803.57|Hyper PlayStation Re-mix 1999 No. 1||ＨＹＰＥＲ　プレイステーションＲｅ－ｍｉｘ　Ｎｏ． １
SLPM_804.80|Hyper PlayStation Re-mix 1999 No. 10||ＨＹＰＥＲ　プレイステーションＲｅ－ｍｉｘ　Ｎｏ． １０
SLPM_804.95|Hyper PlayStation Re-mix 1999 No. 11||ＨＹＰＥＲ　プレイステーションＲｅ－ｍｉｘ　Ｎｏ． １１
SLPM_805.04|Hyper PlayStation Re-mix 1999 No. 12||ＨＹＰＥＲ　プレイステーションＲｅ－ｍｉｘ　Ｎｏ．１２
SLPM_803.69|Hyper PlayStation Re-mix 1999 No. 2||ＨＹＰＥＲ　プレイステーションＲｅ－ｍｉｘ　Ｎｏ．　２
SLPM_803.84|Hyper PlayStation Re-mix 1999 No. 3||ＨＹＰＥＲ　プレイステーションＲｅ－ｍｉｘ　Ｎｏ．　３
SLPM_804.00|Hyper PlayStation Re-mix 1999 No. 4||ＨＹＰＥＲ　プレイステーションＲｅ－ｍｉｘ　Ｎｏ．　４
SLPM_804.16|Hyper PlayStation Re-mix 1999 No. 5||ＨＹＰＥＲ　プレイステーションＲｅ－ｍｉｘ　Ｎｏ．５
SLPM_804.24|Hyper PlayStation Re-mix 1999 No. 6||ＨＹＰＥＲ　プレイステーションＲｅ－ｍｉｘ　Ｎｏ．　６
SLPM_804.39|Hyper PlayStation Re-mix 1999 No. 7||ＨＹＰＥＲ　プレイステーションＲｅ－ｍｉｘ　Ｎｏ．　７
SLPM_804.56|Hyper PlayStation Re-mix 1999 No. 8||ＨＹＰＥＲ　プレイステーションＲｅ－ｍｉｘ　Ｎｏ．　８
SLPM_804.70|Hyper PlayStation Re-mix 1999 No. 9 (Disc 1)||ＨＹＰＥＲ　プレイステーションＲｅ－ｍｉｘ　Ｎｏ．　９（ディスク１）
PCPX_961.70|Hyper PlayStation Re-mix 1999 No. 9 (Disc 2) (Sony Computer Entertainment Special)||ＨＹＰＥＲ　プレイステーションＲｅ－ｍｉｘ　Ｎｏ．　９（ディスク２）
SLPM_805.14|Hyper PlayStation Re-mix 2000 No. 1||ＨＹＰＥＲ　プレイステーションＲｅ－ｍｉｘ　Ｎｏ．１
SLPM_805.25|Hyper PlayStation Re-mix 2000 No. 2||ＨＹＰＥＲ　プレイステーションＲｅ－ｍｉｘ　Ｎｏ． ２
SLPM_800.50|Hyper PlayStation Re-mix No. 1||ＨＹＰＥＲ　プレイステーションＲｅ－ｍｉｘ　Ｎｏ．１
SLPM_801.46|Hyper PlayStation Re-mix No. 10||ＨＹＰＥＲ　プレイステーションＲｅ－ｍｉｘ　Ｎｏ．１０
SLPM_801.52|Hyper PlayStation Re-mix No. 11||ＨＹＰＥＲ　プレイステーションＲｅ－ｍｉｘ　Ｎｏ．１１
SLPM_801.67|Hyper PlayStation Re-mix No. 12||ＨＹＰＥＲ　プレイステーションＲｅ－ｍｉｘ　Ｎｏ．１２
SLPM_800.58|Hyper PlayStation Re-mix No. 2||ＨＹＰＥＲ　プレイステーションＲｅ－ｍｉｘ　Ｎｏ．２
SLPM_800.72|Hyper PlayStation Re-mix No. 3||ＨＹＰＥＲ　プレイステーションＲｅ－ｍｉｘ　Ｎｏ．３
SLPM_800.90|Hyper PlayStation Re-mix No. 4||ＨＹＰＥＲ　プレイステーションＲｅ－ｍｉｘ　Ｎｏ．４
SLPM_800.99|Hyper PlayStation Re-mix No. 5||ＨＹＰＥＲ　プレイステーションＲｅ－ｍｉｘ　Ｎｏ．５
SLPM_801.06|Hyper PlayStation Re-mix No. 6||ＨＹＰＥＲ　プレイステーションＲｅ－ｍｉｘ　Ｎｏ．６
SLPM_801.13|Hyper PlayStation Re-mix No. 7 (Disc 1)||ＨＹＰＥＲ　プレイステーションＲｅ－ｍｉｘ　Ｎｏ．７（ディスク１）
SLPM_801.14|Hyper PlayStation Re-mix No. 7 (Disc 2)||ＨＹＰＥＲ　プレイステーションＲｅ－ｍｉｘ　Ｎｏ．７（ディスク２）
SLPM_801.22|Hyper PlayStation Re-mix No. 8||ＨＹＰＥＲ　プレイステーションＲｅ－ｍｉｘ　Ｎｏ．８
SLPM_801.34|Hyper PlayStation Re-mix No. 9||ＨＹＰＥＲ　プレイステーションＲｅ－ｍｉｘ　Ｎｏ．９
SLPS_014.17|Hyper Securities 2||はいぱあセキュリティーズ２
SLES_003.09|Hyper Tennis: Final Match||
SLPM_864.17|Hyper Value 2800: Hanafuda||ハイパーバリュー２８００ 花札
SLPM_864.18|Hyper Value 2800: Hyper Pachinko||ハイパーバリュー２８００ ハイパーパチンコ
SLPM_862.92|Hyper Value 2800: Mahjong||ハイパーバリュー２８００ 麻雀
SLPS_010.29|I'Max Shougi II||アイマックス将棋ＩＩ
PAPX_900.63|I.Q Final||Ｉ．Ｑ　Ｆｉｎａｌ　無料レンタル版
SCPS_100.71|I.Q Final||Ｉ．Ｑ　Ｆｉｎａｌ　無料レンタル版
SCPS_913.11|I.Q Final||Ｉ．Ｑ　Ｆｉｎａｌ　無料レンタル版
PCPX_961.37|I.Q Final (Taikenban)||Ｉ．Ｑ　Ｆｉｎａｌ　無料レンタル版（体験版）
PCPX_960.58|I.Q: Intelligent Qube||
SCPS_100.29|I.Q: Intelligent Qube||Ｉ．Ｑ インテリジェントキューブ
SCPS_910.68|I.Q: Intelligent Qube||Ｉ．Ｑ インテリジェントキューブ
SCUS_941.81|I.Q: Intelligent Qube||
SCUS_941.96|I.Q: Intelligent Qube (Demo)||
SLUS_010.97|IHRA Drag Racing||
SCPS_454.97|ISS Pro Evolution||
SLES_020.95|ISS Pro Evolution||
SLES_024.24|ISS Pro Evolution||
SLUS_010.14|ISS Pro Evolution||
SLES_033.21|ISS Pro Evolution 2||
SLES_033.22|ISS Pro Evolution 2||
SLES_007.46|Ian Livingstone's Deathtrap Dungeon||
SLUS_005.66|Ian Livingstone's Deathtrap Dungeon||
SLPS_010.27|Iblard: Laputa no Kaeru Machi||イバラード　～ラピュタの孵る街～
ESPM_700.01|Iceman: Digital PlayStage||
SLPS_021.99|Ichigeki: Hagane no Hito||一撃　鋼の人
SLPS_003.28|Ide Yousuke Meijin no Shin Jissen Mahjong||井出洋介名人の新実践麻雀
SLPS_000.58|Ide Yousuke no Mahjong Kazoku||井出洋介の麻雀家族
SLPS_022.72|Ide Yousuke no Mahjong Kyoushitsu||井出洋介の麻雀教室
SLPS_029.42|Ide Yousuke no Mahjong Kyoushitsu||井出洋介の麻雀教室
SLPS_002.90|Idol Janshi Suchie-Pai II Limited (Disc 1)||アイドル雀士スーチーパイⅡリミテッド（ディスク１）
SLPS_002.91|Idol Janshi Suchie-Pai II Limited (Disc 2) (Bonus Disc Part 1)||アイドル雀士スーチーパイⅡリミテッド（ディスク２）
SLPS_002.92|Idol Janshi Suchie-Pai II Limited (Disc 3) (Bonus Disc Part 2)||アイドル雀士スーチーパイⅡリミテッド（ディスク３）
SLPS_000.29|Idol Janshi Suchie-Pai Limited||アイドル雀士　スーチーパイ　Ｌｉｍｉｔｅｄ
SLPS_035.09|Idol Janshi Suchie-Pai Limited||アイドル雀士　スーチーパイ　Ｌｉｍｉｔｅｄ
SLPS_003.43|Idol Promotion: Suzuki Yumie||あいどるプロモーション　～すずきゆみえ～
SLPS_003.44|Idol Promotion: Suzuki Yumie (Yumie Island)||あいどるプロモーション　～すずきゆみえ～
SLPS_026.06|Ikasama Mahjong||イカサマ麻雀
SLPS_033.14|Ikasama Mahjong||イカサマ麻雀
SLPS_005.26|Imadoki no Vampire: Bloody Bride||いまどきのバンパイア
SLES_002.35|Impact Racing||
SLPS_008.36|Impact Racing||インパクト・レーシング
SLUS_002.25|Impact Racing||
SCES_021.49|In Cold Blood (Disc 1)||
SLUS_012.94|In Cold Blood (Disc 1)||
SCES_121.49|In Cold Blood (Disc 2)||
SLUS_013.14|In Cold Blood (Disc 2)||
SLES_029.83|In einem Land vor unserer Zeit: Die Rückkehr ins Große Tal||
SLES_003.42|In the Hunt||
SLUS_001.72|In the Hunt||
SLPS_021.42|Inagawa Junji: Kyoufu no Yashiki||稲川淳二　恐怖の屋敷
SLPS_028.38|Inagawa Junji: Mayonaka no Taxi||稲川淳二 真夜中のタクシー
SLPS_032.44|Inagawa Junji: Mayonaka no Taxi||稲川淳二 真夜中のタクシー
SLES_029.33|Incredible Crisis|Titus Interactive|
SLUS_012.25|Incredible Crisis|Titus Interactive|
SLED_032.12|Incredible Crisis (Demo)||
SLUS_002.21|Independence Day||
SLES_006.07|Independence Day: The Game||
SLES_001.35|Indy 500||
SLPS_008.60|Indy 500||インディ５００
SLPM_801.03|Indy 500 (Taikenban)||インディ５００（体験版）
SLES_018.70|Infestation||
SLPS_026.69|Infinity||インフィニティ
SLPS_017.93|Initial D||頭文字Ｄ
SLPS_911.81|Initial D||頭文字Ｄ
SLES_030.84|Inspector Gadget: Gadget's Crazy Maze||
SLUS_012.67|Inspector Gadget: Gadget's Crazy Maze||
SLUS_009.06|Intellivision Classic Games||
PBPX_950.04|Interactive CD Sampler Disc 6||
SCUS_942.42|Interactive CD Sampler Disc 6||
SCUS_942.52|Interactive CD Sampler Disc 6||
PBPX_950.11|Interactive CD Sampler Disc Vol. 10||
SCUS_943.82|Interactive CD Sampler Disc Vol. 10||
SCUS_944.63|Interactive CD Sampler Disc Vol. 11||
PBPX_950.10|Interactive CD Sampler Disc Vol. 9||
SCUS_942.87|Interactive CD Sampler Disc Vol. 9||
SCUS_942.95|Interactive CD Sampler Disc Vol. 9||
PBPX_950.02|Interactive CD Sampler Disc Volume 4||
SCUS_944.18|Interactive CD Sampler Disc Volume 4||
PBPX_950.06|Interactive CD Sampler Disc Volume 7||
SCUS_942.58|Interactive CD Sampler Disc Volume 7||
SCUS_942.62|Interactive CD Sampler Disc Volume 7||
PBPX_950.09|Interactive CD Sampler Disc Volume 8||
SCUS_942.68|Interactive CD Sampler Disc Volume 8||
SCUS_942.73|Interactive CD Sampler Disc Volume 8||
PBPX_950.03|Interactive CD Sampler Disk Volume 5||
SCUS_942.22|Interactive CD Sampler Disk Volume 5||
SCUS_942.24|Interactive CD Sampler Disk Volume 5||
SCUS_942.32|Interactive CD Sampler Disk Volume 5||
SCUS_949.57|Interactive CD Sampler Pack Volume 2||
SCUS_949.55|Interactive CD Sampler Pack Volume One||
SCUS_949.56|Interactive CD Sampler Pack Volume One||
SCUS_949.59|Interactive CD Sampler Pack Volume Three||
SCUS_941.77|Interactive CD Sampler Pack Volume Three (Version 3.5)||
SCUS_949.66|Interactive CD Sampler Pack Volume Three (Version 3.5)||
SLES_024.04|International Cricket Captain 2000||
SLES_035.96|International Cricket Captain 2001: Ashes Edition||
SLES_038.81|International Cricket Captain 2002||
SLES_040.40|International Karate +||
SLES_000.99|International Moto X||
SLPS_004.33|International Moto-X||インターナショナルモトクロス
SLPS_028.68|International Soccer: Excite Stage 2000||インターナショナルエキサイトステージ２０００
SLES_025.50|International Superstar Soccer||
SLES_031.49|International Superstar Soccer||
SLES_005.11|International Superstar Soccer Deluxe||
SLES_005.59|International Superstar Soccer Pro||
SCPS_452.94|International Superstar Soccer Pro '98||
SLES_012.18|International Superstar Soccer Pro '98||
SLES_012.64|International Superstar Soccer Pro '98||
SLUS_006.74|International Superstar Soccer Pro '98||
SLED_014.01|International Superstar Soccer Pro '98 (Demo)||
SLED_015.13|International Superstar Soccer Pro '98 (Demo)||
SLED_007.96|International Superstar Soccer Pro (Demo)||
SCPS_451.97|International Track & Field||
SLES_003.33|International Track & Field||
SLUS_002.38|International Track & Field||
SLES_024.48|International Track & Field 2||
SLUS_009.87|International Track & Field 2000||
SLES_019.35|Interplay Sports Baseball 2000||
SLUS_008.50|Interplay Sports Baseball 2000||
SLPS_033.74|Inuyasha||犬夜叉
SLPS_033.61|Inuyasha (Shokai Seisanban)||犬夜叉
SLUS_015.34|Inuyasha: A Feudal Fairy Tale||
SLPS_035.03|Inuyasha: Sengoku Otogi Gassen||犬夜叉　戦国お伽合戦
SLPM_806.38|Inuyasha: Sengoku Otogi Gassen (Taikenban)||犬夜叉　戦国お伽合戦（体験版）
SLES_004.43|Invasion||
SLUS_007.09|Invasion from Beyond||
SLPS_005.51|Ippatsu Gyakuten: Gamble King Densetsu||一発逆転　ギャンブルキング伝説
SLPS_003.41|Irem Arcade Classics||アイレム・アーケード・クラシックス
SLES_002.81|Iron Man / X-O Manowar in Heavy Metal||
SLPS_004.55|Iron Man / X-O Manowar in Heavy Metal||アイアンマン／ＸＯ
SLUS_002.35|Iron Man / X-O Manowar in Heavy Metal||
SLES_032.50|Iron Soldier 3||
SLUS_010.61|Iron Soldier 3||
SLUS_007.75|Irritating Stick||
SLPS_009.65|Iru!||…いる！
SLPS_011.58|Ishin no Arashi||維新の嵐
SLPM_861.44|Ishin no Arashi: Bakumatsu Shishiden||維新の嵐 幕末志士伝
SLPM_865.94|Ishin no Arashi: Bakumatsu Shishiden||維新の嵐 幕末志士伝
SLPM_861.20|Itadaki Street: Gorgeous King||いただきストリート　～ゴージャス・キング～
SLPM_802.87|Itadaki Street: Gorgeous King (Demo) (Taikenban)||いただきストリート　～ゴージャス・キング～（体験版）
SLPM_860.89|Itadaki Street: Gorgeous King (Disc 2) (Taikenban)||
SLPS_019.82|Itsuka, Kasanariau Ashita e: Sayuri-hen||いつか、重なりあう未来へ　サユリ篇
SLPS_019.57|Itsuka, Kasanariau Ashita e: Shirou-hen||いつか、重なりあう未来へ　シロウ篇
SLPS_008.32|Iwatobi Penguin Rocky x Hopper||イワトビペンギン ロッキー×ホッパー
SLPS_911.15|Iwatobi Penguin Rocky x Hopper||イワトビペンギン ロッキー×ホッパー
SLPM_801.05|Iwatobi Penguin Rocky x Hopper (Taikenban)||イワトビペンギン　ロッキー×ホッパー（体験版）
SLPS_012.83|Iwatobi Penguin Rocky x Hopper 2: Tantei Monogatari||イワトビペンギン ロッキー×ホッパー２ 探偵物語
SLES_004.80|Iznogoud||
SLPS_010.07|J's Racin'||
SLPS_001.44|J. B. Harold: Blue Chicago Blues (Disc 1)||Ｊ．Ｂ．ハロルド　ブルー・シカゴ・ブルース（ディスク１）
SLPS_021.48|J. B. Harold: Blue Chicago Blues (Disc 1)||Ｊ．Ｂ．ハロルド　ブルー・シカゴ・ブルース（ディスク１）
SLPS_001.45|J. B. Harold: Blue Chicago Blues (Disc 2)||Ｊ．Ｂ．ハロルド　ブルー・シカゴ・ブルース（ディスク２）
SLPS_021.49|J. B. Harold: Blue Chicago Blues (Disc 2)||Ｊ．Ｂ．ハロルド　ブルー・シカゴ・ブルース（ディスク２）
SLPS_000.68|J.League Jikkyou Winning Eleven||Ｊリーグ　実況ウイニングイレブン
SLPM_860.10|J.League Jikkyou Winning Eleven '97||Ｊリーグ　実況ウイニングイレブン’９７
SLPM_861.54|J.League Jikkyou Winning Eleven '98-'99||Ｊリーグ　実況ウイニングイレブン’９８－’９９
SLPM_865.38|J.League Jikkyou Winning Eleven 2000||Ｊリーグ　実況ウイニングイレブン２０００
SLPM_866.68|J.League Jikkyou Winning Eleven 2000 2nd||Ｊリーグ　実況ウイニングイレブン２０００　２ｎｄ
SLPM_868.35|J.League Jikkyou Winning Eleven 2001||Ｊリーグ　実況ウイニングイレブン２００１
SLPM_860.55|J.League Jikkyou Winning Eleven 3||Ｊリーグ　実況ウィニングイレブン３
SLPS_024.36|J.League Soccer: Jikkyou Survival League||Ｊリーグサッカー　実況サバイバルリーグ
SLPS_000.79|J.League Soccer: Prime Goal EX||Ｊリーグサッカー　プライムゴールＥＸ
SLPS_003.01|J.League Virtual Stadium '96||Ｊリーグ・バーチャル・スタジアム’９６
SLPS_014.28|JGTC: All Japan Grand Touring Car Championship||ＪＧＴＣ　～オール・ジャパン・グランド・ツーリング・カー・チャンピオンシップ～
SCES_014.44|Jackie Chan Stuntmaster||
SLUS_006.84|Jackie Chan Stuntmaster||
SLES_022.03|Jade Cocoon: Die Tamamayu Legende||
SLES_022.06|Jade Cocoon: La Leggenda del Tamamayu||
SLES_022.05|Jade Cocoon: La Leyenda de Tamamayu||
SLES_022.01|Jade Cocoon: Story of the Tamamayu||
SLES_022.02|Jade Cocoon: Story of the Tamamayu||
SLUS_008.54|Jade Cocoon: Story of the Tamamayu||
SLUS_900.54|Jade Cocoon: Story of the Tamamayu (Demo)||
SLPS_020.76|JailBreaker (Disc 1)||ジェイルブレイカー（ディスク１）
SLPS_020.77|JailBreaker (Disc 2)||ジェイルブレイカー（ディスク２）
SLPS_035.62|Jaleco Collection Vol. 1||ジャレコ・コレクション　Ｖｏｌ．１
SLPM_802.76|Jaleco Taikenban Special (Taikenban)||ジャレコ体験版スペシャル（体験版）
SCUS_941.76|Jampack Vol. 1||
SCUS_941.97|Jampack Vol. 2||
SLPS_027.08|Jang Jang Koi Shimashow Separate 1: Jang Jang Shimashow||雀じゃん恋しましょセパレート１　～雀々しましょ～
SLPS_027.09|Jang Jang Koi Shimashow Separate 2: Koi Koi Shimashow||雀じゃん恋しましょセパレート２　～恋こいしましょ～
SLPS_011.34|Jang Jang Koi Shimashow: Lovely Pop 2 in 1||雀じゃん恋しましょ　ラブリーポップ２ｉｎ１
SLPS_017.60|Janhai Yuugi '99: Tanuki no Kawazanyou||雀牌遊戯’ ９９　たぬきの皮算用
SLPS_023.86|Janhai Yuugi '99: Tanuki no Kawazanyou||雀牌遊戯’ ９９　たぬきの皮算用
SLUS_011.39|Jarrett & Labonte Stock Car Racing||
SLES_019.83|Jeff Wayne's La Guerre des Mondes||
SLES_002.30|Jeff Wayne's The War of the Worlds||
SLES_019.84|Jeff Wayne's The War of the Worlds||
SLES_019.85|Jeff Wayne's The War of the Worlds||
SLES_019.86|Jeff Wayne's The War of the Worlds||
SLPS_028.92|Jellyfish: The Healing Friend||ＪＥＬＬＹ　ＦＩＳＨ　Ｔｈｅ　Ｈｅａｌｉｎｇ　Ｆｒｉｅｎ
SLUS_006.82|Jeopardy!||
SLUS_011.73|Jeopardy! 2nd Edition||
SLES_019.81|Jeremy McGrath Supercross 2000||
SLUS_008.32|Jeremy McGrath Supercross 2000||
SLES_012.81|Jeremy McGrath Supercross 98||
SLPM_863.06|Jeremy McGrath Supercross 98||ジェレミー・マクグラススーパークロス９８
SLPS_014.87|Jeremy McGrath Supercross 98||ジェレミー・マクグラススーパークロス９８
SLUS_004.79|Jeremy McGrath Supercross 98||
SCUS_949.07|Jersey Devil||
SLES_005.98|Jersey Devil||
SLPM_860.75|Jersey Devil no Daibouken||ジャージーデビルの大冒険
SLES_041.25|Jet Ace||
SLPM_868.94|Jet Copter X||ジェットコプター・エックス
SCUS_943.09|Jet Moto||
SCPS_100.63|Jet Moto '98||ジェットモト´９８
SCUS_941.67|Jet Moto 2||
SCUS_945.55|Jet Moto 3||
SCUS_943.84|Jet Moto 3 (Demo)||
SCES_005.66|Jet Rider||
SCES_010.45|Jet Rider 2||
SLPM_863.23|Jet de Go! Let's Go by Airliner||ジェットでＧＯ！　－ＬＥＴ＇Ｓ　ＧＯ　ＢＹ　ＡＩＲＬＩＮＥＲ－
SLPM_868.12|Jet de Go! Let's Go by Airliner||ジェットでＧＯ！　－ＬＥＴ＇Ｓ　ＧＯ　ＢＹ　ＡＩＲＬＩＮＥＲ－
SLPM_863.24|Jet de Go! Let's Go by Airliner (Gentei)||ジェットでＧＯ！　－ＬＥＴ＇Ｓ　ＧＯ　ＢＹ　ＡＩＲＬＩＮＥＲ－
SLPM_805.15|Jet de Go! Let's Go by Airliner (Taikenban)||ジェットでＧＯ！　－ＬＥＴ＇Ｓ　ＧＯ　ＢＹ　ＡＩＲＬＩＮＥＲ－（体験版）
PCPX_960.80|JetMoto||ジェットモト
SIPS_600.20|JetMoto||ジェットモト
SLES_033.28|Jetracer||
SLPS_005.89|Jewel Bem Hunter Lime with Paint Maker||宝魔ハンターライム ｗｉｔｈ ペイントメーカー
SLPS_008.02|Jigoku Sensei Nube||地獄先生ぬ～べ～
SLPM_869.18|Jigsaw Island: Japan Graffiti||ジグソー・アイランド　～ジャパン・グラフィティー～
SLPS_004.73|Jigsaw Island: Japan Graffiti||ジグソー・アイランド　～ジャパン・グラフィティー～
SLES_040.89|Jigsaw Madness||
SLUS_015.09|Jigsaw Madness||
SLPS_000.28|Jigsaw World||ジグソーワールド
SLPS_022.51|Jigsaw World||ジグソーワールド
SLPS_015.38|Jikki Pachi-Slot Tettei Kouryaku: Speed-CR Kinkakuji 3||実機パチスロ徹底攻略 　～ＳＰＥＥＤ・ＣＲ金閣寺３～
SLPS_013.39|Jikki Pachi-Slot Tettei Kouryaku: Yamasa Collection||実機パチスロ徹底攻略　山佐コレクション
SLPM_860.46|Jikkyou American Baseball||実況アメリカンベースボール
SLPM_861.19|Jikkyou American Baseball 2||実況アメリカンベースボール２
SLPM_864.64|Jikkyou Golf Master 2000||実況ゴルフマスター２０００
SLPM_867.36|Jikkyou Golf Master 2000||実況ゴルフマスター２０００
SLPM_863.17|Jikkyou J.League 1999: Perfect Striker||実況Ｊ．Ｌｅａｇｕｅ　１９９９　パーフェクトストライカー
SLPM_863.16|Jikkyou Kyousouba Ikusei Simulation Game: Breeding Stud '99||実況競走馬育成シミュレーションゲーム ブリーディングスタッド＇９９
SLPM_860.08|Jikkyou Oshaberi Parodius: Forever with Me||実況おしゃべりパロディウス ～フォーエバー･ウィズ･ミー～
SLPS_000.16|Jikkyou Powerful Pro Yakyuu '95||実況パワフルプロ野球＇９５
SLPS_000.67|Jikkyou Powerful Pro Yakyuu '95: Kaimakuban||実況パワフルプロ野球＇９５ 開幕版
SLPM_860.24|Jikkyou Powerful Pro Yakyuu '97: Kaimakuban||実況パワフルプロ野球‘９７ 開幕版
SLPM_860.97|Jikkyou Powerful Pro Yakyuu '98: Kaimakuban||実況パワフルプロ野球＇９８ 開幕版
SLPM_861.49|Jikkyou Powerful Pro Yakyuu '98: Ketteiban||実況パワフルプロ野球‘９８ 決定版
SLPM_862.53|Jikkyou Powerful Pro Yakyuu '99: Kaimakuban||実況パワフルプロ野球‘９９ 開幕版
SLPM_864.33|Jikkyou Powerful Pro Yakyuu '99: Ketteiban||実況パワフルプロ野球＇９９ 決定版
SLPM_865.78|Jikkyou Powerful Pro Yakyuu 2000: Kaimakuban||実況パワフルプロ野球２０００ 開幕版
SLPM_866.94|Jikkyou Powerful Pro Yakyuu 2000: Ketteiban||実況パワフルプロ野球２０００ 決定版
SLPM_868.07|Jikkyou Powerful Pro Yakyuu 2001||実況パワフルプロ野球２００１
SLPM_869.90|Jikkyou Powerful Pro Yakyuu 2001: Ketteiban||実況パワフルプロ野球２００１ 決定版
SLPM_870.33|Jikkyou Powerful Pro Yakyuu 2002: Haru||実況パワフルプロ野球２００２　春
SLPM_872.16|Jikkyou Powerful Pro Yakyuu: Premium-ban||実況パワフルプロ野球 プレミアム版
SLPS_015.33|Jikuu Tantei DD 2: Hangyaku no Apsalar (Disc 1)||時空探偵ＤＤ２　叛逆のアプサラル（ディスク１）
SLPS_015.34|Jikuu Tantei DD 2: Hangyaku no Apsalar (Disc 2)||時空探偵ＤＤ２　叛逆のアプサラル（ディスク２）
SLPM_800.39|Jikuu Tantei DD: Maboroshi no Lorelei||時空探偵ＤＤ　～幻のローレライ～
SLPS_003.97|Jikuu Tantei DD: Maboroshi no Lorelei (Disc 1)||時空探偵ＤＤ　～幻のローレライ～（ディスク１）
SLPS_003.98|Jikuu Tantei DD: Maboroshi no Lorelei (Disc 2)||時空探偵ＤＤ　～幻のローレライ～（ディスク２）
SLES_035.98|Jim Henson's Bear in the Big Blue House||
SLUS_015.24|Jim Henson's Bear in the Big Blue House||
SCES_037.55|Jim Henson's The Hoobs||
SCES_037.56|Jim Henson's The Hoobs||
SCES_037.57|Jim Henson's The Hoobs||
SCES_037.58|Jim Henson's The Hoobs||
SLUS_005.00|Jimmy Johnson's VR Football '98||
SLES_013.34|Jimmy White's 2: Cueball||
SLUS_013.13|Jimmy White's 2: Cueball||
PAPX_900.49|Jingle Cats: Love-Para Daisakusen no Maki (Taikenban)||ジングルキャッツ　ラブパラ大作戦の巻（体験版）
SCES_039.08|Jinx||
SLPS_026.48|Jishaku de Tonjau!? Phix no Daibouken||磁石で飛んじゃう！？ ピックスの大冒険
SLPS_007.94|Jissen Pachi-Slot Hisshouhou! 5||実戦パチスロ必勝法！５
SLPS_031.71|Jissen Pachi-Slot Hisshouhou! Disc Up||実戦　パチスロ必勝法！　ＤＩＳＣ　ＵＰ
SLPS_014.37|Jissen Pachi-Slot Hisshouhou! Sammy Revolution||実戦パチスロ必勝法！ サミーレヴォリューション
SLPS_019.36|Jissen Pachi-Slot Hisshouhou! Sammy Revolution 2||実戦パチスロ必勝法！ サミーレヴォリューション２
SLPM_863.33|Jissen Pachi-Slot Hisshouhou! Single: Epsilon R||実戦　パチスロ必勝法！シングル　～イプシロンＲ～
SLPM_863.42|Jissen Pachi-Slot Hisshouhou! Single: Kamen Rider & Gallop (Disc 1) (Kamen Rider)||実戦パチスロ必勝法！シングル　～仮面ライダー＆ギャロップ～（ディスク１）
SLPM_863.43|Jissen Pachi-Slot Hisshouhou! Single: Kamen Rider & Gallop (Disc 2) (Gallop)||実戦パチスロ必勝法！シングル　～仮面ライダー＆ギャロップ～（ディスク２）
SLPM_863.35|Jissen Pachi-Slot Hisshouhou! Single: Kamen Rider V3||実戦　パチスロ必勝法！　ＳＩＮＧＬＥ　～仮面ライダー Ｖ３～
SLPM_864.34|Jissen Pachi-Slot Hisshouhou! Single: Kung-Fu Lady||実戦パチスロ必勝法！シングル～カンフーレディ～
SLPM_863.49|Jissen Pachi-Slot Hisshouhou! Single: Sea Master X||実戦パチスロ必勝法！シングル　～シーマスターＸ～
SLPM_864.20|Jissen Pachi-Slot Hisshouhou! Single: Super Star Dust 2||実戦パチスロ必勝法！シングル　～スーパースターダスト２～
SLPM_864.44|Jissen Pachi-Slot Hisshouhou! Single: The Kongdom||実戦パチスロ必勝法！シングル　～コングダム～
SLPS_027.27|Jitsumei Jikkyou Keiba: Dream Classic||実名実況競馬　～ドリームクラシック～
SLES_025.99|JoJo's Bizarre Adventure||
SLUS_010.60|JoJo's Bizarre Adventure||
SLPS_004.29|Jockey Zero||ジョッキー・ゼロ
SLPS_003.39|Johnny Bazooka||ジョニー・バズーカ
SLES_001.12|Johnny Bazookatone||
SLUS_001.94|Johnny Bazookatone||
SLPM_867.21|Jojo no Kimyou na Bouken||ジョジョの奇妙な冒険
SLPS_022.36|Jojo no Kimyou na Bouken||ジョジョの奇妙な冒険
SLPM_804.93|Jojo no Kimyou na Bouken (Taikenban)||ジョジョの奇妙な冒険（体験版）
SLES_003.77|Jonah Lomu Rugby||
SLES_006.11|Jonah Lomu Rugby||
SLPS_004.09|Joshikousei no Houkago... Pukunpa||女子高生の放課後…　ぷくんパ
SLES_027.72|Joue avec les Teletubbies||
SLPS_017.39|Jouki Kikansha Unten Simulation: SL de Ikou!||蒸気機関車運転・シミュレーション　～ＳＬで行こう！～
SLPS_024.78|Jouki Kikansha Unten Simulation: SL de Ikou! II||蒸気機関車運転・シミュレーション　～ＳＬで行こう！Ⅱ～
SLPS_009.36|Jounetsu Nekketsu Athletes: Nakimushi Coach no Diary||情熱★熱血アスリーツ　～泣き虫コーチの日記～
SCED_011.38|Joypad Demo 01||
SLES_007.55|Judge Dredd||
SLUS_006.30|Judge Dredd||
SLES_031.71|Juega con los Teletubbies||
SLUS_008.94|Juggernaut (Disc 1)||
SLUS_009.88|Juggernaut (Disc 2)||
SLUS_009.89|Juggernaut (Disc 3)||
SLPS_016.71|Juggernaut: Senritsu no Tobira (Disc 1)||ジャガーノート －戦慄の扉－（ディスク１）
SLPS_029.16|Juggernaut: Senritsu no Tobira (Disc 1)||ジャガーノート －戦慄の扉－（ディスク１）
SLPS_016.72|Juggernaut: Senritsu no Tobira (Disc 2)||ジャガーノート －戦慄の扉－（ディスク２）
SLPS_029.17|Juggernaut: Senritsu no Tobira (Disc 2)||ジャガーノート －戦慄の扉－（ディスク２）
SLPS_016.73|Juggernaut: Senritsu no Tobira (Disc 3)||ジャガーノート －戦慄の扉－（ディスク３）
SLPS_029.18|Juggernaut: Senritsu no Tobira (Disc 3)||ジャガーノート －戦慄の扉－（ディスク３）
SLUS_013.83|JumpStart Wildlife Safari: Field Trip||
SCES_000.03|Jumping Flash!|Sony Computer Entertainment|
SCPS_100.22|Jumping Flash!|Sony Computer Entertainment|ジャンピングフラッシュ！（ヨーロッパ版）
SCUS_941.03|Jumping Flash!|Sony Computer Entertainment|
SCPM_850.01|Jumping Flash! (Taikenban)|Sony Computer Entertainment|ジャンピングフラッシュ！（体験版）
SCES_001.11|Jumping Flash! 2|Sony Computer Entertainment|
SCUS_941.08|Jumping Flash! 2|Sony Computer Entertainment|
SCPS_100.21|Jumping Flash! 2: Aloha Danshaku Ooyowari no Maki|Sony Computer Entertainment|ジャンピングフラッシュ！２ アロハ男爵大弱りの巻
SCPS_100.07|Jumping Flash! Aloha Danshaku Funky Daisakusen no Maki|Sony Computer Entertainment|ジャンピングフラッシュ！ アロハ男爵ファンキー大作戦の巻
SLPM_860.80|Junclassic C.C. & Rope Club||ジュンクラシックＣ．Ｃ．＆ロペ倶楽部
SLES_027.50|Jungla de Cristal Trilogia 2: Viva Las Vegas||
SLPS_010.86|Jungle Park||ジャングルパーク
SLES_035.79|Junior Sports Football||
SLES_035.80|Junior Sports Football||
SLES_035.81|Junior Sports Fussball||
SLPS_024.31|Junjou de Karen: Meymay Kishidan: Spectral Force Seishoujo Gaiden||～純情で可憐～　メイマイ騎士団　スペクトラルフォース聖少女外伝
SLPS_030.78|Junjou de Karen: Meymay Kishidan: Spectral Force Seishoujo Gaiden||～純情で可憐～　メイマイ騎士団　スペクトラルフォース聖少女外伝
SLES_001.30|Jupiter Strike||
SLUS_001.77|Jupiter Strike||
SLES_027.53|K-1 Grand Prix||
SLUS_009.41|K-1 Grand Prix||
SLPS_026.02|K-1 Ouja ni Narou! King of Kings||Ｋ－１王者になろう！　ＫＩＮＧ　ＯＦ　ＫＩＮＧＳ
SLUS_007.66|K-1 Revenge||
SLES_007.67|K-1 The Arena Fighters||
SLUS_004.14|K-1 The Arena Fighters||
SLPM_867.63|K-1 World Grand Prix 2001: Kaimakuban||Ｋ－１ ワールドグランプリ２００１ 開幕版
SLPS_014.13|K.O.: The Live Boxing||Ｋ．Ｏ．　～ザ・ライブ・ボクシング～
SLPS_026.98|K.O.: The Live Boxing||Ｋ．Ｏ．　～ザ・ライブ・ボクシング～
LSP09011.002|K9.5 1: Live in Airedale||
LSP09022.001|K9.5 2: We Are the Dogs!||
LSP09033.001|K9.5 3: WebTunes||
LSP09044.001|K9.5 4: The Tail-Wag Tour||
LSP90710.301|K9.5 5: The Howlywood Premiere||
SLES_032.11|KISS Pinball||
SLUS_013.66|KISS Pinball||
SLES_012.46|KKND Krossfire||
SLES_016.16|KKND Krossfire||
SLES_016.17|KKND Krossfire||
SLPS_023.32|Kaeru no Ehon: Nakushita Kioku o Motomete||かえるの絵本なくした記憶を求めて
SLPM_804.60|Kaeru no Ehon: Nakushita Kioku o Motomete (Taikenban)||かえるの絵本なくした記憶を求めて（体験版）
SLPM_871.74|Kaette Kita Cyborg Kuro-chan||帰ってきた サイボーグクロちゃん
SLPS_013.84|Kaette Kita Pachio-kun: Dream Collection||帰ってきたパチ夫くん　ＤＲＥＡＭ　ＣＯＬＬＥＣＴＩＯＮ
SLPS_019.72|Kagayaku Kisetsu e||輝く季節へ
SLPS_019.75|Kagayaku Kisetsu e||輝く季節へ
SLPS_019.73|Kagayaku Kisetsu e (Disc 2) (Special Disc) (Shokai Genteiban)||
SLPM_804.08|Kagayaku Kisetsu e (Taikenban)||輝く季節へ（体験版）
SLES_019.67|Kagero: Deception II||
SLUS_006.77|Kagero: Deception II||
SLUS_900.41|Kagero: Deception II (Demo)||
SLPS_014.21|Kagero: Kokumeikan Shinshou||影牢　～刻命館　真章～
SLPS_911.48|Kagero: Kokumeikan Shinshou||影牢　～刻命館　真章～
PAPX_900.47|Kagero: Kokumeikan Shinshou (Taikenban)||影牢　～刻命館　真章～（体験版）
SLPM_802.73|Kagero: Kokumeikan Shinshou (Taikenban)||影牢　～刻命館　真章～（体験版）
SLPS_010.66|Kahen Soukou Gunbike: Speed Power Gunbike||可変走攻ガンバイク
SLPS_009.15|Kaibutsu Para-Dice: Monster Paradise||怪物パラ☆ダイス
SLPS_005.29|Kaijuu Senki||怪獣戦記
SLPM_864.38|Kaikan Phrase: Datenshi Kourin||快感フレーズ 堕天使降臨
SLPS_007.43|Kain the Vampire||ケイン・ザ・ヴァンパイヤ
SLPS_030.79|Kaishin!! Derby Analyst||改新！！ダービーアナリスト
SLPS_015.53|Kaisoku Tenshi: The Rapid Angel||快速天使
SLPS_000.86|Kaitei Daisensou: In the Hunt||海底大戦争　～ＩＮ　ＴＨＥ　ＨＵＮＴ～
SLPS_035.32|Kaitou Apricot||怪盗アプリコット
SLPS_018.24|Kaitou Ranma Miyabi||快刀乱麻　雅
SLPS_018.25|Kaitou Ranma Miyabi||快刀乱麻　雅
SLPS_000.19|Kakinoki Shougi||柿木将棋
SLPS_013.44|Kakinoki Shougi II||柿木将棋ＩＩ
SLPS_029.86|Kakinoki Shougi II||柿木将棋ＩＩ
SLPS_025.95|Kakuge Yarou: Fighting Game Creator||各ゲー野郎　～Ｆｉｇｈｔｉｎｇ　Ｇａｍｅ　Ｃｒｅａｔｏｒ
SLPS_007.99|Kakugo no Susume||覚悟のススメ
SLPS_015.70|Kamen Rider||仮面ライダー
SLPS_911.39|Kamen Rider||仮面ライダー
SLPM_803.26|Kamen Rider (Taikenban)||仮面ライダー（体験版）
SLPS_033.44|Kamen Rider Agito||仮面ライダーアギト
SLPM_806.29|Kamen Rider Agito / Hyakujuu Sentai GaoRanger (Taikenban)||仮面ライダーアギト　＆　百獣戦隊 ガオレンジャー（体験版）
SLPS_030.90|Kamen Rider Kuuga||仮面ライダークウガ
SLPS_034.01|Kamen Rider Kuuga||仮面ライダークウガ
SLPS_034.95|Kamen Rider Ryuuki||仮面ライダー龍騎
SLPS_029.64|Kamen Rider V3||仮面ライダーＶ３
SLPS_034.43|Kamen Rider V3||仮面ライダーＶ３
SLPS_000.52|Kanazawa Shougi '95||金沢将棋’９５
SLPS_020.59|Kanazawa Shougi: Tsuki||金沢将棋 月
SLES_032.09|Kart Challenge||
SLPS_030.41|Kart Race: Kimete wa Drift!||カート・レース　～きめ手は・ドリフト！～
SLUS_006.31|Kartia: The Word of Fate||
SLPS_005.63|Karyuujou (Disc 1) (Ryuu Hangan Hen)||火竜娘（ディスク１）
SLPS_005.64|Karyuujou (Disc 2) (Kou Yuukan Hen)||火竜娘（ディスク２）
SLPS_016.30|Kasei Monogatari||火星物語
SLPS_016.29|Kasei Monogatari (Genteiban)||火星物語
SCED_017.39|Katalog Spezial Demo||
SLPS_020.78|Katou Hifumi Kudan: Shougi Club||加藤一二三九段　将棋倶楽部
SLPS_020.86|Katou Hifumi Kudan: Shougi Club||加藤一二三九段　将棋倶楽部
SLPS_012.53|Kattobi Tune||かっとび・チューン
SLPM_802.23|Kattobi Tune (Taikenban)||かっとび・チューン（体験版）
SLPS_015.36|Kawa no Nushi-tsuri: Hikyou o Motomete||川のぬし釣り ～秘境を求めて～
SLPS_911.55|Kawa no Nushi-tsuri: Hikyou o Motomete||川のぬし釣り ～秘境を求めて～
LSP07011.001|KazMania 1: Trail of Gems||
LSP90513.000|KazMania 2: Chaos in KazMania||
LSP90513.001|KazMania 2: Chaos in KazMania||
LSP90513.002|KazMania 2: Chaos in KazMania||
SLPS_010.10|Kaze no Klonoa: Door to Phantomile||風のクロノア　‐ｄｏｏｒ　ｔｏ　ｐｈａｎｔｏｍｉｌｅ‐
SLPS_911.69|Kaze no Klonoa: Door to Phantomile||風のクロノア　‐ｄｏｏｒ　ｔｏ　ｐｈａｎｔｏｍｉｌｅ‐
SCPS_451.11|Kaze no Notam: Notam of Wind||風のノータム
SLPS_009.12|Kaze no Notam: Notam of Wind||風のノータム
SLPS_015.65|Kaze no Oka Kouen Nite||風の丘公園にて
SLPS_016.40|Keiba Eight '98 Aki Fuyu||競馬エイト＇９８秋冬
SLPS_013.72|Keiba Eight '98 Haru Natsu||競馬エイト＇９８春夏
SLPS_019.29|Keiba Eight '99 Haru Natsu||競馬エイト´９９春夏
SLPS_000.63|Keiba Saishou no Housoku '95||競馬最勝の法則＇９５
SLPS_001.46|Keiba Saishou no Housoku '96 Vol. 1||競馬最勝の法則＇９６ Ｖｏｌ．１
SLPS_006.05|Keiba Saishou no Housoku '96 Vol. 2: GI-Road||競馬最勝の法則＇９６　Ｖｏｌ．２　ＧＩ－ＲＯＡＤ
SLPS_008.08|Keiba Saishou no Housoku '97 Vol. 1: Nerae! Manbaken!||競馬最勝の法則＇９７ Ｖｏｌ．１ 狙え！万馬券！
SLPS_010.32|Keiba Saishou no Housoku '97 Vol. II: To Hit||競馬最勝の法則＇９７ Ｖｏｌ．ＩＩ ＴＯ ＨＩＴ
SLPS_023.39|Keiba Saishou no Housoku '99 Shuutou||競馬最勝の法則＇９９秋冬
SLPS_027.17|Keitai Eddy||ケータイ・エディ
PBPX_950.13|Keitai Henshuu||携帯編集
SLPS_004.96|Kekkon: Marriage||結婚 ～Ｍａｒｒｉａｇｅ～
SLPM_840.02|Kellogg Original Waku Waku Doki Doki Ninki Game Chara Daishuugou!||ケロッグオリジナル ワクワクドキドキ人気ゲームキャラ大集合！
SLPM_840.03|Kellogg Original Waku Waku Doki Doki Ninki Game Chara Daishuugou! Waku Waku-shou (Taikenban)||ケロッグオリジナル　ワクワクドキドキ人気ゲームキャラ大集合！ ワクワク賞（体験版）
SCPS_454.66|Kenkaku Ibunroku: Yomigaerishi Souku no Yaiba: Samurai Spirits Shinshou||剣客異聞録　甦りし蒼紅の刃　サムライスピリッツ新章
SLPM_805.12|Kenkaku Ibunroku: Yomigaerishi Souku no Yaiba: Samurai Spirits Shinshou||剣客異聞録　甦りし蒼紅の刃　サムライスピリッツ新章
SLPM_863.45|Kenkaku Ibunroku: Yomigaerishi Souku no Yaiba: Samurai Spirits Shinshou||剣客異聞録　甦りし蒼紅の刃　サムライスピリッツ新章
SLPM_871.50|Kenki Ippatsu! Crane Master ni Narou!||ＫＥＮＫＩーいっぱつ！クレーンマスターになろう！
SLPS_028.31|Kenki Ippatsu! Crane Master ni Narou!||ＫＥＮＫＩーいっぱつ！クレーンマスターになろう！
SLPS_028.30|Kenki Ippatsu! Shovel Master ni Narou!||ＫＥＮＫＩいっぱつ！　ショベル・マスターになろう！
SLES_010.81|Kensei: Sacred Fist||
SLUS_006.00|Kensei: Sacred Fist||
SLPS_005.02|Kensei: The King of Boxing||拳聖 　ＴＨＥ　ＫＩＮＧ　ＯＦ　ＢＯＸＩＮＧ
SLPS_026.05|Kensetsu Kikai Simulator: Kenki Ippai!||建設機械シミュレーター　ＫＥＮＫＩ　いっぱい！
SLPS_011.86|Kenshou Akou Jiken: Chuushingura: Rekishi Adventure||検証・赤穂事件　忠臣蔵　歴史アドベンチャー
SLPM_866.21|Kero Kero King||ケロケロキング
SLPS_914.51|Kero Kero King||ケロケロキング
SLPM_805.83|Kero Kero King (Taikenban)||ケロケロキング（体験版）
SLPM_864.32|Kessen: Demo Video CD-ROM (Demo)||決戦 　デモビデオＣＤ－ＲＯＭ
SLPS_026.40|Khamrai||カムライ－神来－
SLES_010.61|Kick Off World||
SLES_010.62|Kick Off World||
SLES_013.27|Kick Off World||
SLES_013.28|Kick Off World||
SLES_010.63|Kick Off World Manager||
SLUS_014.12|Kickboxing||
SLES_039.59|Kickboxing Knockout||
SLPS_004.54|Kid Clown no Crazy Chase 2: Love Love Honey Soudatsusen||キッドクラウンのクレイジーチェイス２　ＬＯＶＥ　ＬＯＶＥ　ハニー争奪戦
SLPS_032.36|Kid Mix Section: Character Collection||キッド　ミックス　セクション
SCPS_454.81|Kidou Senshi Gundam: Gihren no Yabou: Zeon no Keifu (Disc 1) (Earth Federation Disc)||機動戦士ガンダム　ギレンの野望　ジオンの系譜（ディスク１）
SLPS_025.70|Kidou Senshi Gundam: Gihren no Yabou: Zeon no Keifu (Disc 1) (Earth Federation Disc)||機動戦士ガンダム　ギレンの野望　ジオンの系譜（ディスク１）
SCPS_454.82|Kidou Senshi Gundam: Gihren no Yabou: Zeon no Keifu (Disc 2) (Zeon Disc)||機動戦士ガンダム　ギレンの野望　ジオンの系譜（ディスク２）
SLPS_025.71|Kidou Senshi Gundam: Gihren no Yabou: Zeon no Keifu (Disc 2) (Zeon Disc)||機動戦士ガンダム　ギレンの野望　ジオンの系譜（ディスク２）
SLPS_022.02|Kidou Senshi Gundam: Gihren no Yabou: Zeon no Keifu: Kimitsu Eizou Disc Tokubetsu-hen||機動戦士ガンダム　ギレンの野望　ジオンの系譜　機密映像ＤＩＳＣ特別篇
SLPS_028.20|Kidou Senshi Gundam: Gihren no Yabou: Zeon no Keifu: Kouryaku Shireisho||機動戦士ガンダム　ギレンの野望　ジオンの系譜　攻略指令書
SCED_025.42|Kids Demo 01||
SLPM_869.07|Kids Station: Asobou! Hanasou! Guru Guru Town Hanamaru-kun||キッズステーション　あそぼう！　はなそう！　ぐるぐるタウン　はなまるくん
SLPS_030.57|Kids Station: Asobou! Hanasou! Guru Guru Town Hanamaru-kun||キッズステーション　あそぼう！　はなそう！　ぐるぐるタウン　はなまるくん
SLPS_033.01|Kids Station: Barbapapa||キッズステーション　バーバパパ
SLPS_033.02|Kids Station: Barbapapa||キッズステーション　バーバパパ
SLPM_840.17|Kids Station: Basic Soft||キッズステーション　ベーシック　ソフト
SLPS_033.17|Kids Station: Bishoujo Senshi Sailor Moon World: Chibiusa to Tanoshii Mainichi||キッズステーション　美少女戦士セーラームーンワールド　ちびうさとたのしいまいにち
SLPS_033.18|Kids Station: Bishoujo Senshi Sailor Moon World: Chibiusa to Tanoshii Mainichi||キッズステーション　美少女戦士セーラームーンワールド　ちびうさとたのしいまいにち
SLPS_028.72|Kids Station: Bokura to Asobou! Ultraman TV||キッズステーション　ぼくらとあそぼう！　ウルトラマンＴＶ
SLPS_028.73|Kids Station: Bokura to Asobou! Ultraman TV||キッズステーション　ぼくらとあそぼう！　ウルトラマンＴＶ
SLPS_033.19|Kids Station: Crayon Shin-chan: Ora to Omoide Tsukuru zo!||キッズステーション　クレヨンしんちゃん　オラとおもいでつくるゾ！
SLPS_033.20|Kids Station: Crayon Shin-chan: Ora to Omoide Tsukuru zo!||キッズステーション　クレヨンしんちゃん　オラとおもいでつくるゾ！
SLPS_032.48|Kids Station: Digimon Park||キッズステーション　デジモンパーク
SLPS_032.49|Kids Station: Digimon Park||キッズステーション　デジモンパーク
SLPS_033.23|Kids Station: Doraemon: Himitsu no Yojigen Pocket||キッズステーション　ドラえもん　ひみつのよじげんポケット
SLPS_033.24|Kids Station: Doraemon: Himitsu no Yojigen Pocket||キッズステーション　ドラえもん　ひみつのよじげんポケット
SLPM_806.24|Kids Station: Doraemon: Himitsu no Yojigen Pocket (Taikenban)||キッズステーション　ドラえもん　ひみつのよじげんポケット（体験版）
SLPM_885.11|Kids Station: Gomdori Pooh Hakseup Series: Gomdori Pooh Sinnaneun Yuagyosil||
SLPM_885.07|Kids Station: Gomdori Pooh Hakseup Series: Gomdori Pooh Yuchiwon Hakseubyeohaeng||
SLPM_869.05|Kids Station: Hello Kitty no Oshaberi ABC||キッズステーション　ハローキティのおしゃべりＡＢＣ
SLPM_869.06|Kids Station: Hello Kitty no Oshaberi Town||キッズステーション　ハローキティのおしゃべりタウン
SLPS_030.60|Kids Station: Hello Kitty no Oshaberi Town||キッズステーション　ハローキティのおしゃべりタウン
SLPS_034.47|Kids Station: Hello Kitty no Ouchi e Oide yo!||キッズステーション　ハローキティのおうちへおいでよ！
SLPS_034.48|Kids Station: Hello Kitty no Ouchi e Oide yo!||キッズステーション　ハローキティのおうちへおいでよ！
SLPS_035.43|Kids Station: Hello Kitty to Album Nikki o Tsukurimasho!||キッズステーション　ハローキティとアルバムにっきをつくりましょ！
SLPS_035.44|Kids Station: Hello Kitty to Album Nikki o Tsukurimasho!||キッズステーション　ハローキティとアルバムにっきをつくりましょ！
SLPS_031.69|Kids Station: Hitori de Dekiru mon!||キッズ・ステーション　～ひとりでできるもん！～
SLPS_031.85|Kids Station: Hitori de Dekiru mon!||キッズ・ステーション　～ひとりでできるもん！～
SLPS_034.02|Kids Station: Kamen Rider Heroes||キッズステーション　仮面ライダーヒーローズ
SLPS_034.03|Kids Station: Kamen Rider Heroes||キッズステーション　仮面ライダーヒーローズ
SLPS_028.74|Kids Station: Kikansha Thomas to Nakama-tachi||キッズステーション　きかんしゃトーマスとなかまたち
SLPM_870.00|Kids Station: Kuma no Pooh-san: Mori no Kyoushitsu||キッズステーション　くまのプーさん　森のきょうしつ
SLPM_870.01|Kids Station: Kuma no Pooh-san: Mori no Kyoushitsu||キッズステーション　くまのプーさん　森のきょうしつ
SLPM_869.32|Kids Station: Kuma no Pooh-san: Mori no Nakama to 1, 2, 3||キッズステーション　くまのプーさん　森のなかまと１・２・３
SLPM_869.33|Kids Station: Kuma no Pooh-san: Mori no Nakama to 1, 2, 3||キッズステーション　くまのプーさん　森のなかまと１・２・３
SLPM_869.79|Kids Station: Kuma no Pooh-san: Mori no Tomodachi||キッズステーション　くまのプーさん　森のともだち
SLPM_869.99|Kids Station: Kuma no Pooh-san: Mori no Tomodachi||キッズステーション　くまのプーさん　森のともだち
SLPS_033.22|Kids Station: LEGO no Sekai||キッズステーション　ＬＥＧＯ　レゴのせかい
SLPS_028.76|Kids Station: Magical Music: Eigo de One, Two, Three!||キッズステーション　マジカルミュージック　えいごでワン・ツー・スリー！
SLPM_870.02|Kids Station: Mickey & Minnie no Magical Kitchen||キッズステーション　ミッキー＆ミニーのマジカルキッチン
SLPM_870.03|Kids Station: Mickey & Minnie no Magical Kitchen||キッズステーション　ミッキー＆ミニーのマジカルキッチン
SLPM_869.30|Kids Station: Mickey to Nakama-tachi: Kazu Asobi Iro Iro||キッズステーション　ミッキーとなかまたち　かずあそび　いろいろ
SLPM_869.31|Kids Station: Mickey to Nakama-tachi: Kazu Asobi Iro Iro||キッズステーション　ミッキーとなかまたち　かずあそび　いろいろ
SLPS_034.62|Kids Station: Mini-Moni. ni Naru no da Pyon!||キッズステーション　～ミニモニ。になるのだぴょん！～
SLPS_034.63|Kids Station: Mini-Moni. ni Naru no da Pyon!||キッズステーション　～ミニモニ。になるのだぴょん！～
SLPS_032.46|Kids Station: Motto! Oja Majo DoReMi: Maho-dou Smile Party||キッズステーション　も～っと！おジャ魔女どれみ　ＭＡＨＯ堂スマイルパーティー
SLPS_032.47|Kids Station: Motto! Oja Majo DoReMi: Maho-dou Smile Party||キッズステーション　も～っと！おジャ魔女どれみ　ＭＡＨＯ堂スマイルパーティー
SLPS_034.07|Kids Station: Oja Majo DoReMi Dokkan! Maho-dou Eigo Festival||キッズステーション　おジャ魔女どれみドッカ～ン！　ＭＡＨＯ堂えいごフェスティバル
SLPS_027.18|Kids Station: Oja Majo DoReMi: Maho-dou Dance Carnival!||キッズステーション　おジャ魔女どれみ＃　ＭＡＨＯ堂ダンスカーニバル！
SLPS_028.75|Kids Station: Oja Majo DoReMi: Maho-dou Dance Carnival!||キッズステーション　おジャ魔女どれみ＃　ＭＡＨＯ堂ダンスカーニバル！
SLPS_035.14|Kids Station: Oshaberi Oekaki: Kikansha Thomas to Nakama-tachi||キッズステーション　おしゃべりおえかき　きかんしゃトーマスとなかまたち
SLPS_035.15|Kids Station: Oshaberi Oekaki: Kikansha Thomas to Nakama-tachi||キッズステーション　おしゃべりおえかき　きかんしゃトーマスとなかまたち
SLPS_035.12|Kids Station: Oshaberi Oekaki: Soreike! Anpanman||キッズステーション　おしゃべりおえかき　それいけ！アンパンマン
SLPS_035.13|Kids Station: Oshaberi Oekaki: Soreike! Anpanman||キッズステーション　おしゃべりおえかき　それいけ！アンパンマン
SLPM_871.66|Kids Station: Plarail: Tetsudou Monoshiri Hyakka||キッズステーション　プラレール鉄道ものしり百科
SLPM_871.67|Kids Station: Plarail: Tetsudou Monoshiri Hyakka||キッズステーション　プラレール鉄道ものしり百科
SLPS_033.59|Kids Station: Ponkickies 21: Game no Omocha-bako||キッズステーション　～ポンキッキーズ２１　ゲームのおもちゃ箱～
SLPS_027.00|Kids Station: Soreike! Anpanman||キッズステーション　それいけ！アンパンマン
SLPS_028.48|Kids Station: Soreike! Anpanman||キッズステーション　それいけ！アンパンマン
SLPS_031.97|Kids Station: Soreike! Anpanman 2: Anpanman to Daibouken!||キッズステーション　それいけ！アンパンマン２アンパンマンとだいぼうけん！
SLPS_034.05|Kids Station: Soreike! Anpanman 3: Sugoroku Anpanman||キッズステーション　それいけ！アンパンマン３　すごろくアンパンマン
SLPM_871.69|Kids Station: Ugoku Tomica Zukan||キッズステーション　動くトミカ図鑑
SLPS_033.16|Kids Station: Ultraman Cosmos||キッズステーション　ウルトラマンコスモス　勇者の誓い
SLPS_033.37|Kids Station: Unten Daisuki: Doki Doki * Norimono Daibouken||キッズステーション　うんてんだいすき　ドキドキ☆のりもの大冒険
SLPS_031.72|Kids Station: Yancharu Moncha||キッズステーション　やんちゃるモンちゃ
SLPS_031.73|Kids Station: Yancharu Moncha||キッズステーション　やんちゃるモンちゃ
SLPS_023.70|Kiganjou||鬼眼城
SLPS_000.21|Kikuni Masahiko Jirushi: Warau Fukei-san Pachi-Slot Hunter||喜国雅彦印 　笑う婦警さん 　パチスロハンター
SLPS_000.27|Kileak, The Blood||キリーク・ザ・ブラッド
SLPS_001.70|Kileak, The Blood 2: Reason in Madness||キリーク・ザ・ブラッド２ Ｒｅａｓｏｎ ｉｎ Ｍａｄｎｅｓｓ
SCES_000.35|Kileak: The Blood||
SCUS_941.02|Kileak: The DNA Imperative||
SLPS_027.47|Killer Bass||キラーバス
SLPS_031.13|Killer Bass||キラーバス
SLES_018.78|Killer Loop||
SLUS_009.38|Killer Loop||
SLUS_003.90|Killing Time||
SLES_004.46|Killing Zone||
SLPS_002.96|Killing Zone||キリングゾーン
SLUS_003.69|Killing Zone||
SLPS_011.77|Kimagure My Baby: Musume no Sugoroku Seichouki||きまぐれマイベイビィ　娘のスゴロク成長記
SLPS_025.45|Kimero!! Hero Gakuen: Eiyuu ni Kotae Nashi||決めろ！！ ヒーロー学園 －英雄に真実なし－
SLPS_029.65|Kimi ni Steady||キミにステディ
SLPS_022.71|Kimi no Kimochi, Boku no Kokoro: I've Posessed Your Body!||君の気持ち、僕のこころ
SLPS_030.72|Kimi no Kimochi, Boku no Kokoro: I've Posessed Your Body!||君の気持ち、僕のこころ
SLPS_022.23|Kindaichi Shounen no Jikenbo 3: Seiryuu Densetsu Satsujin Jiken (Disc 1)||金田一少年の事件簿３　～青龍伝説殺人事件～（ディスク１）
SLPS_022.24|Kindaichi Shounen no Jikenbo 3: Seiryuu Densetsu Satsujin Jiken (Disc 2)||金田一少年の事件簿３　～青龍伝説殺人事件～（ディスク２）
SLPS_006.01|Kindaichi Shounen no Jikenbo: Hihou-tou Arata naru Sangeki||金田一少年の事件簿～悲報島 新たなる惨劇～
SLPS_910.39|Kindaichi Shounen no Jikenbo: Hihou-tou Arata naru Sangeki||金田一少年の事件簿～悲報島 新たなる惨劇～
SLPS_013.40|Kindaichi Shounen no Jikenbo: Jigoku Yuuen Satsujin Jiken (Disc 1)||金田一少年の事件簿　～地獄遊園殺人事件～（ディスク１）
SLPS_013.41|Kindaichi Shounen no Jikenbo: Jigoku Yuuen Satsujin Jiken (Disc 2)||金田一少年の事件簿　～地獄遊園殺人事件～（ディスク２）
SLPS_000.92|King of Bowling||キング　オブ　ボウリング
SLES_029.16|King of Bowling 2||
SLPS_015.41|King of Bowling 2: Professional-hen||キング　オブ　ボウリング２　プロフェッショナル編
SLES_040.49|King of Bowling 3||
SLPS_005.24|King of Parlor||キングオブパーラー
SLPS_014.23|King of Parlor 2||キングオブパーラー２
SLPS_011.24|King of Producer||キングオブプロデューサー
SLPS_002.47|King of Stallion||キングオブスタリオン
SCES_005.10|King's Field||
SLPS_000.17|King's Field||キングスフィールド
SLPS_035.78|King's Field||キングスフィールド
SLPS_914.01|King's Field||キングスフィールド
SLUS_001.58|King's Field||
SLPS_000.69|King's Field II||キングスフィールドＩＩ
SLPS_035.79|King's Field II||キングスフィールドＩＩ
SLPS_910.03|King's Field II||キングスフィールドＩＩ
SLPS_914.23|King's Field II||キングスフィールドＩＩ
SLUS_002.55|King's Field II||
SLPS_003.77|King's Field III||キングス・フィールドⅢ
SLPS_035.80|King's Field III||キングス・フィールドⅢ
SLPS_910.89|King's Field III||キングス・フィールドⅢ
SLPS_914.26|King's Field III||キングス・フィールドⅢ
SLPM_800.29|King's Field III: Pilot Style||キングス・フィールドⅢ　～パイロット・スタイル～
SCES_016.59|Kingsley's Adventure||
SLUS_008.01|Kingsley's Adventure||
SLPM_863.81|Kinniku Banzuke Vol. 1: Ore ga Saikyou no Otoko da!||筋肉番付 Ｖｏｌ．１ ～俺が最強の男だ！～
SLPM_864.57|Kinniku Banzuke Vol. 2: Arata naru Genkai e no Chousen!||筋肉番付 Ｖｏｌ．２ ～新たなる限界への挑戦！～
SLPM_866.65|Kinniku Banzuke Vol. 2: Arata naru Genkai e no Chousen!||筋肉番付 Ｖｏｌ．２ ～新たなる限界への挑戦！～
SLPM_866.90|Kinniku Banzuke Vol. 3: Saikyou no Challenger Tanjou!||筋肉番付　Ｖｏｌ．３　～最強のチャレンジャー誕生！～
SLPM_869.50|Kinniku Banzuke Vol. 3: Saikyou no Challenger Tanjou!||筋肉番付　Ｖｏｌ．３　～最強のチャレンジャー誕生！～
SLPM_864.90|Kinniku Banzuke: Road to Sasuke||筋肉番付 ロード トゥ サスケ
SLPM_867.37|Kinniku Banzuke: Road to Sasuke||筋肉番付 ロード トゥ サスケ
SLES_036.76|Kirikou||
SLES_036.77|Kirikou||
SLPM_864.49|Kisha de Go!||汽車でＧＯ！
SLPS_018.21|Kita Denshi: Virtua Pachi-Slot||北電子　～バーチャ・パチスロ～
SLPS_027.46|Kita Denshi: Virtua Pachi-Slot 2||北電子　～バーチャ・パチスロ２～
SLPS_013.95|Kitchen Panic||キッチンぱにっく
SLPS_015.66|Kitty the Kool! Kabuki de Tanoshiku Odotte ne!!||キティ・ザ・クール！　カブキでたのしくおどってね！！
SLPM_870.19|Kiwame Daidougi||極　大道棋
SLPS_003.79|Kiwame Daidougi: Tsumuya Tsumazaruya||極　大道棋　～詰むや詰まざるや～
SLPS_026.81|Kizuna toyuu Na no Pendant with Toybox Stories (Disc 1)||絆という名のペンダントｗｉｔｈ　ＴＯＹＢＯＸストーリーズ（ディスク１）
SLPS_026.82|Kizuna toyuu Na no Pendant with Toybox Stories (Disc 2)||絆という名のペンダントｗｉｔｈ　ＴＯＹＢＯＸストーリーズ（ディスク２）
SLPS_024.24|Klaymen Gun-Hockey||クライマングンホッケー
SLPS_015.01|Klaymen Klaymen 2: Skullmonkey no Gyakushuu||クレイマン・クレイマン２　～スカルモンキーのぎゃくしゅう～
SLPS_021.47|Klaymen Klaymen 2: Skullmonkey no Gyakushuu||クレイマン・クレイマン２　～スカルモンキーのぎゃくしゅう～
SLPS_013.65|Klaymen Klaymen: Neverhood no Nazo||クレイマン・クレイマン ～ネバーフッドの謎～
SLPS_911.16|Klaymen Klaymen: Neverhood no Nazo||クレイマン・クレイマン ～ネバーフッドの謎～
PAPX_900.53|Klaymen Series (Taikenban)||「クレイマン」シリーズ（体験版）
SLPS_034.33|Klonoa Beach Volley: Saikyou Team Kettei-sen!||クロノアビーチバレー　最強チーム決定戦！
SCES_039.22|Klonoa Beach Volleyball||
SCES_009.42|Klonoa: Door to Phantomile||
SCES_011.85|Klonoa: Door to Phantomile||
SCES_011.86|Klonoa: Door to Phantomile||
SCES_011.87|Klonoa: Door to Phantomile||
SCES_011.88|Klonoa: Door to Phantomile||
SLUS_005.85|Klonoa: Door to Phantomile||
SLPS_015.31|Knight & Baby||ナイト＆ベイビー
SLUS_007.37|Knockout Kings||
SLES_023.22|Knockout Kings 2000||
SLES_023.23|Knockout Kings 2000||
SLUS_009.93|Knockout Kings 2000||
SLES_031.21|Knockout Kings 2001||
SLES_031.22|Knockout Kings 2001||
SLUS_012.69|Knockout Kings 2001||
SLES_014.48|Knockout Kings 99||
SLES_014.50|Knockout Kings 99||
SLPS_009.22|Kochira Katsushika-ku Kameari Kouen-mae Hashutsujo: High-Tech Buil Shinkou Soshi Sakusen! no Maki||こちら葛飾区亀有公園前派出所 ハイテクビル侵攻阻止作戦！の巻
SLPS_034.99|Kogepan: Pan mo Game o Yarurashii...||こげぱん パンもゲームをやるらしい…
SLPM_801.95|Koguma-chan no Daibouken||こぐまちゃんのだいぼうけん
SLPM_868.47|Koiyohou||恋よほう
SLPS_003.62|Kojima Takeo: Mahjong Teiou||小島武夫 麻雀帝王
SLPM_802.04|Kojin Kyouju: La Lecon Particuliere||個人教授　－Ｌａ　Ｌｅｃｏｎ　Ｐａｒｔｉｃｕｌｉｅｒｅ－
SLPS_013.54|Kojin Kyouju: La Lecon Particuliere||個人教授　－Ｌａ　Ｌｅｃｏｎ　Ｐａｒｔｉｃｕｌｉｅｒｅ－
SCPS_101.33|Koko Hore! Pukka||ここ掘れ！プッカ
SLPS_002.49|Kokumeikan||刻命館
SLPS_910.33|Kokumeikan||刻命館
SLPS_031.21|Komotchi||こもっち
SLPS_018.94|Kon'ya mo Dorubako!!||今夜も千両（ドル）箱！！
SLPS_025.47|Kon'ya mo Dorubako!! 2000||今夜も千両箱！！２０００
SLPS_033.28|Kon'ya mo Dorubako!! 2001||今夜も千両箱！！　２００１
SLPM_862.28|Konami 80's Arcade Gallery|Konami|コナミ８０＇ｓ アーケードギャラリー
SLPM_860.52|Konami Antiques: MSX Collection Vol. 1|Konami|コナミアンティークス ＭＳＸコレクション Ｖｏｌ．１
SLPM_860.62|Konami Antiques: MSX Collection Vol. 2|Konami|コナミアンティークス ＭＳＸコレクション Ｖｏｌ．２
SCPS_452.05|Konami Antiques: MSX Collection Vol. 3|Konami|コナミアンティークス ＭＳＸコレクション Ｖｏｌ．３
SLPM_860.72|Konami Antiques: MSX Collection Vol. 3|Konami|コナミアンティークス ＭＳＸコレクション Ｖｏｌ．３
SLUS_009.45|Konami Arcade Classics|Konami|
SLPM_800.81|Konami Best Collection: '96 Fuyu-'97 Haru-ban (Taikenban)|Konami|コナミベストコレクション　’９６冬 ～ ＇９７夏版（体験版）
SLES_003.37|Konami Open Golf|Konami|
SCPS_101.27|Koneko mo Issho||こねこもいっしょ
SLPM_867.91|Konohana: TrueReport||此花 トゥルーリポート
SLPM_870.75|Konohana: TrueReport||此花 トゥルーリポート
SLPS_034.79|KoroKoro Post nin||コロコロポストニン
SLPS_018.85|Kosodate Quiz Motto My Angel||子育て・クイズ　～もっと・マイエンジェル～
SLPS_009.70|Kosodate Quiz My Angel||子育てクイズ　マイエンジェル
SLPS_001.59|Koten Tsumego-shuu: Shijin no Maki||古典詰碁集 四神の巻
SLPS_025.93|Koten Tsumego-shuu: Shijin no Maki||古典詰碁集 四神の巻
SLES_040.07|Kotobuki Grand Prix||
SLPM_869.26|Kotobuki Grand Prix: Mezase! Genchari King||ことぶきグランプリ　～めざせ！原チャリキング～
SLPS_019.41|Kotobuki Grand Prix: Mezase! Genchari King||ことぶきグランプリ　～めざせ！原チャリキング～
SLPM_804.89|Koudelka||クーデルカ
SLES_028.97|Koudelka (Disc 1)||
SLES_028.98|Koudelka (Disc 1)||
SLES_028.99|Koudelka (Disc 1)||
SLES_029.00|Koudelka (Disc 1)||
SLES_029.01|Koudelka (Disc 1)||
SLPS_024.60|Koudelka (Disc 1)||クーデルカ（ディスク１）
SLUS_010.51|Koudelka (Disc 1)||
SLES_128.97|Koudelka (Disc 2)||
SLES_128.98|Koudelka (Disc 2)||
SLES_128.99|Koudelka (Disc 2)||
SLES_129.00|Koudelka (Disc 2)||
SLES_129.01|Koudelka (Disc 2)||
SLPS_024.61|Koudelka (Disc 2)||クーデルカ（ディスク２）
SLUS_011.00|Koudelka (Disc 2)||
SLES_228.97|Koudelka (Disc 3)||
SLES_228.98|Koudelka (Disc 3)||
SLES_228.99|Koudelka (Disc 3)||
SLES_229.00|Koudelka (Disc 3)||
SLES_229.01|Koudelka (Disc 3)||
SLPS_024.62|Koudelka (Disc 3)||クーデルカ（ディスク３）
SLUS_011.01|Koudelka (Disc 3)||
SLES_328.97|Koudelka (Disc 4)||
SLES_328.98|Koudelka (Disc 4)||
SLES_328.99|Koudelka (Disc 4)||
SLES_329.00|Koudelka (Disc 4)||
SLES_329.01|Koudelka (Disc 4)||
SLPS_024.63|Koudelka (Disc 4)||クーデルカ（ディスク４）
SLUS_011.02|Koudelka (Disc 4)||
SLPM_804.90|Koudelka (Taikenban)||クーデルカ（体験版）
SLPM_805.67|Kougien CD-ROM 2000-nen Natsu-ban||広技苑　ＣＤ－ＲＯＭ２０００年夏版
SLPS_006.84|Koukai Sarenakatta Shuki||公開されなかった手記
PAPX_900.20|Koukaku Kidoutai: Ghost in the Shell||攻殻機動隊　－ＧＨＯＳＴ　ＩＮ　ＴＨＥ　ＳＨＥＬＬ－
PCPX_960.68|Koukaku Kidoutai: Ghost in the Shell||攻殻機動隊　－ＧＨＯＳＴ　ＩＮ　ＴＨＥ　ＳＨＥＬＬ－
SCPS_100.43|Koukaku Kidoutai: Ghost in the Shell||攻殻機動隊　－ＧＨＯＳＴ　ＩＮ　ＴＨＥ　ＳＨＥＬＬ－
SCPS_101.36|Koukidou Gensou: Gunparade March||高機動幻想 ガンパレード・マーチ
SLPS_023.85|Kouklotheatro: Yuukyuu no Hitomi||ククロセアトロ　～悠久の瞳～
SLPS_032.83|Kouklotheatro: Yuukyuu no Hitomi||ククロセアトロ　～悠久の瞳～
SCPS_101.37|Koukyaku Kikou Shidan: Bein Panzer||甲脚機甲師団・バインパンツァー
SLPS_029.55|Kouni Shougun||高２→将軍
SLPS_005.77|Kouryuu Sangoku Engi||皇龍三國演義
SLPS_013.38|Kouryuuki||項劉記
SLPS_007.29|Koushien V||甲子園Ⅴ
SLPS_004.31|Koutetsu Reiiki: Steeldom||鋼鉄霊域（スティールダム）
SLPM_804.20|Kouyasai: A Sherd of Youthful Memories||後夜祭　－ａ　ｓｈｅｒｄ　ｏｆ　ｙｏｕｔｈｆｕｌ　ｍｅｍｏｒｉｅｓ－
SLPS_017.75|Kouyasai: A Sherd of Youthful Memories||後夜祭　－ａ　ｓｈｅｒｄ　ｏｆ　ｙｏｕｔｈｆｕｌ　ｍｅｍｏｒｉｅｓ－
SLPS_034.54|Kowai Shashin: Shinrei Shashin Kitan||コワイ シャシン ～心霊写真奇譚～
SLPM_800.47|Kowloon's Gate||クーロンズ・ゲート
SLPM_800.80|Kowloon's Gate||クーロンズ・ゲート
SCPS_450.14|Kowloon's Gate: Kowloon Fuusuiden (Disc 1) (Byakko)||クーロンズ・ゲート　－九龍風水傳－（ディスク１）
SLPS_006.69|Kowloon's Gate: Kowloon Fuusuiden (Disc 1) (Byakko)||クーロンズ・ゲート　－九龍風水傳－（ディスク１）
SLPS_007.06|Kowloon's Gate: Kowloon Fuusuiden (Disc 1) (Byakko)||クーロンズ・ゲート　－九龍風水傳－（ディスク１）
SLPS_029.75|Kowloon's Gate: Kowloon Fuusuiden (Disc 1) (Byakko)||クーロンズ・ゲート　－九龍風水傳－（ディスク１）
SCPS_450.15|Kowloon's Gate: Kowloon Fuusuiden (Disc 2) (Genbu)||クーロンズ・ゲート　－九龍風水傳－（ディスク２）
SLPS_006.70|Kowloon's Gate: Kowloon Fuusuiden (Disc 2) (Genbu)||クーロンズ・ゲート　－九龍風水傳－（ディスク２）
SLPS_007.07|Kowloon's Gate: Kowloon Fuusuiden (Disc 2) (Genbu)||クーロンズ・ゲート　－九龍風水傳－（ディスク２）
SLPS_029.76|Kowloon's Gate: Kowloon Fuusuiden (Disc 2) (Genbu)||クーロンズ・ゲート　－九龍風水傳－（ディスク２）
SCPS_450.16|Kowloon's Gate: Kowloon Fuusuiden (Disc 3) (Suzaku)||クーロンズ・ゲート　－九龍風水傳－（ディスク３）
SLPS_006.71|Kowloon's Gate: Kowloon Fuusuiden (Disc 3) (Suzaku)||クーロンズ・ゲート　－九龍風水傳－（ディスク３）
SLPS_007.08|Kowloon's Gate: Kowloon Fuusuiden (Disc 3) (Suzaku)||クーロンズ・ゲート　－九龍風水傳－（ディスク３）
SLPS_029.77|Kowloon's Gate: Kowloon Fuusuiden (Disc 3) (Suzaku)||クーロンズ・ゲート　－九龍風水傳－（ディスク３）
SCPS_450.17|Kowloon's Gate: Kowloon Fuusuiden (Disc 4) (Seiryuu)||クーロンズ・ゲート　－九龍風水傳－（ディスク４）
SLPS_006.72|Kowloon's Gate: Kowloon Fuusuiden (Disc 4) (Seiryuu)||クーロンズ・ゲート　－九龍風水傳－（ディスク４）
SLPS_007.09|Kowloon's Gate: Kowloon Fuusuiden (Disc 4) (Seiryuu)||クーロンズ・ゲート　－九龍風水傳－（ディスク４）
SLPS_029.78|Kowloon's Gate: Kowloon Fuusuiden (Disc 4) (Seiryuu)||クーロンズ・ゲート　－九龍風水傳－（ディスク４）
SLPS_030.63|Kowloon-jou||九龍城
SCUS_943.03|Krazy Ivan||
SLES_000.84|Krazy Ivan||
SLES_001.25|Krazy Ivan||
SLES_001.26|Krazy Ivan||
SLES_001.27|Krazy Ivan||
SLES_001.28|Krazy Ivan||
SLPS_004.92|Krazy Ivan||クレイジー　イワン
SCES_010.00|Kula World||
SCPS_100.64|KulaQuest||クーラクエスト
PCPX_961.21|KulaQuest (Taikenban)||クーラクエスト（体験版）
SLPS_001.15|Kuma no Pooh-tarou: Sora wa Pink da! Zen'in Shuugou!!||クマのプー太郎 空はピンクだ！全員集合！！
SLPS_012.08|Kumitate Battle Kuttu Ketto||組み立てバトル くっつけっと
SLPS_017.73|Kunoichi Torimonochou||くのいち捕物帖
SLPS_016.76|Kuon no Kizuna||久遠の絆
PAPX_900.45|Kurashi Iki! Iki! PlayStation Welcome Disc (Taikenban)||暮らし　イキ！イキ！　ＰｌａｙＳｔａｔｉｏｎ　ウェルカムディスク（体験版）
SLPS_005.05|Kuro no Juusan||黒ノ十三
SLPS_028.11|Kuro no Juusan||黒ノ十三
SLPS_010.30|Kuro no Ken: Blade of the Darkness||黒の剣～Ｂｌａｄｅ　ｏｆ　ｔｈｅ　Ｄａｒｋｎｅｓｓ～
SLPS_014.50|Kuroi Hitomi no Noir: Cielgris Fantasm||黒い瞳のノア　～Ｃｉｅｌｇｒｉｓ Ｆａｎｔａｓｍ～
SLUS_011.25|Kurt Warner's Arena Football Unleashed||
SLPM_866.34|Kuru Kuru Cube||くるくるきゅーぶ
SLPM_867.85|Kuru Kuru Maru Maru||くるくるまるまる
SLPS_006.51|Kuru Kuru Panic||くるくるぱにっく
SLPS_004.32|Kuru Kuru Twinkle: Onegai Ohoshi-sama||くるくるトゥインクル　～おねがいおほしさま～
SLPS_007.86|Kurumi Miracle||くるみミラクル
SLPS_000.66|Kururin Pa!||くるりんＰＡ！
SCES_008.66|Kurushi||
SCES_020.09|Kurushi Final||
SCES_020.10|Kurushi Final||
SCES_020.11|Kurushi Final||
SCES_020.12|Kurushi Final||
SCES_020.13|Kurushi Final||
SLPS_018.54|Kuubo Senki||空母戦記
SLPM_864.47|Kyaiin no Tanoshi Mail: PS. I Love You||キャイーンのたのしメール　ＰＳ．Ｉ　ＬＯＶＥ　ＹＯＵ
SLPS_016.92|Kyoro-chan no Prikura Daisakusen||キョロちゃんのプリクラ大作戦
SLPS_031.93|Kyoto Maiko Monogatari||京都舞妓物語
SLPS_005.03|Kyoufu Shinbun||恐怖新聞
SLPS_007.77|Kyousouba Ikusei Simulation: Derby Stallion||競走馬育成シミュレーション　ダービースタリオン
SLPS_022.99|Kyousouba Ikusei Simulation: Derby Stallion 99||競走馬育成シミュレーション　ダービースタリオン９９
SLPS_034.51|Kyoutei Wars Makuru 6||競艇ＷＡＲＳ　マクル６
SLPS_002.14|Kyuiin||キュイーン
SLPS_026.28|Kyuiin||キュイーン
SLPS_006.22|Kyuu-bakku||きゅー爆っく
SLPS_004.75|Kyuukyoku no Soukoban||究極の倉庫番　あなどれないパズルと涙のストーリー
SLPS_000.31|Kyuutenkai||球転界
SLPS_022.04|L no Kisetsu: A Piece of Memories||Ｌの季節　－Ａ　ｐｉｅｃｅ　ｏｆ　ｍｅｍｏｒｉｅｓ－
SLPS_022.03|L no Kisetsu: A Piece of Memories (Shokai Genteiban)||Ｌの季節　－Ａ　ｐｉｅｃｅ　ｏｆ　ｍｅｍｏｒｉｅｓ－
SLES_023.46|L'Amerzone (Disc 1)||
SLES_123.46|L'Amerzone (Disc 2)||
SLPM_802.99|L'Arc-en-Ciel: Light my Fire||ラルクアンシエル　ライト　マイ　ファイヤー
SLES_033.03|L'Ile LEGO 2: La Revanche de Cassbrik||
SLES_015.73|L'Invasion Vient de l'Espace||
SLES_033.01|LEGO Eiland 2: De Wraak van Dondersteen||
SLES_033.04|LEGO Insel 2: Der Steinbrecher kehrt zurück||
SLES_032.99|LEGO Island 2: The Brickster's Revenge||
SLES_033.06|LEGO Island 2: The Brickster's Revenge||
SLES_033.07|LEGO Island 2: The Brickster's Revenge||
SLES_033.08|LEGO Island 2: The Brickster's Revenge||
SLES_033.09|LEGO Island 2: The Brickster's Revenge||
SLUS_012.46|LEGO Island 2: The Brickster's Revenge||
SLES_033.05|LEGO Isola 2: La Rivincita del Briccone||
SLES_012.07|LEGO Racers||
SLUS_005.81|LEGO Racers||
SLES_016.90|LEGO Rock Raiders||
SLUS_009.37|LEGO Rock Raiders||
SLES_033.00|LEGO Øen 2: Kim Cool's Hævn||
SLES_010.16|LMA Manager||
SLES_029.75|LMA Manager 2001||
SLES_036.03|LMA Manager 2002||
SLES_030.64|LNF Stars 2001||
SLPS_015.56|LSD: Dream Emulator (Shokai Genteiban)||
SLES_005.73|La Cité des Enfants Perdus||
SLED_007.34|La Cité des Enfants Perdus (Demo)||
SLES_006.38|La Ciudad de los Niños Perdidos||
SLPM_871.57|Lady Maid||れでぃ・めいど
SCPS_451.20|Lagnacure||ラグナキュール
SLPS_010.09|Lagnacure||ラグナキュール
SLPS_028.33|Lagnacure||ラグナキュール
SLPS_028.32|Lagnacure Legend||ラグナキュール レジェンド
SLPS_004.08|Lake Masters||レイク・マスターズ
SLPS_016.08|Lake Masters||レイク・マスターズ
SLPS_013.42|Lake Masters 2: Bass Fishing in Japan||レイクマスターズ２　～バスフィッシング・イン・ジャパン～
SLPS_020.69|Lake Masters 2: Bass Fishing in Japan||レイクマスターズ２　～バスフィッシング・イン・ジャパン～
SLPS_021.77|Lake Masters Pro: Nihon Juudan Kuromasu Kikou||レイク・マスターズ　ＰＲＯ　～日本縦断黒鱒紀行～
SLPS_914.20|Lake Masters Pro: Nihon Juudan Kuromasu Kikou||レイク・マスターズ　ＰＲＯ　～日本縦断黒鱒紀行～
PAPX_900.52|Lalala PlayStation Trial Disc: 1998 Summer (Taikenban)||ラララ　プレイステーション　ＴＲＩＡＬ　ＤＩＳＣ　－１９９８ ＳＵＭＭＥＲ－（体験版）
SLES_026.82|Land Maker||
SLPM_863.94|Land Maker||ランド・メーカー
SLPM_867.98|Langrisser I & II||ラングリッサー　Ⅰ＆Ⅱ
SLPS_008.97|Langrisser I & II||ラングリッサー　Ⅰ＆Ⅱ
SLPS_018.22|Langrisser I & II||ラングリッサー　Ⅰ＆Ⅱ
SLPS_008.96|Langrisser I & II (Shokai Gentei)||ラングリッサー　Ⅰ＆Ⅱ
SLPS_018.18|Langrisser IV & V: Final Edition (Disc 1) (Langrisser IV Disc)||ラングリッサー４＆５　ファイナルエディション（ディスク１）
SLPS_018.19|Langrisser IV & V: Final Edition (Disc 2) (Langrisser V Disc)||ラングリッサー４＆５　ファイナルエディション（ディスク２）
SLES_036.87|Largo Winch .//Commando SAR||
SLES_036.88|Largo Winch .//Commando SAR||
SLUS_014.41|Largo Winch .//Commando SAR||
SLPS_034.41|Las Pachi-Slot Teiou: Golgo 13 Vegas||パチスロ帝王　～ゴルゴ１３・ラスベガス～
SLPS_007.32|Las Vegas Dream 2||ラス・ベガス・ドリーム２
SLPM_864.91|Lattice: 200EC7||ラティス　－２００ＥＣ７－
SLPS_023.44|Le Concert: ff: Fortissimo||ル　コンチェルト　ｆｆ　フォルティシモ
SLPS_029.26|Le Concert: ff: Fortissimo||ル　コンチェルト　ｆｆ　フォルティシモ
SLPS_023.43|Le Concert: pp: Pianissimo||ル　コンチェルト　ｐｐ　ピアニシモ
SLPS_029.25|Le Concert: pp: Pianissimo||ル　コンチェルト　ｐｐ　ピアニシモ
SLES_013.62|Le Mans 24 Hours||
SCES_030.73|Le Monde des Bleus 2||
SCED_032.02|Le Monde des Bleus 2 (Demo)||
SCES_017.01|Le Monde des Bleus: Le Jeu Officiel de l'Équipe de France||
SLES_029.82|Le Petit Dinosaure: Retour vers la Grande Vallée||
SLPS_018.86|Leading Jockey '99||リーディングジョッキー’９９
SLPS_003.48|Leading Jockey Highbred||リーディングジョッキーハイブリッド
SLES_013.01|Legacy of Kain: Soul Reaver||
SLES_020.24|Legacy of Kain: Soul Reaver||
SLES_020.25|Legacy of Kain: Soul Reaver||
SLES_020.26|Legacy of Kain: Soul Reaver||
SLES_020.27|Legacy of Kain: Soul Reaver||
SLUS_007.08|Legacy of Kain: Soul Reaver||
SLED_022.52|Legacy of Kain: Soul Reaver (Demo)||
PCPX_961.30|Legaia Densetsu||レガイア伝説
SCPS_100.59|Legaia Densetsu||レガイア伝説
PAPX_900.55|Legaia Densetsu (Taikenban)||レガイア伝説（体験版）
SLES_007.30|Legend||
SLES_012.73|Legend of Foresia: La Contrée Interdite||
SLES_017.10|Legend of Kartia||
SCES_017.52|Legend of Legaia||
SCES_019.44|Legend of Legaia||
SCES_019.45|Legend of Legaia||
SCES_019.46|Legend of Legaia||
SCES_019.47|Legend of Legaia||
SCUS_942.54|Legend of Legaia||
SCUS_943.66|Legend of Legaia (Demo)||
SLUS_010.13|Legend of Mana||
SLES_041.45|Legend of Mulan||
SLES_029.55|Legend of Pocahontas||
SLES_014.61|Lemmings & Oh No! More Lemmings||
SLUS_007.60|Lemmings & Oh No! More Lemmings||
SLED_014.62|Lemmings & Oh No! More Lemmings (Demo)||
SCES_007.99|Les Boucliers de Quetzalcoatl: Les Chevaliers de Baphomet II||
SCES_003.47|Les Chevaliers de Baphomet||
SLES_033.19|Les Pierrafeu: Bedrock Bowling||
SLES_028.37|Les Visiteurs: La Relique de Sainte Rolande||
SLES_005.42|Lethal Enforcers||
SLPM_860.25|Lethal Enforcers Deluxe Pack||リーサルエンフォーサーズ デラックスパック
SLUS_002.93|Lethal Enforcers I & II||
SCES_014.30|LiberoGrande||
SLPS_016.81|LiberoGrande||リベログランデ
SCED_014.91|LiberoGrande (Demo)||
SLPS_029.50|LiberoGrande 2||リベログランデ２
SCES_032.54|Liberogrande International||
SLPS_006.29|LifeScape 2: Body Bionics: Kyoui no Shouuchuu Jintai||ライフスケイプ２　ボディ・バイオニクス　～驚異の小宇宙・人体～
SLPS_001.85|LifeScape: Seimei 40-okunen Haruka na Tabi (Disc 1) (Aquasphere)||ライフスケイプ　～生命４０億年はるかな旅～（ディスク１）
SLPS_001.86|LifeScape: Seimei 40-okunen Haruka na Tabi (Disc 2) (Landsphere)||ライフスケイプ　～生命４０億年はるかな旅～（ディスク２）
SLES_006.13|Lifeforce Tenka||
SLES_006.14|Lifeforce Tenka||
SLES_006.15|Lifeforce Tenka||
SLES_006.16|Lifeforce Tenka||
SLES_006.17|Lifeforce Tenka||
SLED_006.90|Lifeforce Tenka (Demo)||
SLPS_023.36|Light Fantasy Gaiden: Nya Nyan ga Nyan||Ｌｉｇｈｔ　Ｆａｎｔａｓｙ　外伝　ニャニャンがニャン
SLPM_860.15|Lightning Legend: Daigo no Daibouken||ライトニングレジェンド ～大悟の大冒険～
SCPS_100.39|Linda³ Again||リンダキューブ アゲイン
SCPS_911.42|Linda³ Again||リンダキューブ アゲイン
PCPX_960.83|Linda³ Again (Taikenban)||リンダキューブ アゲイン（体験版）
SLPS_017.69|Ling Rise||リングライズ
SLES_029.53|Lion and the King||
SLES_040.65|Lion and the King 2||
LSP01015.001|Liquid Books Adventure 1: Lety's Favorite Stories||
LSP01025.001|Liquid Books Adventure 2: Amrita's Trees / Cerdito and the Coyote||
LSP01035.001|Liquid Books Adventure 3: Far-Fetched Frontier Tales||
LSP01035.501|Liquid Books Adventure 4: The Adventures of Adelita and Bo||
LSP90314.300|Liquid Books Adventure 5: Pop-Out Prose||
LSP90314.301|Liquid Books Adventure 5: Pop-Out Prose||
LSP90514.700|Liquid Books Adventure 6: The Wandering Path||
SLES_006.98|Little Big Adventure||
SLPS_003.76|Little Big Adventure||リトルビッグアドベンチャー
SLPM_862.69|Little Lovers: She So Game (Disc 1)||リトル・ラバーズ　～シー・ソ・ーゲーム～（ディスク１）
SLPM_867.57|Little Lovers: She So Game (Disc 1)||リトル・ラバーズ　～シー・ソ・ーゲーム～（ディスク１）
SLPM_862.70|Little Lovers: She So Game (Disc 2)||リトル・ラバーズ　～シー・ソ・ーゲーム～（ディスク２）
SLPM_867.58|Little Lovers: She So Game (Disc 2)||リトル・ラバーズ　～シー・ソ・ーゲーム～（ディスク２）
SLPS_023.76|Little Princess: Marl Oukoku no Ningyou-hime 2||リトル・プリンセス　マール王国の人形姫２
SLPS_030.12|Little Princess: Marl Oukoku no Ningyou-hime 2 (Disc 1)||リトル・プリンセス　マール王国の人形姫２（ディスク１）
SLPS_914.14|Little Princess: Marl Oukoku no Ningyou-hime 2 (Disc 1)||リトル・プリンセス　マール王国の人形姫２（ディスク１）
SLPS_030.13|Little Princess: Marl Oukoku no Ningyou-hime 2 (Disc 2)||リトル・プリンセス　マール王国の人形姫２（ディスク２）
SLPM_804.92|Little Princess: Marl Oukoku no Ningyou-hime 2 (Taikenban)||リトル・プリンセス　～マール王国の人形姫２～（体験版）
SLES_013.32|Live Wire!||
SLED_015.61|Live Wire! (Demo)||
SCES_030.31|Livro da Selva, O: Uma Festa Divertida||
SLES_000.13|Loaded||
SLUS_000.76|Loaded||
SLUS_005.57|Lode Runner||
SLPS_006.41|Lode Runner Extra||ロードランナー・エクストラ
SLPS_001.82|Lode Runner: The Legend Returns||ロードランナー　レジェンドリターンズ
SLPS_020.36|Logic Mahjong Souryuu: Yonin Uchi, Sannin Uchi||ロジック麻雀　創龍　四人打ち・三人打ち
SLPS_028.80|Logic Mahjong Souryuu: Yonin Uchi, Sannin Uchi||ロジック麻雀　創龍　四人打ち・三人打ち
SLPS_030.11|Logic Pro Adventure||ロジックプロ・アドベンチャー
SLPS_002.68|Logic Puzzle Rainbow Town||ロジック・パズル　レインボー・タウン
SLES_004.51|Lomax||
SLPS_009.87|Lomax||ロマックス
SLED_005.16|Lomax (Demo)||
SLES_026.94|London Racer||
SLES_038.22|London Racer II||
SLPS_017.87|London Seirei Tanteidan||倫敦精霊探偵団
SLES_001.31|Lone Soldier||
SLES_001.42|Lone Soldier||
SLPS_003.22|Lone Soldier||ローンソルジャー
SCES_002.77|Lone Soldier + Actua Soccer + Total NBA '96 + Mickey's Wild Adventure + Thunderhawk 2 + Assault Rigs||
SLES_031.27|Looney Tunes Racing||
SLUS_011.45|Looney Tunes Racing||
SLUS_013.69|Looney Tunes: Sheep Raider||
SLPM_865.24|Lord Monarch: Shin Gaia Oukokuki||ロードモナーク新ガイア王国記
SLPS_017.28|Lord Monarch: Shin Gaia Oukokuki||ロードモナーク新ガイア王国記
SLPS_021.68|Lord of Fist||ロード・オブ・フィスト
SLPM_804.05|Lord of Fist (Taikenban)||ロード・オブ・フィスト（体験版）
SCPS_100.86|Lord of Monsters||ロード オブ モンスターズ
PAPX_900.81|Lord of Monsters (Taikenban)||ロードオブモンスターズ（体験版）
SLES_029.51|Lord of the Jungle||
SLPS_009.71|Lost Children: The City of Lost Children||ロス・トチルドレン
SLPS_013.07|Lost Sword: Ushinawareta Seiken||ロストソード ～失われた聖剣～
SLES_000.57|Lost Vikings 2: Norse by Norsewest||
SLES_031.59|Louvre: A Maldição (Disc 1)||
SLES_131.59|Louvre: A Maldição (Disc 2)||
SLES_031.74|Louvre: L'Ultime Malédiction (Disc 1)||
SLES_131.74|Louvre: L'Ultime Malédiction (Disc 2)||
SLES_031.61|Louvre: La Maldición Final (Disc 1)||
SLES_131.61|Louvre: La Maldición Final (Disc 2)||
SLES_031.60|Louvre: La Maledizione Finale (Disc 1)||
SLES_131.60|Louvre: La Maledizione Finale (Disc 2)||
SLES_031.58|Louvre: The Final Curse (Disc 1)||
SLES_131.58|Louvre: The Final Curse (Disc 2)||
SCPS_101.24|Love & Destroy||ラブアンドデストロイ
SLPM_865.41|Love Game's: Wai Wai Tennis||ラブ・ゲーム　～わいわいテニス～
SLPS_006.86|Love Game's: Wai Wai Tennis||ラブ・ゲーム　～わいわいテニス～
SLPS_016.47|Love Game's: Wai Wai Tennis||ラブ・ゲーム　～わいわいテニス～
PAPX_900.14|Love Game's: Wai Wai Tennis (Taikenban)||ラブ・ゲーム　わいわいテニス（体験版）
SLPS_025.10|Love Game's: Wai Wai Tennis 2||ラブ・ゲームス　～わいわいテニス２～
SLPS_029.83|Love Game's: Wai Wai Tennis 2||ラブ・ゲームス　～わいわいテニス２～
SLPM_868.99|Love Game's: Wai Wai Tennis Plus||ＬＯＶＥ　ＧＡＭＥ´Ｓ　わいわいテニス　プラス
SLPM_866.77|Love Hina 2: Kotoba wa Konayuki no You ni||ラブひな２ 言葉は粉雪のように
SLPM_866.52|Love Hina: Ai wa Kotoba no Naka ni||ラブひな　愛は言葉の中に
SLPS_030.97|Love Para: Lovely Tokyo Para-Para Musume||ＬＯＶＥ★パラ　ラブリー東京パラパラ娘
SLPS_013.70|Love Therapy||ラヴ・セラピー
SLPS_021.12|Love² Torokko||ラブ・ラブ　トロッコ
SLPM_804.14|Love² Torokko (Taikenban)||ラブ・ラブ　トロッコ（体験版）
SLPS_005.60|LuLu: Un Conte Interactif de Romain Victor-Pujebet||ルル
SLPS_017.84|Lucifer Ring||ルシファー・リング
SLPS_008.11|Luciferd||ルシファード
SLES_009.43|Lucky Luke||
SLPS_016.74|Lucky Luke||ラッキー・ルーク
SLUS_007.19|Lucky Luke||
SLED_012.49|Lucky Luke (Demo)||
SLES_035.30|Lucky Luke: Western Fever||
SLPS_018.32|Luftwaffe: Deutsch Kuugun o Shiki seyo||ルフトヴァッフェ　～ドイツ空軍を指揮せよ～
SLPS_020.81|Lunar 2: Eternal Blue (Disc 1)||ルナ２　エターナル・ブルー（ディスク１）
SLPS_020.82|Lunar 2: Eternal Blue (Disc 2)||ルナ２　エターナル・ブルー（ディスク２）
SLPS_020.83|Lunar 2: Eternal Blue (Disc 3)||ルナ２　エターナル・ブルー（ディスク３）
SLPM_804.19|Lunar 2: Eternal Blue (Taikenban)||ルナ２　～エターナル・ブルー～（体験版）
SLUS_900.83|Lunar 2: Eternal Blue Complete (Demo)||
SLUS_010.71|Lunar 2: Eternal Blue Complete (Disc 1) (Collector's Edition)||
SLUS_012.39|Lunar 2: Eternal Blue Complete (Disc 2) (Collector's Edition)||
SLUS_012.40|Lunar 2: Eternal Blue Complete (Disc 3) (Collector's Edition)||
SLUS_012.57|Lunar 2: Eternal Blue Complete (The Making of) (Collector's Edition)||
SLPM_867.77|Lunar Wing: Toki o Koeta Seisen||ルナ・ウィング　時を超えた聖戦
SCPS_452.49|Lunar: Silver Star Story (Disc 1)||ルナ シルバースターストーリー（ディスク１）
SLPS_013.97|Lunar: Silver Star Story (Disc 1)||ルナ シルバースターストーリー（ディスク１）
SLPS_911.29|Lunar: Silver Star Story (Disc 1)||ルナ シルバースターストーリー（ディスク１）
SCPS_452.50|Lunar: Silver Star Story (Disc 2)||ルナ シルバースターストーリー（ディスク２）
SLPS_013.98|Lunar: Silver Star Story (Disc 2)||ルナ シルバースターストーリー（ディスク２）
SLPS_911.30|Lunar: Silver Star Story (Disc 2)||ルナ シルバースターストーリー（ディスク２）
SLPM_802.50|Lunar: Silver Star Story (Taikenban)||ルナ　～シルバー・スター・ストーリー～（体験版）
SLUS_900.55|Lunar: Silver Star Story Complete (Demo)||
SLUS_006.28|Lunar: Silver Star Story Complete (Disc 1) (Collector's Edition)||
SLUS_008.99|Lunar: Silver Star Story Complete (Disc 2) (Collector's Edition)||
SLUS_009.21|Lunar: Silver Star Story Complete (The Making of) (Collector's Edition)||
SLPS_017.49|Lunatic Dawn III||ルナティックドーンⅢ
SLPS_025.37|Lunatic Dawn III||ルナティックドーンⅢ
SLPM_803.53|Lunatic Dawn III & Susume! Kaizoku Promotion Disc||ルナティックドーンⅢ＆進め！海賊
SLPS_024.20|Lunatic Dawn: Odyssey||ルナティックドーン　オデッセイ
SLPS_014.02|Lupin 3sei||ルパン３世
SLPS_005.35|Lupin 3sei: Cagliostro no Shiro: Saikai (Disc 1)||ルパン三世　カリオストロの城　再会（ディスク１）
SLPS_910.60|Lupin 3sei: Cagliostro no Shiro: Saikai (Disc 1)||ルパン三世　カリオストロの城　再会（ディスク１）
SLPS_005.36|Lupin 3sei: Cagliostro no Shiro: Saikai (Disc 2)||ルパン三世　カリオストロの城　再会（ディスク２）
SLPS_910.61|Lupin 3sei: Cagliostro no Shiro: Saikai (Disc 2)||ルパン三世　カリオストロの城　再会（ディスク２）
SLPS_005.37|Lupin 3sei: Cagliostro no Shiro: Saikai (Disc 3)||ルパン三世　カリオストロの城　再会（ディスク３）
SLPS_910.62|Lupin 3sei: Cagliostro no Shiro: Saikai (Disc 3)||ルパン三世　カリオストロの城　再会（ディスク３）
SLPS_004.16|Lupupu Cube: Lup Salad||るぷぷキューブ　ルプ★さらだ
SLES_027.20|Lussan Nathhorst Presenterar Riding Star||
SLES_039.99|M&M's: Shell Shocked||
SLES_040.01|M&M's: Shell Shocked||
SLES_040.02|M&M's: Shell Shocked||
SLUS_013.06|M&M's: Shell Shocked||
SCED_017.13|M-6 PlayStation Demo||
SCED_021.21|M6 PlayStation: Best of '99 Vol. 1||
SCED_024.19|M6 PlayStation: Best of '99 Vol. 2||
SCED_025.70|M6 PlayStation: Special Kids||
SLES_009.80|M6 Turbo Racing||
SCPS_100.52|MDK||ＭＤＫ
SLES_005.99|MDK||
SLUS_004.26|MDK||
SLED_009.12|MDK (Demo)||
SLED_010.69|MDK (PlayMag Demo)||
SLPM_885.01|MGG: Manic Game Girl||
SCED_011.89|MIP Club Demo 01||
SCED_011.90|MIP Club Demo 02||
SCUS_943.59|MLB 2000||
SCUS_943.64|MLB 2000 (Demo)||
SCUS_944.78|MLB 2001||
SCUS_944.79|MLB 2001 (Demo)||
SCUS_946.38|MLB 2002||
SCUS_946.48|MLB 2002 (Demo)||
SCUS_946.53|MLB 2003||
SCUS_946.72|MLB 2003 (Demo)||
SCUS_946.89|MLB 2004||
SCUS_946.92|MLB 2005||
SCUS_941.70|MLB 98||
SCUS_942.33|MLB 99||
PAPX_900.08|MLB Pennant Race||
SCUS_945.07|MLB Pennant Race||
SLPS_014.67|MTB Dirt Cross||
SLES_039.67|MTV Celebrity Deathmatch||
SLUS_014.53|MTV Celebrity Deathmatch||
SLUS_010.06|MTV Music Generator||
SLES_031.62|MTV Sports: Pure Ride||
SLUS_012.31|MTV Sports: Pure Ride||
SLED_032.77|MTV Sports: Pure Ride (Demo)||
SLUS_900.89|MTV Sports: Pure Ride (Demo)||
SCUS_012.32|MTV Sports: Skateboarding featuring Andy Macdonald||
SLES_031.33|MTV Sports: Skateboarding featuring Andy Macdonald||
SLUS_012.32|MTV Sports: Skateboarding featuring Andy Macdonald||
SLES_023.53|MTV Sports: Snowboarding||
SLUS_009.90|MTV Sports: Snowboarding||
SLED_024.12|MTV Sports: Snowboarding (Demo)||
SLES_034.30|MTV Sports: T.J. Lavin's Ultimate BMX||
SLUS_012.33|MTV Sports: T.J. Lavin's Ultimate BMX||
SLPS_027.05|Maboroshi Tsukiyo: Tsukiyono Kitan (Disc 1)||まぼろし月夜　～月夜野綺譚～（ディスク１）
SLPS_027.06|Maboroshi Tsukiyo: Tsukiyono Kitan (Disc 2)||まぼろし月夜　～月夜野綺譚～（ディスク２）
SLPS_002.95|Mach GoGoGo||マッハＧｏＧｏＧｏ
SLUS_003.83|Machine Head||
SLES_006.30|Machine Hunter||
SLES_008.30|Machine Hunter||
SLES_008.31|Machine Hunter||
SLES_008.32|Machine Hunter||
SLES_008.33|Machine Hunter||
SLUS_004.70|Machine Hunter||
SLPS_003.86|Macross Digital Mission VF-X||マクロス　Ｄｉｇｉｔａｌ　Ｍｉｓｓｉｏｎ　ＶＦ‐Ｘ
SLPS_910.58|Macross Digital Mission VF-X||マクロス　Ｄｉｇｉｔａｌ　Ｍｉｓｓｉｏｎ　ＶＦ‐Ｘ
SLPM_800.83|Macross Digital Mission VF-X (Taikenban)||マクロス　Ｄｉｇｉｔａｌ　Ｍｉｓｓｉｏｎ　ＶＦ‐Ｘ（体験版）
SLPS_027.91|Macross Plus: Game Edition||マクロスプラス　－ゲームエディション－
SLPM_805.61|Macross Plus: Game Edition (Taikenban)||マクロスプラス　－ゲームエディション－（体験版）
SLPS_022.37|Macross VF-X2||マクロス　ＶＦ－Ｘ２
SLPS_020.07|Macross VF-X2 / Patlabor: The Game (Taikenban)||マクロス　ＶＦ－Ｘ２　／　ＰＡＴＬＡＢＯＲ　ＴＨＥ　ＧＡＭＥ（体験版）
SLPS_008.80|Mad Panic Coaster||マッドパニックコースター
SLPS_007.34|Mad Stalker: Full Metal Force||マッド・ストーカー　～フルメタルフォース～
SLES_021.92|Madden NFL 2000||
SLUS_009.61|Madden NFL 2000||
SLES_030.67|Madden NFL 2001||
SLUS_012.41|Madden NFL 2001||
SLUS_014.02|Madden NFL 2002||
SLUS_014.82|Madden NFL 2003||
SLUS_015.70|Madden NFL 2004||
SLUS_015.84|Madden NFL 2005||
SLES_004.36|Madden NFL 97||
SLUS_000.18|Madden NFL 97||
SLES_009.04|Madden NFL 98||
SLUS_005.16|Madden NFL 98||
SLES_014.27|Madden NFL 99||
SLUS_007.29|Madden NFL 99||
SLES_002.11|Magic Carpet||
SLPS_005.87|Magic Carpet||マジックカーペット
SLUS_000.29|Magic Carpet||
SLPS_004.26|Magic Johnson to Kareem Abdul-Jabbar no Slam 'n Jam '96||マジック・ジョンソンとカリーム・アブドゥール・ジャバーのスラムジャム＇９６
SLES_002.82|Magic: The Gathering: BattleMage||
SLES_007.87|Magic: The Gathering: BattleMage||
SLES_007.88|Magic: The Gathering: BattleMage||
SLUS_002.47|Magic: The Gathering: BattleMage||
SLPM_866.19|Magical Date: Doki Doki Kokuhaku Daisakusen||まじかるで～と ドキドキ告白大作戦
SLPS_010.91|Magical Date: Doki Doki Kokuhaku Daisakusen||まじかるで～と ドキドキ告白大作戦
SCPS_101.35|Magical Dice Kids||マジカルダイスキッズ
SLPS_002.01|Magical Drop||マジカル・ドロップ
SLPM_868.05|Magical Drop F: Daibouken mo Rakujanai!||マジカルドロップＦ　大冒険もラクじゃない！
SLPS_023.37|Magical Drop F: Daibouken mo Rakujanai!||マジカルドロップＦ　大冒険もラクじゃない！
SLES_029.64|Magical Drop III (Disc 1) (Magical Drop III)||
SLES_129.64|Magical Drop III (Disc 2) (Magical Drop +1)||
SLPM_860.51|Magical Drop III: Yokubari Tokudai-gou!||マジカル・ドロップⅢ　～よくばり特大号！～
SLPS_019.17|Magical Drop III: Yokubari Tokudai-gou!||マジカル・ドロップⅢ　～よくばり特大号！～
SLPS_019.18|Magical Drop Plus 1!||マジカル・ドロップ　ＰＬＵＳ　１！
SLPS_007.37|Magical Hoppers||マジカルホッパーズ
SLPM_860.99|Magical Medical||まじかるめでぃかる
SCES_021.54|Magical Tetris Challenge||
SCES_021.75|Magical Tetris Challenge||
SLPS_017.86|Magical Tetris Challenge featuring Mickey||マジカル テトリス チャレンジ ｆｅａｔｕｒｉｎｇ ミッキー
SLPS_011.73|Magical Zunou Power!! Party Selection||マジカル頭脳パワー！！パーティーセレクション
SCES_021.78|Magische Tetris Uitdaging||
SLPS_000.43|Mahjong Ganryuu-jima||麻雀巌流島
SLPS_000.14|Mahjong Gokuu Tenjiku||麻雀悟空　天竺
SLPS_020.98|Mahjong Gokuu Tenjiku 99||麻雀悟空　天竺９９
SLPS_003.64|Mahjong Senjutsu: Andou Mitsuru Pro no Akuukan Sappou||～麻雀戦術～　安藤満プロの亜空間殺法
SLPS_000.05|Mahjong Station Mazin||麻雀ステーション　ＭＡＺＩＮ
SLPS_015.64|Mahjong Station Mazin||麻雀ステーション　ＭＡＺＩＮ
SLPS_028.28|Mahjong Station Mazin||麻雀ステーション　ＭＡＺＩＮ
SLPM_869.93|Mahjong Taikai II Special||麻雀大会Ⅱ　Ｓｐｅｃｉａｌ
SLPS_006.03|Mahjong Taikai II Special||麻雀大会Ⅱ　Ｓｐｅｃｉａｌ
SLPS_030.64|Mahjong Toriatama Kikou||麻雀鳥頭紀行
SLPS_031.23|Mahjong Uranai Fortuna: Tsuki no Megami-tachi||麻雀占い　フォルトゥーナ　～月の女神たち～
SLPM_861.73|Mahjong Yarou ze!||麻雀やろうぜ！
SLPS_029.56|Mahjong Youchien Tamago-gumi 2: Taikai e Ikou!||麻雀幼稚園 たまご組２ ～大会へ行こう！～
SLPS_029.95|Mahjong de Asobo||まーじゃんｄｅあそぼ
SLPS_004.60|Mahou Shoujo Fancy CoCo||魔法少女ファンシーＣＯＣＯ
SLPS_006.45|Mahou Shoujo Pretty Samy: Part 1: In the Earth (Disc 1) (Episode 23)||魔法少女プリティサミー ＰＡＲＴ１ Ｉｎ ｔｈｅ Ｅａｒｔｈ（ディスク１）
SLPS_006.46|Mahou Shoujo Pretty Samy: Part 1: In the Earth (Disc 2) (Episode 24)||魔法少女プリティサミー ＰＡＲＴ１ Ｉｎ ｔｈｅ Ｅａｒｔｈ（ディスク２）
SLPS_007.60|Mahou Shoujo Pretty Samy: Part 2: In the Julyhelm (Disc 1) (Episode 25)||魔法少女プリティサミー　ＰＡＲＴ　２　Ｉｎ　ｔｈｅ　Ｊｕｌｙｈｅｌｍ（ディスク１）
SLPS_007.61|Mahou Shoujo Pretty Samy: Part 2: In the Julyhelm (Disc 2) (Episode 26)||魔法少女プリティサミー　ＰＡＲＴ　２　Ｉｎ　ｔｈｅ　Ｊｕｌｙｈｅｌｍ（ディスク２）
SLPS_017.54|Mahoutsukai ni Naru Houhou||魔法使いになる方法
SLPS_012.49|Mainichi Nekoyoubi||毎日猫曜日
SLPS_018.50|Majokko Daisakusen: Little Witching Mischiefs||魔女っ子大作戦
SLPS_001.28|Makeruna! Makendou 2||負けるな！魔剣道２
SLES_029.79|Manager de Liga 2001||
SLES_036.07|Manager de Liga 2002||
SLUS_014.71|Marble Master||
SLPS_017.38|Marby Baby Story||マービーベイビーストーリー
SLES_038.68|Marcel Desailly Pro Football||
SLUS_005.26|March Madness '98||
SLPS_022.40|Maria 2: Jutai Kokuchi no Nazo (Disc 1)||マリア２　－受胎告知の謎－（ディスク１）
SLPS_022.41|Maria 2: Jutai Kokuchi no Nazo (Disc 2)||マリア２　－受胎告知の謎－（ディスク２）
SLPS_022.42|Maria 2: Jutai Kokuchi no Nazo (Disc 3)||マリア２　－受胎告知の謎－（ディスク３）
SLPM_804.41|Maria 2: Jutai Kokuchi no Nazo (Taikenban)||マリア２　～受胎告知の謎～（体験版）
SLPS_011.36|Maria: Kimi-tachi ga Umareta Wake (Disc 1)||マリア　～君たちが生まれた理由～（ディスク１）
SLPS_911.00|Maria: Kimi-tachi ga Umareta Wake (Disc 1)||マリア　～君たちが生まれた理由～（ディスク１）
SLPS_011.37|Maria: Kimi-tachi ga Umareta Wake (Disc 2)||マリア　～君たちが生まれた理由～（ディスク２）
SLPS_911.01|Maria: Kimi-tachi ga Umareta Wake (Disc 2)||マリア　～君たちが生まれた理由～（ディスク２）
SLPS_011.38|Maria: Kimi-tachi ga Umareta Wake (Disc 3)||マリア　～君たちが生まれた理由～（ディスク３）
SLPS_911.02|Maria: Kimi-tachi ga Umareta Wake (Disc 3)||マリア　～君たちが生まれた理由～（ディスク３）
SLPM_801.85|Maria: Kimi-tachi ga Umareta Wake (Taikenban)||マリア　～君たちが生まれた理由～（体験版）
SLPS_014.18|Marie no Atelier Plus: Salburg no Renkinjutsushi||マリーのアトリエ プラス ～ザールブルグの錬金術士～
SLPS_911.79|Marie no Atelier Plus: Salburg no Renkinjutsushi||マリーのアトリエ プラス ～ザールブルグの錬金術士～
SLPS_008.56|Marie no Atelier: Salburg no Renkinjutsushi||マリーのアトリエ　～ザールブルグの錬金術士～
SLPS_009.64|Mario Mushano no Chou Shougi Juku: Mario Mushano's Hyper Shogi School||マリオ武者野の超将棋塾
SLPM_868.10|Marionette Company||マリオネット・カンパニー
SLPS_020.58|Marionette Company||マリオネット・カンパニー
SLPM_870.04|Marionette Company 2 Chu!||マリオネットカンパニー２　Ｃｈｕ！
SLPS_027.43|Marionette Company 2 Chu!||マリオネットカンパニー２　Ｃｈｕ！
SLPS_035.38|Marl Jong!!||マールじゃん！！
SLPS_035.37|Marl Jong!! (Genteiban)||マールじゃん！！
SLPS_017.34|Marl Oukoku no Ningyou-hime: The Adventure of Puppet Princess||マール王国の人形姫　－ｔｈｅ　Ａｄｖｅｎｔｕｒｅ　ｏｆ　Ｐｕｐｐｅｔ　Ｐｒｉｎｃｅｓｓ－
SLPS_022.86|Marl Oukoku no Ningyou-hime: The Adventure of Puppet Princess||マール王国の人形姫　－ｔｈｅ　Ａｄｖｅｎｔｕｒｅ　ｏｆ　Ｐｕｐｐｅｔ　Ｐｒｉｎｃｅｓｓ－
SLPS_914.15|Marl Oukoku no Ningyou-hime: The Adventure of Puppet Princess||マール王国の人形姫　－ｔｈｅ　Ａｄｖｅｎｔｕｒｅ　ｏｆ　Ｐｕｐｐｅｔ　Ｐｒｉｎｃｅｓｓ－
SLPS_022.87|Marl Oukoku no Ningyou-hime: The Adventure of Puppet Princess (Omake Disc)||マール王国の人形姫　－ｔｈｅ　Ａｄｖｅｎｔｕｒｅ　ｏｆ　Ｐｕｐｐｅｔ　Ｐｒｉｎｃｅｓｓ－ （おまけディスク）
SLPM_803.19|Marl Oukoku no Ningyou-hime: The Adventure of Puppet Princess (Taikenban)||マール王国の人形姫　－ｔｈｅ　Ａｄｖｅｎｔｕｒｅ　ｏｆ　Ｐｕｐｐｅｔ　Ｐｒｉｎｃｅｓｓ－（体験版）
SLES_027.68|Marranos en Guerra||
LSP01018.001|Mars Moose Adventure: WalkAbout 1: The Natural History Museum||
LSP01028.001|Mars Moose Adventure: WalkAbout 2: The Shakespeare Festival||
LSP01038.001|Mars Moose Adventure: WalkAbout 3: World Sports Day||
LSP01017.001|Mars Moose Cosmic Quest 1: City Sights||
LSP01027.001|Mars Moose Cosmic Quest 2: Fairy Tale Island||
LSP01037.001|Mars Moose Cosmic Quest 3: Race Through France||
LSP01016.001|Mars Moose Stay and Play 1: In the Clubhouse||
LSP01026.001|Mars Moose Stay and Play 2: In Mars' Bedroom||
LSP01036.001|Mars Moose Stay and Play 3: In Lonnie's Classroom||
SLPM_870.14|Martialbeat||マーシャルビート
SLPM_871.46|Martialbeat 2 (Disc 1) (Disc-B)||マーシャルビート２（ディスク１）
SLPM_871.48|Martialbeat 2 (Disc 1) (Disc-B)||マーシャルビート２（ディスク１）
SLPM_871.47|Martialbeat 2 (Disc 2) (Disc-F)||マーシャルビート２（ディスク２）
SLPM_871.49|Martialbeat 2 (Disc 2) (Disc-F)||マーシャルビート２（ディスク２）
SLES_013.50|Martian Gothic: Unification||
SLES_029.98|Martian Gothic: Unification||
SLUS_011.48|Martian Gothic: Unification||
SLES_009.32|Marvel Super Heroes||
SLPS_007.63|Marvel Super Heroes||マーヴル・スーパー・ヒーローズ
SLUS_002.57|Marvel Super Heroes||
SLED_004.99|Marvel Super Heroes (Demo)||
SLES_017.92|Marvel Super Heroes vs. Street Fighter||
SLUS_007.93|Marvel Super Heroes vs. Street Fighter||
SLPS_019.15|Marvel Super Heroes vs. Street Fighter: EX Edition||マーヴル・スーパーヒーローズ ｖｓ． ストリートファイター ＥＸエディション
SLPM_803.76|Marvel Super Heroes vs. Street Fighter: EX Edition (Taikenban)||マーヴル・スーパーヒーローズ　ｖｓ．　ストリートファイター　ＥＸエディション（体験版）
SLPM_803.82|Marvel Super Heroes vs. Street Fighter: EX Edition (Taikenban)||マーヴル・スーパーヒーローズ　ｖｓ．　ストリートファイター　ＥＸエディション（体験版）
SLES_023.05|Marvel vs. Capcom: Clash of Super Heroes|Capcom|
SLUS_010.59|Marvel vs. Capcom: Clash of Super Heroes|Capcom|
SLPS_023.68|Marvel vs. Capcom: Clash of Super Heroes: EX Edition|Capcom|マーヴル ＶＳ． カプコン クラッシュオブスーパーヒーローズ ＥＸエディション
SLPM_805.08|Marvel vs. Capcom: Clash of Super Heroes: EX Edition (Taikenban)|Capcom|マーヴル ＶＳ． カプコン クラッシュオブスーパーヒーローズ ＥＸエディション（体験版）
SLES_023.79|Mary King's Riding Star||
SLES_034.21|Mary-Kate and Ashley: Crush Course||
SLUS_013.86|Mary-Kate and Ashley: Crush Course||
SLES_034.22|Mary-Kate and Ashley: Magical Mystery Mall||
SLUS_011.21|Mary-Kate and Ashley: Magical Mystery Mall||
SLES_033.78|Mary-Kate and Ashley: Winners Circle||
SLUS_013.62|Mary-Kate and Ashley: Winners Circle||
SLPM_865.20|MasMon Kids: The Another World of the Master of Monsters||マスモンＫＩＤＳ
SLPS_014.26|MasMon Kids: The Another World of the Master of Monsters||マスモンＫＩＤＳ
SLES_000.98|Mass Destruction||
SLUS_004.62|Mass Destruction||
SLPM_865.42|Master of Monsters: Akatsuki no Kenja-tachi||マスター・オブ・モンスターズ～暁の賢者達～
SLPS_009.16|Master of Monsters: Akatsuki no Kenja-tachi||マスター・オブ・モンスターズ～暁の賢者達～
SLES_002.44|Master of Monsters: Disciples of Gaia||
SLUS_005.95|Master of Monsters: Disciples of Gaia||
SLPS_003.73|Masters: Shin Harukanaru Augusta||マスターズ 新・遙かなるオーガスタ
SLPS_008.42|Masters: Shin Harukanaru Augusta||マスターズ 新・遙かなるオーガスタ
SLES_032.17|Mat Hoffman's Pro BMX||
SLES_032.18|Mat Hoffman's Pro BMX||
SLES_032.19|Mat Hoffman's Pro BMX||
SLPM_871.19|Mat Hoffman's Pro BMX||
SLUS_011.13|Mat Hoffman's Pro BMX||
LSP90343.300|Math Gallery: Collection 1||
LSP90343.301|Math Gallery: Collection 1||
LSP90344.001|Math Gallery: Collection 2||
LSP10011.201|Math on the Move! 1: Addition/Subtraction Advanced||
LSP10011.001|Math on the Move! 1: Addition/Subtraction Intermediate||
LSP10011.301|Math on the Move! 2: Multiplication/Division Advanced||
LSP10011.101|Math on the Move! 2: Multiplication/Division Intermediate||
SLPS_001.98|Matsukata Hiroki no World Fishing||松方弘樹のワールドフィッシング
SLPS_020.41|Matsukata Hiroki no World Fishing||松方弘樹のワールドフィッシング
SLPS_032.20|Matsumoto Reiji 999: Story of Galaxy Express 999 (Disc 1)||松本零士９９９（ディスク１）
SLPS_032.21|Matsumoto Reiji 999: Story of Galaxy Express 999 (Disc 2)||松本零士９９９（ディスク２）
SLPS_013.59|Mawatte Mucho!||まわってムーチョ！
SLPM_802.32|Mawatte Mucho! (Taikenban)||まわってムーチョ！（体験版）
SLES_016.94|Max Power Racing||
SLPS_023.98|Max Surfing 2000||マックス　サーフィン　２０００
SLPS_028.71|Max Surfing 2nd||マックスサーフィン　セカンド
SLPS_007.95|MaxRacer||マックスレーサー
SLES_010.01|Maximum Force||
SLUS_005.03|Maximum Force||
SLPS_034.90|Maze Heroes: Meikyuu Densetsu||メイズ・ヒーローズ　～迷宮伝説～
SCED_039.09|McDonald's: Demo 01 (Demo)||
SCED_039.10|McDonald's: Demo 02||
SCED_039.11|McDonald's: Demo 03||
SCED_039.12|McDonald's: Demo 04||
SLES_003.40|MechWarrior 2: 31st Century Combat: Arcade Combat Edition||
SLUS_004.01|MechWarrior 2: 31st Century Combat: Arcade Combat Edition||
SLPS_009.37|MechWarrior 2: Arcade Combat Edition||メックウォリア２
SLES_003.74|MechWarrior 2: Combat au 31ième Siècle||
SLES_003.75|MechWarrior 2: Kampfspiel des 31. Jahrhunderts: Arcade Combat Edition||
SLES_024.70|Medal of Honor||
SLES_024.71|Medal of Honor||
SLES_024.72|Medal of Honor||
SLUS_009.74|Medal of Honor||
SLES_031.25|Medal of Honor: Resistance||
SLES_031.24|Medal of Honor: Underground||
SLES_031.26|Medal of Honor: Underground||
SLUS_012.70|Medal of Honor: Underground||
SLPS_024.14|Medarot R||メダロットＲ
SLPS_026.35|Medarot R: Parts Collection||メダロットＲ・パーツコレクション
SCES_003.11|MediEvil||
SCES_014.92|MediEvil||
SCES_014.93|MediEvil||
SCES_014.94|MediEvil||
SCES_014.95|MediEvil||
SCUS_942.27|MediEvil||
SCUS_942.91|MediEvil (Demo)||
SCES_025.44|MediEvil 2||
SCES_025.45|MediEvil 2||
SCES_025.46|MediEvil 2||
SCED_028.18|MediEvil 2 (Demo)||
SCED_015.27|MediEvil Collector's Edition (Demo)||
SCUS_945.64|MediEvil II||
SCED_015.71|MediEvil Special (Demo)||
SCPS_100.81|MediEvil: Yomigaetta Gallowmere no Yuusha||メディーバル　～甦ったガロメアの勇者～
SLES_010.64|Mega Man 8||
SLUS_004.53|Mega Man 8 (Collector's Edition)||
SLES_014.85|Mega Man Legends||
SLUS_006.03|Mega Man Legends||
SLES_035.56|Mega Man Legends 2||
SLUS_011.40|Mega Man Legends 2||
SLUS_900.78|Mega Man Legends 2 (Demo)||
SLES_005.03|Mega Man X3||
SLES_011.76|Mega Man X4||
SLUS_005.61|Mega Man X4||
SLES_035.57|Mega Man X5||
SLUS_013.34|Mega Man X5||
SLES_037.78|Mega Man X6||
SLPM_885.09|Mega Man X6||록맨 Ｘ６
SLUS_013.95|Mega Man X6||
SLES_007.66|Mega Man: Battle & Chase||
SLPS_005.00|Megami Ibunroku: Persona: Be Your True Mind||女神異聞録　～ペルソナ～
SLPS_910.29|Megami Ibunroku: Persona: Be Your True Mind||女神異聞録　～ペルソナ～
SLPS_004.35|Megatudo 2096||メガチュード２０９６
SLPS_017.14|Meguri Ai shite||めぐり愛して
SLPS_011.53|Meisha Retsuden: Greatest 70's||名車列伝　Ｇｒｅａｔｅｓｔ　７０´ｓ
SLPS_021.59|Meisha Retsuden: Greatest 70's||名車列伝　Ｇｒｅａｔｅｓｔ　７０´ｓ
SLPS_016.90|Meitantei Conan||名探偵コナン
SLPS_911.70|Meitantei Conan||名探偵コナン
SLPM_805.68|Meitantei Conan: 3-nin no Meisuiri||名探偵コナン　３人の名推理
SLPS_028.04|Meitantei Conan: 3-nin no Meisuiri||名探偵コナン　３人の名推理
SLPS_034.56|Meitantei Conan: 3-nin no Meisuiri||名探偵コナン　３人の名推理
SLPS_034.25|Meitantei Conan: Saikou no Partner||名探偵コナン　最高の相棒
SLPM_806.40|Meitantei Conan: Trick Trick Vol. 0: Meikyuu no Crossroad Special Disc (Taikenban)||名探偵コナン　トリックトリック　Ｖｏｌ．０　迷宮の十字路　スペシャルディスク（体験版）
SLPS_035.48|Meitantei Conan: Trick Trick Vol. 1||名探偵コナン　トリックトリック　Ｖｏｌ．１
SLPS_026.49|Meka Pokeler||メカ・ポケラー
SLPS_002.82|MeltyLancer: Ginga Shoujo Keisatsu 2086||メルティランサー　銀河少女警察２０８６
SLPS_011.47|MeltyLancer: Re-inforce (Disc 1)||メルティランサー Ｒｅ－ｉｎｆｏｒｃｅ（ディスク１）
SLPS_011.48|MeltyLancer: Re-inforce (Disc 2)||メルティランサー Ｒｅ－ｉｎｆｏｒｃｅ（ディスク２）
SLPM_801.61|MeltyLancer: Re-inforce (Taikenban)||メルティランサー　Ｒｅ‐ｉｎｆｏｒｃｅ（体験版）
SLPM_862.31|MeltyLancer: The 3rd Planet (Disc 1)||メルティランサー　－ＴＨＥ　３ｒｄ　ＰＬＡＮＥＴ－（ディスク１）
SLPM_862.32|MeltyLancer: The 3rd Planet (Disc 2)||メルティランサー　－ＴＨＥ　３ｒｄ　ＰＬＡＮＥＴ－（ディスク２）
SLPS_031.35|Memorial Series: Sunsoft Vol. 1||メモリアル☆シリーズ　～サンソフトＶｏｌ．１～
SLPS_031.81|Memorial Series: Sunsoft Vol. 2||メモリアル☆シリーズ　～サンソフトＶｏｌ．２～
SLPS_033.66|Memorial Series: Sunsoft Vol. 3||メモリアル☆シリーズ　～サンソフトＶｏｌ．３～
SLPS_033.82|Memorial Series: Sunsoft Vol. 4||メモリアル☆シリーズ　～サンソフトＶｏｌ．４～
SLPS_033.97|Memorial Series: Sunsoft Vol. 5||メモリアル☆シリーズ　～サンソフトＶｏｌ．５～
SLPS_034.86|Memorial Series: Sunsoft Vol. 6||メモリアル☆シリーズ　～サンソフトＶｏｌ．６～
SLPS_022.96|Memories Off||メモリーズオフ
SLPS_032.92|Memories Off 2nd (Disc 1)||メモリーズオフ　セカンド（ディスク１）
SLPS_032.89|Memories Off 2nd (Disc 1) (Shokai Genteiban)||メモリーズオフ　セカンド（ディスク１）
SLPS_032.93|Memories Off 2nd (Disc 2)||メモリーズオフ　セカンド（ディスク２）
SLPS_032.90|Memories Off 2nd (Disc 2) (Shokai Genteiban)||メモリーズオフ　セカンド（ディスク２）
SLPS_032.91|Memories Off 2nd (Disc 3) (Making Disc) (Shokai Genteiban)||メモリーズオフ　セカンド（ディスク３）
SLPM_801.53|Memory Card Data Book Vol. 1||メモリーカードデータブックＶｏｌ．１
SLPM_802.51|Memory Card Data Book Vol. 2||メモリーカードデータブックＶｏｌ．２
SLPM_803.95|Memory Card Data Book Vol. 3||メモリーカードデータブックＶｏｌ．３
SLPM_805.20|Memory Card Data Book Vol. 4||メモリーカードデータブックＶｏｌ．４
SLES_010.47|Men in Black: The Game||
SLES_011.99|Men in Black: The Game||
SLES_012.00|Men in Black: The Game||
SLES_012.01|Men in Black: The Game||
SLES_035.19|Men in Black: The Series: Crashdown||
SLES_035.20|Men in Black: The Series: Crashdown||
SLES_035.21|Men in Black: The Series: Crashdown||
SLES_035.22|Men in Black: The Series: Crashdown||
SLES_035.23|Men in Black: The Series: Crashdown||
SLUS_013.87|Men in Black: The Series: Crashdown||
SLPS_026.85|Menkyo o Torou||免許をとろう
SLPM_805.66|Menkyo o Torou (Taikenban)||免許をとろう（体験版）
SCED_022.56|Mental Wealth: ECTS '99 Demo Disc||
SLPS_016.64|Meremanoid||マーメノイド
SLPM_804.40|Meremanoid (Taikenban)||マーメノイド（体験版）
SLPM_869.34|Mermaid no Kisetsu (Disc 1)||マーメイドの季節（ディスク１）
SLPM_869.35|Mermaid no Kisetsu (Disc 2)||マーメイドの季節（ディスク２）
SLPM_869.36|Mermaid no Kisetsu (Disc 3)||マーメイドの季節（ディスク３）
SLPM_871.08|Mermaid no Kisetsu: Curtain Call (Disc 1)||マーメイドの季節　～カーテンコール～（ディスク１）
SLPM_871.09|Mermaid no Kisetsu: Curtain Call (Disc 2)||マーメイドの季節　～カーテンコール～（ディスク２）
SLPS_014.93|Merriment Carrying Caravan||メリーメント・キャリング・キャラバン
SLPS_003.59|Meru Purana||メールプラーナ
SLPS_006.80|Meta-Ph-List µ.X.2297 (Disc 1)||
SLPS_006.81|Meta-Ph-List µ.X.2297 (Disc 2)||
SLPS_008.67|Metal Angel 3 (Disc 1)||メタル・エンジェル３（ディスク１）
SLPS_008.68|Metal Angel 3 (Disc 2)||メタル・エンジェル３（ディスク２）
SLPS_011.64|Metal Fist||メタル・フィスト
PAPX_900.44|Metal Gear Solid: Pilot Disk|Konami|メタル・ギア・ソリッド
SLPM_802.54|Metal Gear Solid: Pilot Disk|Konami|メタル・ギア・ソリッド
SLED_014.00|Metal Gear Solid (Demo)|Konami|
SLED_017.75|Metal Gear Solid (Demo)|Konami|
SLUS_900.35|Metal Gear Solid (Demo)|Konami|
SLES_013.70|Metal Gear Solid (Disc 1)|Konami|
SLES_015.06|Metal Gear Solid (Disc 1)|Konami|
SLES_015.07|Metal Gear Solid (Disc 1)|Konami|
SLES_015.08|Metal Gear Solid (Disc 1)|Konami|
SLES_017.34|Metal Gear Solid (Disc 1)|Konami|
SLUS_005.94|Metal Gear Solid (Disc 1)|Konami|
SLUS_805.94|Metal Gear Solid (Trade Demo)|Konami|
SCPS_453.17|Metal Gear Solid (Disc 1) (Ichi)|Konami|メタル・ギア・ソリッド（ディスク１）
SLPM_861.11|Metal Gear Solid (Disc 1) (Ichi)|Konami|メタル・ギア・ソリッド（ディスク１）
SLPM_861.14|Metal Gear Solid (Disc 1) (Ichi)|Konami|メタル・ギア・ソリッド（ディスク１）
SLPM_874.11|Metal Gear Solid (Disc 1) (Ichi)|Konami|メタル・ギア・ソリッド（ディスク１）
SLPM_874.13|Metal Gear Solid (Disc 1) (Ichi)|Konami|メタル・ギア・ソリッド（ディスク１）
SLES_113.70|Metal Gear Solid (Disc 2)|Konami|
SLES_115.06|Metal Gear Solid (Disc 2)|Konami|
SLES_115.07|Metal Gear Solid (Disc 2)|Konami|
SLES_115.08|Metal Gear Solid (Disc 2)|Konami|
SLES_117.34|Metal Gear Solid (Disc 2)|Konami|
SLUS_007.76|Metal Gear Solid (Disc 2)|Konami|
SCPS_453.18|Metal Gear Solid (Disc 2) (Ni)|Konami|メタル・ギア・ソリッド（ディスク２）
SLPM_861.12|Metal Gear Solid (Disc 2) (Ni)|Konami|メタル・ギア・ソリッド（ディスク２）
SLPM_861.15|Metal Gear Solid (Disc 2) (Ni)|Konami|メタル・ギア・ソリッド（ディスク２）
SLPM_874.12|Metal Gear Solid (Disc 2) (Ni)|Konami|メタル・ギア・ソリッド（ディスク２）
SLPM_874.14|Metal Gear Solid (Disc 2) (Ni)|Konami|メタル・ギア・ソリッド（ディスク２）
SLPM_860.98|Metal Gear Solid (Taikenban)|Konami|メタル・ギア・ソリッド（体験版）
SCPS_454.12|Metal Gear Solid: Integral (Disc 1)|Konami|メタル・ギア・ソリッド　～インテグラル～（ディスク１）
SLPM_862.47|Metal Gear Solid: Integral (Disc 1)|Konami|メタル・ギア・ソリッド　～インテグラル～（ディスク１）
SLPM_864.70|Metal Gear Solid: Integral (Disc 1)|Konami|メタル・ギア・ソリッド　～インテグラル～（ディスク１）
SLPM_873.24|Metal Gear Solid: Integral (Disc 1)|Konami|メタル・ギア・ソリッド　～インテグラル～（ディスク１）
SCPS_454.13|Metal Gear Solid: Integral (Disc 2)|Konami|メタル・ギア・ソリッド　～インテグラル～（ディスク２）
SLPM_862.48|Metal Gear Solid: Integral (Disc 2)|Konami|メタル・ギア・ソリッド　～インテグラル～（ディスク２）
SLPM_864.71|Metal Gear Solid: Integral (Disc 2)|Konami|メタル・ギア・ソリッド　～インテグラル～（ディスク２）
SLPM_873.25|Metal Gear Solid: Integral (Disc 2)|Konami|メタル・ギア・ソリッド　～インテグラル～（ディスク２）
SCPS_454.14|Metal Gear Solid: Integral (Disc 3) (VR-Disc)|Konami|メタル・ギア・ソリッド　～インテグラル～（ディスク３）
SLPM_862.49|Metal Gear Solid: Integral (Disc 3) (VR-Disc)|Konami|メタル・ギア・ソリッド　～インテグラル～（ディスク３）
SLPM_864.72|Metal Gear Solid: Integral (Disc 3) (VR-Disc)|Konami|メタル・ギア・ソリッド　～インテグラル～（ディスク３）
SLPM_873.26|Metal Gear Solid: Integral (Disc 3) (VR-Disc)|Konami|メタル・ギア・ソリッド　～インテグラル～（ディスク３）
SLES_021.36|Metal Gear Solid: Special Missions|Konami|
SLUS_009.57|Metal Gear Solid: VR Missions|Konami|
SLUS_900.62|Metal Gear Solid: VR Missions (Demo)|Konami|
SLPS_000.08|Metal Jacket||メタルジャケット
SLES_035.75|Metal Slug X||
SLUS_012.12|Metal Slug X||
SLPM_864.56|Metal Slug X: Super Vehicle-001||メタルスラッグＸ　ＳＵＰＥＲ　ＶＥＨＩＣＬＥ－００１
SLPS_034.49|Metal Slug X: Super Vehicle-001||メタルスラッグＸ　ＳＵＰＥＲ　ＶＥＨＩＣＬＥ－００１
SCPS_450.97|Metal Slug: Super Vehicle-001||メタルスラッグ Ｓｕｐｅｒ Ｖｅｈｉｃｌｅ－００１
SLPM_863.15|Metal Slug: Super Vehicle-001||メタルスラッグ Ｓｕｐｅｒ Ｖｅｈｉｃｌｅ－００１
SLPS_009.50|Metal Slug: Super Vehicle-001||メタルスラッグ Ｓｕｐｅｒ Ｖｅｈｉｃｌｅ－００１
SLPS_915.16|Metal Slug: Super Vehicle-001||メタルスラッグ Ｓｕｐｅｒ Ｖｅｈｉｃｌｅ－００１
SLPS_000.39|Metamor Panic: Doki Doki Youma Busters!!||メタモル・パニック　Ｄ♥ＫＩ　Ｄ♥ＫＩ　妖魔バスターズ！！
SLPS_019.11|Mezase! Meimon Yakyuubu||めざせ！名門野球部
SLPS_025.84|Mezase! Meimon Yakyuubu||めざせ！名門野球部
SLPS_914.18|Mezase! Meimon Yakyuubu||めざせ！名門野球部
SLPS_003.13|Mezase! Senkyuu-ou||めざせ！戦球王
SLPS_022.14|Mezase! Senkyuu-ou||めざせ！戦球王
SLPS_021.98|Mezase! Skymark: Challenge Airline Pilot||めざせ！エアラインパイロット
SLES_015.94|Michael Owen's World League Soccer '99||
SLES_039.31|Michael Schumacher Racing World Kart 2002||
SLES_015.45|Michelin Rally Masters: Race of Champions||
SLES_023.95|Michelin Rally Masters: Race of Champions||
SLUS_012.29|Michelin Rally Masters: Race of Champions||
SLPS_025.02|Michinoku Hitou Koi Monogatari Kai||みちのく秘湯恋物語　ｋａｉ
SCES_001.63|Mickey's Wild Adventure||
SLPS_011.11|Micro Machines||マイクロ・マシーンズ
SLES_000.16|Micro Machines V3||
SLUS_005.59|Micro Machines V3||
SLES_019.21|Micro Maniacs||
SLES_005.90|Midnight Run: Road Fighter 2||
SLPM_860.22|Midnight Run: Road Fighter 2||ミッドナイトラン　～ロードファイター２～
SLES_024.99|Midnight in Vegas||
SLPS_013.12|Midori no Makibao: Kuroi Inazuma Shiroi Kiseki||みどりのマキバオー～黒い稲妻　白い奇跡～
SLPS_005.83|Mighty Hits||マイティヒット
SLES_022.44|Mighty Hits Special||
SLPS_021.65|Mighty Hits Special||マイティ　ヒット　スペシャル
SLPS_016.11|Mikagura Shoujo Tanteidan (Disc 1) (Honpen Disc Ichi)||御神楽少女探偵団（ディスク１）
SLPS_016.12|Mikagura Shoujo Tanteidan (Disc 2) (Honpen Disc Ni)||御神楽少女探偵団（ディスク２）
SLPS_016.13|Mikagura Shoujo Tanteidan (Disc 3) (Intermission Disc)||御神楽少女探偵団（ディスク３）
SLPS_016.14|Mikagura Shoujo Tanteidan (Disc 4) (Special Disc)||御神楽少女探偵団（ディスク４）
SLPM_802.83|Mikagura Shoujo Tanteidan / Neko Zamurai (Taikenban)||御神楽少女探偵団／猫侍（体験版）
SLES_028.39|Mike Tyson Boxing||
SLUS_011.62|Mike Tyson Boxing||
SLPS_033.67|Milky Season||ミルキィシーズン
SLES_028.26|Mille Miglia||
SLES_017.16|Millennium Soldier: Expendable||
SLPM_803.97|Million Classic (Disc 1) (Honpen Game Sen'you)||ミリオンクラシック（ディスク１）
SLPS_016.09|Million Classic (Disc 1) (Honpen Game Sen'you)||ミリオンクラシック（ディスク１）
SLPM_803.98|Million Classic (Disc 2) (Taisen Game Sen'you)||ミリオンクラシック（ディスク２）
SLPS_016.10|Million Classic (Disc 2) (Taisen Game Sen'you)||ミリオンクラシック（ディスク２）
SLPS_009.51|Minakata Hakudou Toujou (Disc 1)||南方珀堂登場（ディスク１）
SLPS_009.52|Minakata Hakudou Toujou (Disc 2)||南方珀堂登場（ディスク２）
SLPS_010.78|Mini Yonku Bakusou Kyoudai Let's & Go!! WGP Hyper Heat||ミニ四駆爆走兄弟レッツ＆ゴー！！ＷＧＰハイパーヒート
SLPS_910.91|Mini Yonku Bakusou Kyoudai Let's & Go!! WGP Hyper Heat||ミニ四駆爆走兄弟レッツ＆ゴー！！ＷＧＰハイパーヒート
SLPM_870.15|Mini-Moni. Dice de Pyon!||ミニモニ。ダイスｄｅぴょん！
SLPM_870.79|Mini-Moni. Shakatto Tambourine! da Pyon!||ミニモニ。シャカっとタンバリン！だぴょん！
SLPM_871.32|Mini-Moni. Shakatto Tambourine! da Pyon!||ミニモニ。シャカっとタンバリン！だぴょん！
SLPM_871.95|Mini-Moni. Step Pyon Pyon Pyon||ミニモニ。ステップぴょんぴょんぴょん
SLPS_035.54|Minna Atsumare! Igo Kyoushitsu||みんな集まれ！ 囲碁教室
SCPS_100.42|Minna no Golf||みんなのＧＯＬＦ
SCPS_450.96|Minna no Golf||みんなのＧＯＬＦ
SCPS_911.26|Minna no Golf||みんなのＧＯＬＦ
PAPX_900.18|Minna no Golf (Taikenban)||みんなのＧＯＬＦ（体験版）
PAPX_900.19|Minna no Golf (Taikenban)||みんなのＧＯＬＦ（体験版）
PCPX_960.76|Minna no Golf (Taikenban)||みんなのＧＯＬＦ（体験版）
SCPS_100.93|Minna no Golf 2||みんなのＧＯＬＦ２
SCPS_454.21|Minna no Golf 2||みんなのＧＯＬＦ２
SCPS_911.97|Minna no Golf 2||みんなのＧＯＬＦ２
SLPS_031.86|Minna no Kanji Kyoushitsu: Chousen! Kanji Kentei||みんなの漢字教室　～挑戦！！漢字検定～
SLPS_032.79|Minna no Shiiku Kyoushitsu: Kuwagata-hen||みんなの飼育教室～クワガタ編～
SLPM_870.25|Minna no Takaramono: Watashi no Licca-chan: Otetsudai o Shiyou||わたしのリカちゃん おてつだいをしよう
SLPS_034.91|Minnya de Ghost Hunter||みんニャでゴースト・ハンター
SLPS_011.32|Minton Keibu no Sousa File: Doukeshi Satsujin Jiken||ミントン警部の捜査ファイル　道化師殺人事件
SLPS_021.50|Minton Keibu no Sousa File: Doukeshi Satsujin Jiken||ミントン警部の捜査ファイル　道化師殺人事件
SLPS_012.27|Miracle Jim no Bassing Beat||バッシングビート
SLPS_012.24|Miracle Jumpers||ミラクルジャンパーズ
SLES_040.57|Miracle Space Race||
SLUS_015.56|Miracle Space Race||
SLPS_001.10|Miracle World: Fushigi no Kuni no IQ Meiro||ミラクルワールド 不思議の国のＩＱ迷路
SLPS_021.43|Mirano no Arbeit Collection||ミラノのアルバイトこれくしょん
PCPX_961.32|MiruMiru PlayStation Vol. 28||見る見る　プレイステーション　Ｖｏｌ．２８
PCPX_961.39|MiruMiru PlayStation Vol. 29||見る見る　プレイステーション　Ｖｏｌ．２９
PCPX_961.44|MiruMiru PlayStation Vol. 31||見る見る　プレイステーション　Ｖｏｌ．３１
PCPX_961.55|MiruMiru PlayStation Vol. 34||見る見る　プレイステーション　Ｖｏｌ．３４
PCPX_960.53|MiruMiru PlayStation Vol. 4 (Disc 3)||
PCPX_961.92|MiruMiru PlayStation Vol. 42||見る見る　プレイステーション　Ｖｏｌ．４２
PCPX_961.96|MiruMiru PlayStation Vol. 43||見る見る　プレイステーション　ｖｏｌ．４３
SLPS_012.76|Misa no Mahou Monogatari (Disc 1)||ミサの魔法物語（ディスク１）
SLPS_012.74|Misa no Mahou Monogatari (Disc 1) (Shokai Genteiban)||ミサの魔法物語（ディスク１）
SLPS_012.77|Misa no Mahou Monogatari (Disc 2)||ミサの魔法物語（ディスク２）
SLPS_012.75|Misa no Mahou Monogatari (Disc 2) (Shokai Genteiban)||ミサの魔法物語（ディスク２）
SLPS_014.74|Misaki Aggressive!||みさき　アグレッシヴ！
SLUS_011.23|Miss Spider's Tea Party||
SLES_022.45|Missile Command||
SLES_024.82|Missile Command||
SLUS_009.92|Missile Command||
SLES_019.06|Mission: Impossible||
SLUS_010.16|Mission: Impossible||
SLPS_000.47|Missland||ミスランド
SLPS_021.04|Missland||ミスランド
SLPS_017.15|Missland 2||ミスランド２
SLPM_860.68|Mitsumete Knight||みつめてナイト
SLPM_861.34|Mitsumete Knight R: Daibouken-hen||みつめてナイトＲ　～大冒険編～
SLPS_022.15|Miyake Yuji Produce: Kiseki no Maya Uranai||三宅裕司プロデュース　奇跡のマヤ占い
SLPS_008.06|Mizuki Shigeru no Youkai Butouden||水木しげるの妖怪武闘伝
SLPS_017.83|Mizzurna Falls||ミザーナフォールズ
SLES_028.30|MoHo||
SLES_025.74|Mobil 1 Rally Championship||
SLUS_011.03|Mobil 1 Rally Championship||
SLUS_014.69|Mobile Armor||
SLES_040.87|Mobile Light Force||
SLUS_015.25|Mobile Light Force||
SLPS_022.39|Mobile Police Patlabor: Game Edition||機動警察パトレイバー　ゲームエディション
SLPM_805.85|Mobile Police Patlabor: Game Edition (Taikenban)||機動警察パトレイバー　ゲームエディション（体験版）
SLPS_000.35|Mobile Suit Gundam||機動戦士ガンダム
SLPS_910.11|Mobile Suit Gundam||機動戦士ガンダム
SLPM_802.91|Mobile Suit Gundam: Char's Counterattack (Taikenban)||機動戦士ガンダム 逆襲のシャア（体験版）
SCPS_453.62|Mobile Suit Gundam: Char's Counterattack||機動戦士ガンダム 逆襲のシャア
SLPS_017.24|Mobile Suit Gundam: Char's Counterattack||機動戦士ガンダム 逆襲のシャア
SLPS_032.59|Mobile Suit Gundam: Char's Counterattack||機動戦士ガンダム 逆襲のシャア
SLPS_009.20|Mobile Suit Gundam: Perfect One Year War||機動戦士ガンダム　パーフェクトワンイヤーウォー
SLPS_002.80|Mobile Suit Gundam: Version 2.0||機動戦士ガンダム ｖｅｒｓｉｏｎ ２．０
SLPS_002.81|Mobile Suit Gundam: Version 2.0||機動戦士ガンダム ｖｅｒｓｉｏｎ ２．０
SLPS_910.48|Mobile Suit Gundam: Version 2.0||機動戦士ガンダム ｖｅｒｓｉｏｎ ２．０
SLPM_801.39|Mobile Suit Z-Gundam||機動戦士Ｚｶﾞﾝﾀﾞﾑ
SCPS_451.60|Mobile Suit Z-Gundam (Disc 1)||機動戦士Ｚガンダム（ディスク１）
SLPS_011.42|Mobile Suit Z-Gundam (Disc 1)||機動戦士Ｚガンダム（ディスク１）
SLPS_032.32|Mobile Suit Z-Gundam (Disc 1)||機動戦士Ｚガンダム（ディスク１）
SCPS_451.61|Mobile Suit Z-Gundam (Disc 2)||機動戦士Ｚガンダム（ディスク２）
SLPS_011.43|Mobile Suit Z-Gundam (Disc 2)||機動戦士Ｚガンダム（ディスク２）
SLPS_032.33|Mobile Suit Z-Gundam (Disc 2)||機動戦士Ｚガンダム（ディスク２）
SLPM_871.51|Mobile Tomodachi||モバイルトモダチ
SLPS_000.99|Moero!! Pro Yakyuu '95: Double Header||燃えろ！！プロ野球 ＇９５ ＤＯＵＢＬＥ ＨＥＡＤＥＲ
SLPS_017.85|Momotarou Densetsu||桃太郎伝説
SLPS_911.71|Momotarou Densetsu||桃太郎伝説
SLPS_011.56|Momotarou Dentetsu 7||桃太郎電鉄７
SLPS_911.93|Momotarou Dentetsu 7||桃太郎電鉄７
SLPM_870.32|Momotarou Dentetsu V||桃太郎電鉄Ｖ
SLPM_873.47|Momotarou Dentetsu V||桃太郎電鉄Ｖ
SLPS_024.56|Momotarou Dentetsu V||桃太郎電鉄Ｖ
SLPS_024.58|Momotarou Dentetsu V||桃太郎電鉄Ｖ
SLPM_868.88|Momotarou Matsuri: Ishikawa Rokuemon no Maki||桃太郎まつり　～石川六右衛門の巻～
LSP05010.101|Mona & Moki 1: Drive Me Wild!||
LSP05010.102|Mona & Moki 1: Drive Me Wild!||
LSP05010.201|Mona & Moki 2: Drive Me Wilder!||
SLUS_008.34|Monaco Grand Prix||
SLES_016.91|Monaco Grand Prix Racing Simulation 2||
SLPS_021.06|Monaco Grand Prix Racing Simulation 2||モナコ・グランプリ・レーシング・シミュレーション２
SLED_019.01|Monaco Grand Prix Racing Simulation 2 (Demo)||
SLPS_009.63|Money Idol Exchanger||マネー・アイドル・エクスチャンジャー
SLPS_026.44|Money Idol Exchanger||マネー・アイドル・エクスチャンジャー
SLES_009.79|Monkey Hero||
SLES_019.65|Monkey Hero||
SLES_019.66|Monkey Hero||
SLUS_007.65|Monkey Hero||
SLUS_807.65|Monkey Hero (Trade Demo)||
SLPS_025.83|Monkey Magic||モンキー・マジック
SLUS_009.30|Monkey Magic||
SLES_009.45|Monopoly||
SLPS_007.41|Monopoly||モノポリー
SLPS_016.82|Monopoly||モノポリー
SLUS_005.07|Monopoly||
SLUS_014.90|Monster Bass||
SLPS_022.45|Monster Collection: Kamen no Madoushi||モンスター・コレクション　仮面の魔道士
SLPS_018.70|Monster Complete World||モンスターコンプリワールド
SLPS_027.83|Monster Complete World||モンスターコンプリワールド
SLPS_009.10|Monster Farm||モンスターファーム
SLPS_911.09|Monster Farm||モンスターファーム
SLPM_800.96|Monster Farm (Taikenban)||モンスター・ファーム（体験版）
SLPS_019.06|Monster Farm 2||モンスターファーム２
SLPS_911.99|Monster Farm 2||モンスターファーム２
SLPM_803.79|Monster Farm 2 (Demo)||モンスターファーム２
SLPS_026.53|Monster Farm Battle Card||モンスターファーム バトルカード
SLPS_031.60|Monster Farm Jump||モンスターファームジャンプ
SLPS_024.91|Monster Punish||モンスターパニッシュ
SLPM_861.43|Monster Race||もんすたあ★レース
SLES_032.46|Monster Racer||
SCES_028.72|Monster Rancher||
SLUS_005.68|Monster Rancher||
SLUS_805.68|Monster Rancher (Trade Demo)||
SLUS_009.17|Monster Rancher 2||
SLUS_900.71|Monster Rancher 2 (Demo)||
SLUS_011.78|Monster Rancher Battle Card: Episode II||
SLUS_013.25|Monster Rancher Hop-A-Bout||
SLES_003.14|Monster Trucks||
SLED_006.92|Monster Trucks (Demo)||
SLES_015.40|MonsterSeed||
SLPS_015.72|MonsterSeed||モンスターシード
SLUS_007.43|MonsterSeed||
SLPS_033.96|Monsters, Inc.: Monsters Academy||モンスターズ・インク　～モンスターアカデミー～
SLES_038.13|Monte Carlo Games Compendium (Disc 1)||
SLES_138.13|Monte Carlo Games Compendium (Disc 2)||
SLPS_010.31|Moon: Remix RPG Adventure||ムーン
SLPS_911.12|Moon: Remix RPG Adventure||ムーン
SLPS_010.01|Moonlight Syndrome (Disc 1)||ムーンライトシンドローム（ディスク１）
SLPS_910.76|Moonlight Syndrome (Disc 1)||ムーンライトシンドローム（ディスク１）
SLPS_010.02|Moonlight Syndrome (Disc 2)||ムーンライトシンドローム（ディスク２）
SLPS_910.77|Moonlight Syndrome (Disc 2)||ムーンライトシンドローム（ディスク２）
SLPM_801.50|Moonlight Syndrome (Taikenban)||ムーンライトシンドローム（体験版）
SLES_038.46|Moorhen 3: Chicken Chase||
SLES_038.98|Moorhen 3: Chicken Chase||
SLES_032.78|Moorhuhn 2: Die Jagd Geht Weiter||
SLES_041.22|Moorhuhn Kart||
SLES_041.74|Moorhuhn X||
SLPS_018.61|Mori no Oukoku||森の王国
SLPS_024.88|Morita Kazurou no Chess||森田和郎のチェス
SLPS_024.87|Morita Kazurou no Gomoku Narabe to Renju||森田和郎の五目並べと連珠
SLPS_024.86|Morita Kazurou no Hanafuda||森田和郎の花札
SLPS_025.88|Morita Kazurou no Mahjong||森田和郎の麻雀
SLPS_022.78|Morita Kazurou no Reversi||森田和郎のリバーシ
SLPS_022.77|Morita Kazurou no Shougi Doujou||森田和郎の将棋道場
SLPS_011.19|Morita Shougi||森田将棋
SLPM_861.30|Moritaka Chisato: Safari Tokyo (Disc 1)||森高千里 サファリ東京（ディスク１）
SLPM_861.31|Moritaka Chisato: Safari Tokyo (Disc 2)||森高千里 サファリ東京（ディスク２）
SLES_027.12|Mort the Chicken||
SLUS_010.21|Mort the Chicken||
SCES_000.60|Mortal Kombat 3||
SCUS_942.01|Mortal Kombat 3||
SIPS_600.06|Mortal Kombat 3||モータルコンバット３
SLES_013.49|Mortal Kombat 4||
SLUS_006.05|Mortal Kombat 4||
SLPS_004.44|Mortal Kombat II||モータルコンバットⅡ
SLES_010.20|Mortal Kombat Mythologies: Sub-Zero||
SLUS_004.76|Mortal Kombat Mythologies: Sub-Zero||
SLES_005.28|Mortal Kombat Trilogy||
SLES_025.09|Mortal Kombat Trilogy||
SLPS_007.91|Mortal Kombat Trilogy||モータルコンバットトリロジー
SLUS_003.30|Mortal Kombat Trilogy||
SLES_023.38|Mortal Kombat: Special Forces||
SLUS_008.24|Mortal Kombat: Special Forces||
SLES_029.54|Moses: Prince of Egypt||
SLES_004.69|Moto Racer||
SLPS_011.63|Moto Racer||モト・レーサー
SLUS_004.98|Moto Racer||
SLED_010.05|Moto Racer (Demo)||
SLES_011.84|Moto Racer 2||
SLPS_020.40|Moto Racer 2||モト・レーサー２
SLUS_007.38|Moto Racer 2||
SLED_015.52|Moto Racer 2 (Demo)||
SCES_030.37|Moto Racer World Tour||
SLUS_013.21|Moto Racer World Tour||
SLES_033.25|Motocross Mania||
SLUS_013.57|Motocross Mania||
SLES_040.98|Motocross Mania 2||
SLUS_015.31|Motocross Mania 2||
SLES_003.10|Motor Mash||
SCPS_100.01|Motor Toon Grand Prix|Sony Computer Entertainment|モータートゥーン・グランプリ
SCUS_943.55|Motor Toon Grand Prix|Sony Computer Entertainment|
SCES_002.45|Motor Toon Grand Prix 2||
SCPS_100.18|Motor Toon Grand Prix 2 (Disc 1)||モータートゥーン・グランプリ２（ディスク１）
SCPS_100.19|Motor Toon Grand Prix 2 (Disc 2) (Taisen Sen'you Disc)||モータートゥーン・グランプリ２（ディスク２）
SCPS_910.27|Motor Toon Grand Prix: USA Edition||モータートゥーン・グランプリ ＵＳＡエディション
SLES_005.56|Motorhead||
SLUS_007.17|Motorhead||
SLPS_012.42|Motteke Tamago with Ganbare! Kamonohashi||もってけたまご　ｗｉｔｈ　がんばれ！かものはし
SLPS_033.21|Motto Trump Shiyou yo! i-Mode de Grand Prix||もっとトランプしようよ！　～ｉモードでグランプリ～
SLPS_017.96|Motto! Nyan to Wonderful 2||もっと！にゃんとワンダフル２
SLPS_006.74|Mouja||もうぢや
SLPS_022.52|Mouja||もうぢや
SLPS_012.85|Mouri Motonari: Chikai no Sanshi||毛利元就　～誓いの三矢～
SCES_027.71|Mr. Driller||
SCPS_460.02|Mr. Driller||
SLPS_026.00|Mr. Driller||ミスタードリラー
SLUS_011.11|Mr. Driller||
SLPS_033.36|Mr. Driller G||ミスター・ドリラー・グレート
SLPS_022.26|Mr. Prospector: Horiate-kun||ミスタープロスペクターほりあてくん
SCES_030.85|Ms. Pac-Man Maze Madness||
SLPS_030.00|Ms. Pac-Man Maze Madness||ミズ・パックマン　メイズ・マッドネス
SLUS_010.18|Ms. Pac-Man Maze Madness||
SLUS_900.80|Ms. Pac-Man Maze Madness (Demo)||
SLES_038.70|Mundial 2002 Challenge||
SCES_024.03|Muppet Monster Adventure||
SCES_030.90|Muppet Monster Adventure||
SCES_030.91|Muppet Monster Adventure||
SCES_030.92|Muppet Monster Adventure||
SCES_030.93|Muppet Monster Adventure||
SLUS_012.38|Muppet Monster Adventure||
SCES_020.08|Muppet RaceMania||
SCES_024.83|Muppet RaceMania||
SCES_024.84|Muppet RaceMania||
SCES_024.85|Muppet RaceMania||
SCES_024.86|Muppet RaceMania||
SLUS_012.37|Muppet RaceMania||
SLPS_013.92|Murakoshi Seikai no Bakuchou Nihon Rettou||村越正海の爆釣日本列島
SLPS_022.79|Murakoshi Seikai no Bakuchou Nihon Rettou||村越正海の爆釣日本列島
SLPM_802.53|Murakoshi Seikai no Bakuchou Nihon Rettou (Taikenban)||村越正海の爆釣日本列島（体験版）
SLPS_028.90|Murakoshi Seikai no Bakuchou Nihon Rettou 2||村越正海の爆釣日本列島２
SLPS_019.88|Murakoshi Seikai no Bakuchou SeaBass Fishing (Disc 1)||村越正海の爆釣シーバス・フィッシング（ディスク１）
SLPS_019.89|Murakoshi Seikai no Bakuchou SeaBass Fishing (Disc 2)||村越正海の爆釣シーバス・フィッシング（ディスク２）
SLPS_003.75|Mushi no Idokoro||蟲の居所
SLPS_028.16|Mushitarou||むし太郎
SLES_022.24|Music 2000||
SLED_025.39|Music 2000 (Demo)||
SLES_013.56|Music: Music Creation for the PlayStation||
SLED_016.50|Music: Music Creation for the PlayStation (Demo)||
SLPM_867.90|Muteki-ou Tri-Zenon||無敵王トライゼノン
SLUS_015.12|My Disney Kitchen||
SLPS_009.96|My Dream: On Air ga Matenakute (Disc 1)||マイ・ドリーム　オンエアが待てなくて（ディスク１）
SLPS_009.97|My Dream: On Air ga Matenakute (Disc 2)||マイ・ドリーム　オンエアが待てなくて（ディスク２）
SLPS_022.13|My Garden||マイガーデン
SLPS_009.31|My Home Dream||マイホームドリーム
SLPS_910.85|My Home Dream||マイホームドリーム
SLPS_915.20|My Home Dream||マイホームドリーム
SLPS_024.70|My Home Dream 2: Niwatsuki Ikkodate de, Ikou!||マイ・ホーム・ドリーム２　～庭つき一戸建てで、いこう！～
SLPM_801.94|Myaon o Sagase||ミャオンをさがせ
SCUS_946.02|Myst||
SLES_002.18|Myst||
SLPS_000.24|Myst||ミスト
SLPS_029.24|Myst||ミスト
SLPS_910.23|Myst||ミスト
SLPS_911.23|Myst||ミスト
SLPM_861.47|Mystic Ark: Maboroshi Gekijou||ミスティック・アーク　～まぼろし劇場～
SLPM_803.92|Mystic Ark: Maboroshi Gekijou (Taikenban)||ミスティック・アーク　～まぼろし劇場～（体験版）
SLPS_015.62|Mystic Mind: Yureru Omoi (Disc 1)||ミスティックマインド　揺れる想い（ディスク１）
SLPS_015.63|Mystic Mind: Yureru Omoi (Disc 2)||ミスティックマインド　揺れる想い（ディスク２）
SLES_024.02|Mánager de Liga||
SLPS_012.81|Möbius Link 3D||メビウスリンク３Ｄ
SLPM_862.17|N Gauge Unten Kibun Game: Gatan Goton||Ｎゲージ運転気分ゲーム　～ガタンゴトン～
SLPM_867.66|N Gauge Unten Kibun Game: Gatan Goton||Ｎゲージ運転気分ゲーム　～ガタンゴトン～
SLES_020.86|N-Gen Racing||
SLUS_011.55|N-Gen Racing||
SLES_008.09|N2O||
SLUS_006.37|N2O: Nitrous Oxide||
SLES_021.91|NASCAR 2000||
SLUS_009.62|NASCAR 2000||
SLUS_012.63|NASCAR 2001||
SLES_007.65|NASCAR 98||
SLES_008.80|NASCAR 98||
SLES_009.05|NASCAR 98||
SLPS_012.95|NASCAR 98||ナスカー９８
SLUS_005.21|NASCAR 98||
SLUS_006.47|NASCAR 98 Collector's Edition||
SLES_014.47|NASCAR 99||
SLES_014.52|NASCAR 99||
SLES_014.53|NASCAR 99||
SLUS_007.40|NASCAR 99||
SLUS_008.83|NASCAR 99 Legacy||
SLUS_011.66|NASCAR Heat||
SLUS_003.74|NASCAR Racing||
SLPS_008.84|NASCAR Racing: Season 96||ナスカー・レーシング
SLUS_010.68|NASCAR Rumble||
SLUS_014.03|NASCAR Thunder 2002||
SLUS_015.02|NASCAR Thunder 2003||
SLUS_015.71|NASCAR Thunder 2004||
SLUS_804.73|NBA 2Ball (Demo)||
SLES_022.99|NBA Basketball 2000||
SLUS_009.26|NBA Basketball 2000||
SLES_010.03|NBA Fastbreak '98||
SLUS_004.92|NBA Fastbreak '98||
SLUS_003.29|NBA Hangtime||
SLES_033.62|NBA Hoopz||
SLUS_013.31|NBA Hoopz||
SLES_005.29|NBA Jam Extreme||
SLPS_006.99|NBA Jam Extreme||ＮＢＡ　ジャム　エクストリーム
SLUS_003.88|NBA Jam Extreme||
SLES_000.68|NBA Jam: Tournament Edition||
SLPS_001.99|NBA Jam: Tournament Edition||ＮＢＡジャム　トーナメント・エディション
SLUS_000.02|NBA Jam: Tournament Edition||
SLES_023.58|NBA Live 2000||
SLES_023.59|NBA Live 2000||
SLES_023.60|NBA Live 2000||
SLES_023.61|NBA Live 2000||
SLES_023.62|NBA Live 2000||
SLPS_026.03|NBA Live 2000||ＮＢＡライブ２０００
SLUS_009.98|NBA Live 2000||
SLES_031.28|NBA Live 2001||
SLES_031.29|NBA Live 2001||
SLES_031.30|NBA Live 2001||
SLES_031.31|NBA Live 2001||
SLES_031.32|NBA Live 2001||
SLUS_012.71|NBA Live 2001||
SLES_037.18|NBA Live 2002||
SLES_037.19|NBA Live 2002||
SLES_037.20|NBA Live 2002||
SLES_037.21|NBA Live 2002||
SLES_037.22|NBA Live 2002||
SLUS_014.16|NBA Live 2002||
SLES_039.68|NBA Live 2003||
SLES_039.69|NBA Live 2003||
SLES_039.70|NBA Live 2003||
SLES_039.71|NBA Live 2003||
SLES_039.82|NBA Live 2003||
SLUS_014.83|NBA Live 2003||
SLES_002.25|NBA Live 96||
SLPS_003.89|NBA Live 96||ＮＢＡライブ９６
SLUS_000.60|NBA Live 96||
SLES_005.17|NBA Live 97||
SLPS_007.36|NBA Live 97||ＮＢＡライブ９７
SLUS_002.67|NBA Live 97||
SLES_009.06|NBA Live 98||
SLES_009.51|NBA Live 98||
SLES_009.52|NBA Live 98||
SLPS_012.96|NBA Live 98||ＮＢＡライブ９８
SLUS_005.23|NBA Live 98||
SLPM_802.26|NBA Live 98 (Taikenban)||ＮＢＡライブ９８（体験版）
SLES_014.46|NBA Live 99||
SLES_014.54|NBA Live 99||
SLES_014.55|NBA Live 99||
SLES_014.56|NBA Live 99||
SLES_014.57|NBA Live 99||
SLPS_020.33|NBA Live 99||ＮＢＡライブ９９
SLUS_007.36|NBA Live 99||
SLPS_001.88|NBA Power Dunkers||ＮＢＡ　パワーダンカーズ
SLPM_860.11|NBA Power Dunkers 2||ＮＢＡ パワーダンカーズ２
SLPM_860.60|NBA Power Dunkers 3||ＮＢＡ パワーダンカーズ３
SLPM_861.76|NBA Power Dunkers 4||ＮＢＡ パワーダンカーズ４
SLPM_863.97|NBA Power Dunkers 5||ＮＢＡ パワーダンカーズ５
SLES_008.82|NBA Pro 98||
SLES_019.70|NBA Pro 99||
SCUS_945.00|NBA Shoot Out||
SCUS_945.52|NBA Shoot Out '97||
SCUS_945.61|NBA ShootOut 2000||
SCUS_945.81|NBA ShootOut 2001||
SCUS_945.82|NBA ShootOut 2001 (Demo)||
SCUS_946.41|NBA ShootOut 2002||
SCUS_946.60|NBA ShootOut 2002 (Demo)||
SCUS_946.73|NBA ShootOut 2003||
SCUS_946.91|NBA ShootOut 2004||
SCUS_941.71|NBA ShootOut 98||
SLES_023.36|NBA Showtime: NBA on NBC||
SLUS_009.48|NBA Showtime: NBA on NBC||
SLES_001.71|NBA in the Zone||
SLUS_000.48|NBA in the Zone||
SLUS_004.45|NBA in the Zone '98||
SLUS_007.91|NBA in the Zone '99||
SLES_005.60|NBA in the Zone 2||
SLUS_002.94|NBA in the Zone 2||
SLES_025.13|NBA in the Zone 2000||
SLUS_010.28|NBA in the Zone 2000||
SLUS_001.42|NCAA Basketball Final Four 97||
SCUS_945.62|NCAA Final Four 2000||
SCUS_943.91|NCAA Final Four 2000 (Demo)||
SCUS_945.79|NCAA Final Four 2001||
SCUS_942.64|NCAA Final Four 99||
SCUS_943.61|NCAA Final Four 99||
SLUS_009.32|NCAA Football 2000||
SLUS_012.19|NCAA Football 2001||
SLUS_005.14|NCAA Football 98||
SLUS_006.88|NCAA Football 99||
SCUS_945.09|NCAA Football GameBreaker||
SCUS_945.57|NCAA GameBreaker 2000||
SCUS_943.86|NCAA GameBreaker 2000 (Demo)||
SCUS_945.73|NCAA GameBreaker 2001||
SCUS_945.74|NCAA GameBreaker 2001 (Demo)||
SCUS_941.72|NCAA GameBreaker 98||
SCUS_942.46|NCAA GameBreaker 99||
SCUS_943.75|NCAA GameBreaker 99 (Demo)||
SLUS_010.23|NCAA March Madness 2000||
SLUS_013.20|NCAA March Madness 2001||
SLUS_008.05|NCAA March Madness 99||
SLUS_006.17|NFL Blitz||
SLES_023.35|NFL Blitz 2000||
SLUS_008.61|NFL Blitz 2000||
SLUS_011.46|NFL Blitz 2001||
SLUS_000.47|NFL Full Contact||
SCES_002.19|NFL GameDay||
SCUS_945.05|NFL GameDay||
SCUS_945.56|NFL GameDay 2000||
SCUS_943.85|NFL GameDay 2000 (Demo)||
SCUS_945.75|NFL GameDay 2001||
SCUS_945.76|NFL GameDay 2001 (Demo)||
SCUS_946.39|NFL GameDay 2002||
SCUS_946.65|NFL GameDay 2003||
SCUS_946.90|NFL GameDay 2004||
SCUS_946.95|NFL GameDay 2005||
SCUS_945.10|NFL GameDay 97||
SCUS_941.73|NFL GameDay 98||
SCUS_942.34|NFL GameDay 99||
SCUS_942.74|NFL GameDay 99||
SCUS_942.85|NFL GameDay 99 (Demo)||
SLES_004.49|NFL Quarterback Club 97||
SLUS_000.11|NFL Quarterback Club 97||
SCES_014.90|NFL Xtreme||
SCUS_942.45|NFL Xtreme||
SCUS_942.71|NFL Xtreme (Demo)||
SCUS_944.20|NFL Xtreme 2||
SCUS_943.83|NFL Xtreme 2 (Demo)||
SLES_022.25|NHL 2000||
SLES_022.26|NHL 2000||
SLES_022.27|NHL 2000||
SLUS_009.65|NHL 2000||
SLES_031.39|NHL 2001||
SLES_031.54|NHL 2001||
SLES_031.55|NHL 2001||
SLUS_012.64|NHL 2001||
SLES_004.92|NHL 97||
SLES_005.33|NHL 97||
SLPS_008.61|NHL 97||
SLUS_000.30|NHL 97||
SLES_005.12|NHL 98||
SLES_009.07|NHL 98||
SLUS_005.19|NHL 98||
SLES_014.45|NHL 99||
SLES_014.58|NHL 99||
SLUS_007.35|NHL 99||
SLES_025.14|NHL Blades of Steel 2000||
SLPM_861.93|NHL Blades of Steel 2000||ＮＨＬブレイズ・オブ・スティール２０００
SLUS_008.25|NHL Blades of Steel 2000||
SLES_006.24|NHL Breakaway 98||
SLUS_003.91|NHL Breakaway 98||
SLES_022.98|NHL Championship 2000||
SLUS_009.25|NHL Championship 2000||
SCES_002.20|NHL Face Off||
SCUS_945.04|NHL Face Off||
SCES_003.92|NHL Face Off '97||
SCUS_945.50|NHL Face Off '97||
SCES_024.51|NHL FaceOff 2000||
SCUS_945.58|NHL FaceOff 2000||
SCUS_943.87|NHL FaceOff 2000 (Demo)||
SCUS_945.77|NHL FaceOff 2001||
SCUS_945.78|NHL FaceOff 2001 (Demo)||
SCES_010.22|NHL FaceOff 98||
SCUS_941.74|NHL FaceOff 98||
SCES_017.36|NHL FaceOff 99||
SCUS_942.35|NHL FaceOff 99||
SCUS_943.72|NHL FaceOff 99 (Demo)||
SLUS_003.27|NHL Open Ice: 2 on 2 Challenge||
SIPS_600.18|NHL PowerRink '97||ＮＨＬパワーリンク＇９７
SLES_003.13|NHL Powerplay||
SLPS_005.95|NHL Powerplay '96||ＮＨＬパワープレイ’９６
SLUS_002.27|NHL Powerplay '96||
SLES_004.18|NHL Powerplay 98||
SLUS_005.28|NHL Powerplay 98||
SLES_027.94|NHL Rock the Rink||
SLUS_010.85|NHL Rock the Rink||
SLPM_866.09|NOëL 3: Mission on the Line (Disc 1)||ノエル３　－ＭＩＳＳＩＯＮ　ＯＮ　ＴＨＥ　ＬＩＮＥ－（ディスク１）
SLPS_018.95|NOëL 3: Mission on the Line (Disc 1)||ノエル３　－ＭＩＳＳＩＯＮ　ＯＮ　ＴＨＥ　ＬＩＮＥ－（ディスク１）
SLPM_866.10|NOëL 3: Mission on the Line (Disc 2)||ノエル３　－ＭＩＳＳＩＯＮ　ＯＮ　ＴＨＥ　ＬＩＮＥ－（ディスク２）
SLPS_018.96|NOëL 3: Mission on the Line (Disc 2)||ノエル３　－ＭＩＳＳＩＯＮ　ＯＮ　ＴＨＥ　ＬＩＮＥ－（ディスク２）
SLPM_866.11|NOëL 3: Mission on the Line (Disc 3)||ノエル３　－ＭＩＳＳＩＯＮ　ＯＮ　ＴＨＥ　ＬＩＮＥ－（ディスク３）
SLPS_018.97|NOëL 3: Mission on the Line (Disc 3)||ノエル３　－ＭＩＳＳＩＯＮ　ＯＮ　ＴＨＥ　ＬＩＮＥ－（ディスク３）
SLPS_011.93|NOëL: La Neige (Disc 1)||ノエル ～ラ・ネージュ～（ディスク１）
SLPS_011.90|NOëL: La Neige (Disc 1) (Special Edition)||ノエル ～ラ・ネージュ～（ディスク１）
SLPS_011.94|NOëL: La Neige (Disc 2)||ノエル ～ラ・ネージュ～（ディスク２）
SLPS_011.91|NOëL: La Neige (Disc 2) (Special Edition)||ノエル ～ラ・ネージュ～（ディスク２）
SLPS_011.95|NOëL: La Neige (Disc 3)||ノエル ～ラ・ネージュ～（ディスク３）
SLPS_011.92|NOëL: La Neige (Disc 3) (Special Edition)||ノエル ～ラ・ネージュ～（ディスク３）
SLPS_015.15|NOëL: La Neige Special||ノエル ～ラ・ネージュ～ スペシャル
SLPS_003.04|NOëL: Not Digital (Disc 1)||ノエル　－ＮＯＴ　ＤｉＧＩＴＡＬ－（ディスク１）
SLPS_003.16|NOëL: Not Digital (Disc 1)||ノエル　－ＮＯＴ　ＤｉＧＩＴＡＬ－（ディスク１）
SLPS_910.43|NOëL: Not Digital (Disc 1)||ノエル　－ＮＯＴ　ＤｉＧＩＴＡＬ－（ディスク１）
SLPS_003.05|NOëL: Not Digital (Disc 2)||ノエル　－ＮＯＴ　ＤｉＧＩＴＡＬ－（ディスク２）
SLPS_003.17|NOëL: Not Digital (Disc 2)||ノエル　－ＮＯＴ　ＤｉＧＩＴＡＬ－（ディスク２）
SLPS_910.44|NOëL: Not Digital (Disc 2)||ノエル　－ＮＯＴ　ＤｉＧＩＴＡＬ－（ディスク２）
SLES_009.99|Nagano Winter Olympics '98||
SLUS_005.91|Nagano Winter Olympics '98||
SLPS_006.92|Nage Libre: Rasen no Soukoku||ナージュ・リーブル 螺旋の相剋
SLPS_025.00|Nainai no Meitantei||ナイナイの迷探偵
SLPM_866.01|Najavu no Daibouken: My Favorite Namjatown||ナジャブの大冒険 ～Ｍｙ　Ｆａｖｏｒｉｔｅ　ＮＡＭＪＡＴＯＷＮ～
SLPS_016.25|Nakajima Miyuki: Namiromu||中島みゆき　「なみろむ」
SLPS_012.20|Namco Anthology 1|Namco|ナムコアンソロジー１
SLPS_012.21|Namco Anthology 2|Namco|ナムコアンソロジー２
SCED_007.89|Namco Demo (Demo)|Namco|
SLUS_900.08|Namco Demo CD|Namco|
SLPS_007.65|Namco Museum Encore Namco||ナムコミュージアム　アンコール
SLPS_010.50|Namco Museum Encore|Namco|ナムコミュージアム　アンコール
SLPS_911.63|Namco Museum Encore|Namco|ナムコミュージアム　アンコール
SCES_002.43|Namco Museum Vol. 1 Namco||
SLPS_001.07|Namco Museum Vol. 1|Namco|ナムコミュージアム　Ｖｏｌ．１
SLPS_911.58|Namco Museum Vol. 1|Namco|ナムコミュージアム　Ｖｏｌ．１
SLUS_002.15|Namco Museum Vol. 1|Namco|
SCES_002.67|Namco Museum Vol. 2|Namco|
SLPS_002.10|Namco Museum Vol. 2|Namco|ナムコミュージアム　Ｖｏｌ．２
SLPS_911.59|Namco Museum Vol. 2|Namco|ナムコミュージアム　Ｖｏｌ．２
SLUS_002.16|Namco Museum Vol. 2|Namco|
SLPS_002.09|Namco Museum Vol. 2 (Gentei)|Namco|ナムコミュージアム　Ｖｏｌ．２
SCES_002.68|Namco Museum Vol. 3|Namco|
SLPS_003.90|Namco Museum Vol. 3|Namco|ナムコミュージアム　Ｖｏｌ．３
SLPS_911.60|Namco Museum Vol. 3|Namco|ナムコミュージアム　Ｖｏｌ．３
SLUS_003.98|Namco Museum Vol. 3|Namco|
SCES_007.01|Namco Museum Vol. 4|Namco|
SLPS_005.40|Namco Museum Vol. 4|Namco|ナムコミュージアム　ＶＯＬ．４
SLPS_911.61|Namco Museum Vol. 4|Namco|ナムコミュージアム　ＶＯＬ．４
SLUS_004.16|Namco Museum Vol. 4|Namco|
SCES_007.02|Namco Museum Vol. 5|Namco|
SLPS_007.05|Namco Museum Vol. 5|Namco|ナムコミュージアム　ＶＯＬ．５
SLPS_911.62|Namco Museum Vol. 5|Namco|ナムコミュージアム　ＶＯＬ．５
SLUS_004.17|Namco Museum Vol. 5|Namco|
SCES_002.66|Namco Soccer Prime Goal|Namco|
SCES_002.63|Namco Tennis Smash Court|Namco|
SLPM_861.79|Nanatsu no Hikan (Disc 1)||七つの秘館（ディスク１）
SLPS_004.10|Nanatsu no Hikan (Disc 1)||七つの秘館（ディスク１）
SLPM_861.80|Nanatsu no Hikan (Disc 2)||七つの秘館（ディスク２）
SLPS_004.11|Nanatsu no Hikan (Disc 2)||七つの秘館（ディスク２）
SLPM_861.81|Nanatsu no Hikan (Disc 3)||七つの秘館（ディスク３）
SLPS_004.12|Nanatsu no Hikan (Disc 3)||七つの秘館（ディスク３）
SLPS_030.49|Naniwa Kinyuudou: Aoki Yuji no Seken Munazanyou||ナニワ金融道　～青木雄二の世間胸算用～
SLPS_012.06|Naniwa Wangan Battle: Tarzan Yamada & AutoSelect Sawa Kyoudai||大阪湾岸バトル　ターザン山田＆オートセレクト澤兄弟
SLPS_025.35|Naniwa Wangan Battle: Tarzan Yamada & AutoSelect Sawa Kyoudai||大阪湾岸バトル　ターザン山田＆オートセレクト澤兄弟
SLPM_803.01|Naniwa Wangan Battle: Tarzan Yamada & AutoSelect Sawa Kyoudai (Taikenban)||大阪湾岸バトル　～ターザン山田＆オートセレクト澤兄弟～（体験版）
SLPS_007.68|Naniwa no Akindo: Futte Nanbo no Saikoro Jinsei||浪速の商人　～振ってナンボのサイコロ人生～
SLES_003.29|NanoTek Warrior||
SLPS_008.35|NanoTek Warrior||ナノテック・ウォリアー
SLUS_003.25|NanoTek Warrior||
SLPS_035.53|Naruto: Shinobi no Sato no Jintori Gassen||ＮＡＲＵＴＯ－ナルト－ 忍の里の陣取り合戦
SLPS_026.67|Natsuiro Kenjutsu Komachi||夏色剣術小町
SLPS_035.65|Natsuiro Kenjutsu Komachi||夏色剣術小町
SLPS_026.65|Natsuiro Kenjutsu Komachi (Disc 1) (Shokai Gentei)||夏色剣術小町（ディスク１）
SLPS_026.66|Natsuiro Kenjutsu Komachi (Disc 2) (Special Disc) (Shokai Gentei)||夏色剣術小町（ディスク２）
SLPS_015.30|Navit||ナビット
SLPS_025.25|Navit||ナビット
PCPX_961.29|Navit (Taikenban)||ナビット（体験版）
SLPS_004.47|Nazoou||謎王
SLES_034.95|Necronomicon: Das Mysterium der Dammerung (Disc 1)||
SLES_134.95|Necronomicon: Das Mysterium der Dammerung (Disc 2)||
SLES_034.97|Necronomicon: El Alba de las Tinieblas (Disc 1)||
SLES_134.97|Necronomicon: El Alba de las Tinieblas (Disc 2)||
SLES_034.96|Necronomicon: Ispirato alle opere di H.P. Lovecraft (Disc 1)||
SLES_134.96|Necronomicon: Ispirato alle opere di H.P. Lovecraft (Disc 2)||
SLES_034.94|Necronomicon: L'Aube des Ténèbres (Disc 1)||
SLES_134.94|Necronomicon: L'Aube des Ténèbres (Disc 2)||
SLES_034.98|Necronomicon: O Despertar das Trevas (Disc 1)||
SLES_134.98|Necronomicon: O Despertar das Trevas (Disc 2)||
SLES_034.93|Necronomicon: The Dawning of Darkness (Disc 1)||
SLES_134.93|Necronomicon: The Dawning of Darkness (Disc 2)||
SLPS_012.45|Nectaris||ネクタリス
SLUS_007.64|Nectaris: Military Madness||
SLES_006.58|Need for Speed II||
SLUS_002.76|Need for Speed II||
SLES_011.54|Need for Speed III: Hot Pursuit||
SLUS_006.20|Need for Speed III: Hot Pursuit||
SLES_018.76|Need for Speed: High Stakes||
SLUS_008.26|Need for Speed: High Stakes||
SLES_026.89|Need for Speed: Porsche 2000||
SLES_027.00|Need for Speed: Porsche 2000||
SLUS_011.04|Need for Speed: Porsche Unleashed||
SLES_017.88|Need for Speed: Road Challenge||
SLES_017.89|Need for Speed: Road Challenge||
SLES_017.90|Need for Speed: Road Challenge||
SLUS_005.90|Need for Speed: V-Rally||
SLUS_010.03|Need for Speed: V-Rally 2||
SLPS_000.06|Nekketsu Oyako||熱血親子
SLPS_015.43|Neko Zamurai (Disc 1)||猫侍（ディスク１）
SLPS_015.44|Neko Zamurai (Disc 2)||猫侍（ディスク２）
SLPS_015.45|Neko Zamurai (Disc 3)||猫侍（ディスク３）
SLPS_016.16|Neko na Ka-N-Ke-I||猫なカ・ン・ケ・イ
SLPS_025.97|Nemuru Mayu||眠ル繭
SLPS_012.12|Neo Atlas||ネオアトラス
SLPS_911.17|Neo Atlas||ネオアトラス
SLPM_802.30|Neo Atlas (Taikenban)||ネオアトラス（体験版）
SLPS_022.38|Neo Atlas II||ネオアトラス２
SLPS_029.74|Neo Atlas II||ネオアトラス２
SLPM_802.82|Neo Atlas: Famitsuu no Nazo||ファミ通の謎
SLPS_003.23|Neo Planet||ネオ・プラネット
PAPX_900.51|Neon Genesis Evangelion: Original Screen Saver||ＮＥＯＮ　ＧＥＮＥＳＩＳ　ＥＶＡＮＧＥＬＩＯＮ　鋼鉄のガールフレンド
SLPS_008.23|Neorude (Disc 1) (Game Disc)||ネオリュード（ディスク１）
SLPS_008.24|Neorude (Disc 2) (Special Disc)||ネオリュード（ディスク２）
SLPS_011.12|Neorude 2||ネオリュード２
SLPS_024.17|Neorude: Kizamareta Monshou||ネオリュード　～刻まれた紋章～
SLPS_009.13|Nessa no Hoshi (Disc 1)||熱砂の惑星（ディスク１）
SLPS_009.14|Nessa no Hoshi (Disc 2)||熱砂の惑星（ディスク２）
SCED_039.13|Nestlé Disney Demo (Demo)||
SLED_013.40|Net Yaroze (Demo)||
SLPM_861.63|Netz Magazine: Altezza||ネッツマガジン アルテッツァ
SLPM_803.77|Netz Magazine: Vitz||ネッツマガジン　ＶＩＴＺ
SLPS_025.59|Neues||ノイエス
SLES_036.59|Newcomer: Be a Popstar||
SLES_009.33|Newman Haas Racing||
SLUS_006.02|Newman Haas Racing||
SLED_011.96|Newman Haas Racing (Demo)||
SLED_020.22|Next Demo 4||
SLED_020.76|Next Demo 5||
SLED_020.41|Next Demo 6||
SLED_021.56|Next Demo 7||
SLED_021.57|Next Demo 9||
SLPS_008.59|Next King: Koi no Sennen Oukoku||ネクスト・キング　～恋の千年王国～
SLPS_008.58|Next King: Koi no Sennen Oukoku (Genteiban)||ネクストキング　恋の千年王国
SLED_017.50|Next Station 1||
SLED_018.73|Next Station 2||
SLED_019.53|Next Station 3||
SLED_015.12|Next Wave Herbst '98||
SLPS_007.21|Nibiiro no Koubou: 32-nin no Senshachou||鈍色の攻防　～３２人の戦車長～
SLPS_023.21|Nibiiro no Koubou: 32-nin no Senshachou||鈍色の攻防　～３２人の戦車長～
SLES_029.60|Nice Cats||
SLPS_033.51|Nice Price Series Vol. 01: Nihon Pro Mahjong Renmei Kounin: Honkaku Pro Mahjong||ＮＩＣＥ　ＰＲＩＣＥ　シリーズ　Ｖｏｌ．０１　日本プロ麻雀連盟公認　本格プロ麻雀
SLPS_033.52|Nice Price Series Vol. 02: Honkaku Shougi Shinan||ＮＩＣＥ　ＰＲＩＣＥ　シリーズ　Ｖｏｌ．０２　本格将棋指南
SLPS_033.69|Nice Price Series Vol. 03: Hanafuda & Card Game||ＮＩＣＥ　ＰＲＩＣＥ　シリーズ　Ｖｏｌ．０３　花札＆カードゲーム
SLPS_033.68|Nice Price Series Vol. 04: Billiard King||ＮＩＣＥ　ＰＲＩＣＥ　シリーズ　Ｖｏｌ．０４　ビリヤード・キング
SLPS_033.83|Nice Price Series Vol. 05: Chess & Reversi||ＮＩＣＥ　ＰＲＩＣＥ　シリーズ　Ｖｏｌ．０５　チェス＆リバーシ
SLPS_033.84|Nice Price Series Vol. 06: Quiz de Battle||ＮＩＣＥ　ＰＲＩＣＥ　シリーズ　Ｖｏｌ．０６　クイズＤＥバトル
SLPS_033.98|Nice Price Series Vol. 07: World Tournament Bowling||ＮＩＣＥ　ＰＲＩＣＥ　シリーズ　Ｖｏｌ．０７　ワールドトーナメントボウリング
SLPS_033.99|Nice Price Series Vol. 08: Elemental Pinball||ＮＩＣＥ　ＰＲＩＣＥ　シリーズ　Ｖｏｌ．０８　エレメンタルピンボール
SLPS_034.09|Nice Price Series Vol. 09: Paradise Casino||ＮＩＣＥ　ＰＲＩＣＥ　シリーズ　Ｖｏｌ．０９　パラダイスカジノ
SLPS_034.10|Nice Price Series Vol. 10: Igo o Utou!||ＮＩＣＥ　ＰＲＩＣＥ　シリーズ　Ｖｏｌ．１０　囲碁を打とう！
SLPS_034.31|Nice Price Series Vol. 11: Nikakudori Deluxe||ＮＩＣＥ　ＰＲＩＣＥ　シリーズ　Ｖｏｌ．１１　二角取り　デラックス
SLPS_001.84|Nichibutsu Arcade Classics||ニチブツ　アーケード　クラシックス
SLPS_000.38|Nichibutsu Mahjong: Joshikou Meijinsen||ニチブツ・マージャン　～女子高名人戦～
SLES_041.73|Nick Jr. Dora the Explorer: Barnyard Buddies||
SLUS_015.76|Nick Jr. Dora the Explorer: Barnyard Buddies||
SLES_033.43|Nickelodeon Les Razmoket à Paris: Le Film||
SLES_035.45|Nickelodeon Les Razmoket: 100% Angelica||
SLES_016.69|Nickelodeon Les Razmoket: A la Recherche de Reptar||
SLES_025.24|Nickelodeon Les Razmoket: Font leur Cinéma||
SLES_037.32|Nickelodeon Rocket Power: Sauvetage Extrême||
SLES_037.02|Nickelodeon Rocket Power: Team Rocket Rescue||
SLUS_013.53|Nickelodeon Rocket Power: Team Rocket Rescue||
SLES_033.44|Nickelodeon Rugrats en París: La película||
SLES_033.42|Nickelodeon Rugrats in Paris: The Movie||
SLUS_011.16|Nickelodeon Rugrats in Paris: The Movie||
SLES_016.71|Nickelodeon Rugrats: Alla Ricerca di Reptar||
SLES_016.70|Nickelodeon Rugrats: Auf der Suche nach Reptar||
SLES_016.72|Nickelodeon Rugrats: De Speurtocht naar Reptar||
SLES_029.11|Nickelodeon Rugrats: Excursión al estudio||
SLES_020.49|Nickelodeon Rugrats: La Búsqueda de Reptar||
SLES_015.38|Nickelodeon Rugrats: Search for Reptar||
SLUS_006.50|Nickelodeon Rugrats: Search for Reptar||
SLED_017.55|Nickelodeon Rugrats: Search for Reptar (Demo)||
SLUS_806.50|Nickelodeon Rugrats: Search for Reptar (Trade Demo)||
SLES_025.23|Nickelodeon Rugrats: Studio Tour||
SLES_025.25|Nickelodeon Rugrats: Studio Tour||
SLES_029.12|Nickelodeon Rugrats: Studio Tour||
SLUS_008.80|Nickelodeon Rugrats: Studio Tour||
SLES_035.44|Nickelodeon Rugrats: Totally Angelica||
SLUS_013.64|Nickelodeon Rugrats: Totally Angelica||
SLES_037.04|Nickelodeon SpongeBob SquarePants: SuperSponge||
SLUS_013.52|Nickelodeon SpongeBob SquarePants: SuperSponge||
SLES_031.53|Nicktoons Racing||
SLUS_010.47|Nicktoons Racing||
SLPS_001.11|Night Head: The Labyrinth||ナイトヘッド −ザ・ラビリンス−
SLPM_870.48|Night Raid||ナイト・レイド
SLPS_000.50|Night Striker||ナイトストライカー
SCES_005.82|Nightmare Creatures||
SCES_006.84|Nightmare Creatures||
SIPS_600.27|Nightmare Creatures||ナイトメア・クリーチャーズ
SLUS_005.82|Nightmare Creatures||
SLUS_900.11|Nightmare Creatures (Demo)||
PCPX_961.01|Nightmare Creatures (Taikenban)||ナイトメア・クリーチャーズ（体験版）
SLES_027.51|Nightmare Creatures II||
SLUS_011.12|Nightmare Creatures II||
SLPS_010.45|Nightmare Project: Yakata (Disc 1)||ナイトメア・プロジェクト　ＹＡＫＡＴＡ（ディスク１）
SLPS_010.46|Nightmare Project: Yakata (Disc 2)||ナイトメア・プロジェクト　ＹＡＫＡＴＡ（ディスク２）
SLPS_010.47|Nightmare Project: Yakata (Disc 3)||ナイトメア・プロジェクト　ＹＡＫＡＴＡ（ディスク３）
SLPS_005.61|Nightruth: Explanation of the Paranormal: 'Yami no Tobira'||ナイトゥルース Ｅｘｐｌａｎａｔｉｏｎ ｏｆ ｔｈｅ ｐａｒａｎｏｒｍａｌ “闇の扉”
SLPS_006.58|Nihon Pro Golf Kyoukai Kanshuu: Double Eagle||日本プロゴルフ協会監修　～ダブルイーグル～
SLPS_016.67|Nihon Pro Golf Kyoukai Kanshuu: Double Eagle||日本プロゴルフ協会監修　～ダブルイーグル～
SLPS_027.96|Nihon Pro Golf Kyoukai Kanshuu: Double Eagle||日本プロゴルフ協会監修　～ダブルイーグル～
SLPM_800.86|Nihon Pro Golf Kyoukai Kanshuu: Double Eagle (Taikenban)||日本プロゴルフ協会監修　～ダブルイーグル～（体験版）
SLPS_007.93|Nihon Pro Mahjong Renmei Kounin: Doujou Yaburi||日本プロ麻雀連盟公認　道場破り
SLPS_024.84|Nihon Pro Mahjong Renmei Kounin: Doujou Yaburi 2||日本プロ麻雀連盟公認　道場破り　２
SLPS_031.28|Nihon Pro Mahjong Renmei Kounin: Doujou Yaburi 2||日本プロ麻雀連盟公認　道場破り　２
SLPS_016.53|Nihon Pro Mahjong Renmei Kounin: Honkaku Pro Mahjong: Shin Tetsuman||日本プロ麻雀連盟公認　本格プロ麻雀　真・徹萬
SLPS_028.02|Nihon Pro Mahjong Renmei Kounin: Honkaku Pro Mahjong: Shin Tetsuman||日本プロ麻雀連盟公認　本格プロ麻雀　真・徹萬
SLPS_018.26|Nihon Pro Mahjong Renmei Kounin: Tehodoki Mahjong Nyuumon-hen||手ほどき麻雀 入門編 日本プロ麻雀連盟公認
SLPS_028.53|Nihon Pro Mahjong Renmei Kounin: Tehodoki Mahjong Nyuumon-hen||手ほどき麻雀 入門編 日本プロ麻雀連盟公認
SLPM_865.75|Nihon Sumou Kyoukai Kounin: Nihon Oozumou||日本相撲協會公認　～日本大相撲～
SLPM_870.39|Nijiiro Dodgeball: Otome-tachi no Seishun||虹色ドッジボール 乙女たちの青春
SLPS_015.06|Nijiiro Twinkle: Guru Guru Daisakusen||にじいろトゥインクル　ぐるぐる大作戦
SLPS_028.54|Ningyo no Rakuin||人魚の烙印
SLPM_800.74|Ninja Jajamaru-kun: Onigiri Ninpouchou||忍者じゃじゃ丸くん　鬼斬忍法帖
SLPS_004.94|Ninja Jajamaru-kun: Onigiri Ninpouchou||忍者じゃじゃ丸くん　鬼斬忍法帖
SLES_007.57|Ninja: L'Ombre des Ténèbres||
SLES_007.56|Ninja: Shadow of Darkness||
SLES_007.58|Ninja: Shadow of Darkness||
SLES_015.54|Ninja: Shadow of Darkness||
SLUS_004.35|Ninja: Shadow of Darkness||
SLED_014.13|Ninja: Shadow of Darkness (Demo)||
SLED_014.14|Ninja: Shadow of Darkness (Demo)||
SLPS_001.72|Ninkuu||忍空
SLPS_034.93|Ninpuu Sentai Hurricanger||忍風戦隊ハリケンジャー
SLPS_017.57|Ninteiou: Zen Nihon Tsume Shougi Renmei Kaichou Okada Toshi no Tsume Shougi Kyoushitsu||認定王　全日本詰将棋連盟会長　岡田敏の詰将棋教室
SLPM_869.17|Nippon Ichi Mahjong: Souryuu||日本一麻雀　～創龍～
SLPM_800.03|Nise Flopon-kun P! Famitsuu Nottori Version||にせフロポン君Ｐ！～ファミ通のっとりバージョン～
SLPS_021.75|Nishijin Pachinko Tengoku EX||西陣パチンコ天国ＥＸ
SLPS_006.14|Nishijin Pachinko Tengoku Vol. 1||西陣パチンコ天国　Ｖｏｌ．１
SLPS_008.86|Nishijin Pachinko Tengoku Vol. 2||西陣パチンコ天国　Ｖｏｌ．２
SLPS_017.61|Nishijin Pachinko Tengoku Vol. 3||西陣パチンコ天国　Ｖｏｌ．３
SLPS_032.68|Nishijin Pachinko Tettei Kouryaku: CR Hanaman Sokuhou & CR Obake Land||西陣パチンコ徹底攻略　ＣＲ花満　速報＆ＣＲおばけらんど
SLPM_801.60|Nissan Presents: Over Drivin': Skyline Memorial||オーバードライビン　スカイラインメモリアル
SLPS_010.24|Nissan Presents: Over Drivin': Skyline Memorial||オーバードライビン　スカイラインメモリアル
SLUS_010.00|No Fear Downhill Mountain Bike Racing||
SLES_008.49|No Fear Downhill Mountain Biking||
SLED_024.50|No Fear Downhill Mountain Biking (Demo)||
SLES_013.54|No One Can Stop Mr. Domino|Acclaim Entertainment|
SLUS_008.04|No One Can Stop Mr. Domino|Acclaim Entertainment|
SLUS_808.04|No One Can Stop Mr. Domino (Trade Demo)||
SLPS_004.93|No-appointment Gals Olympos: Apo Nashi Gals Olympos (Shokai Gentei)||アポなしギャルズ お・り・ん・ぽ・す♥
SLPS_008.62|Nobunaga Hiroku: Geten no Yume||信長秘録　下天の夢
SLPS_003.37|Nobunaga Shippuuki: Kirameki||信長疾風記　～煌～
SLPM_861.74|Nobunaga no Yabou: Bushou Fuuunroku||信長の野望　～武将風雲録～
SLPM_866.04|Nobunaga no Yabou: Bushou Fuuunroku||信長の野望　～武将風雲録～
SLPM_869.92|Nobunaga no Yabou: Haouden||信長の野望・覇王伝
SLPS_001.06|Nobunaga no Yabou: Haouden||信長の野望・覇王伝
SLPS_910.22|Nobunaga no Yabou: Haouden||信長の野望・覇王伝
SLPM_863.00|Nobunaga no Yabou: Reppuuden||信長の野望　烈風伝
SLPM_864.83|Nobunaga no Yabou: Reppuuden with Power-Up Kit||信長の野望　烈風伝　ｗｉｔｈ　パワーアップキット
SLPS_004.23|Nobunaga no Yabou: Returns||信長の野望　リターンズ
SLPS_012.47|Nobunaga no Yabou: Sengoku Gunyuuden||信長の野望・戦国群雄伝
SLPM_863.76|Nobunaga no Yabou: Shouseiroku||信長の野望・将星録
SLPS_011.15|Nobunaga no Yabou: Shouseiroku||信長の野望・将星録
SLPM_861.94|Nobunaga no Yabou: Shouseiroku with Power-Up Kit||信長の野望・将星録　ｗｉｔｈ　パワーアップキット
SLPS_003.19|Nobunaga no Yabou: Tenshouki||信長の野望・天翔記
SLPS_009.80|Nobunaga no Yabou: Tenshouki with Power-Up Kit||信長の野望・天翔記　ｗｉｔｈ　パワーアップキット
SLPM_866.05|Nobunaga no Yabou: Zenkokuban||信長の野望・全国版
SLPS_012.10|Nobunaga no Yabou: Zenkokuban||信長の野望・全国版
SLES_028.78|Noddy's Magic Adventure||
SLES_035.29|Noddy: Una Aventura Mágica||
SLPM_860.63|Noon||ヌーン
SLUS_004.66|Norse by Norsewest: The Return of the Lost Vikings||
SLPS_002.74|Not Treasure Hunter||ノット トレジャー ハンター
SCES_000.11|Novastorm (Disc 1)||
SCUS_944.04|Novastorm (Disc 1)||
SLPS_003.14|Novastorm (Disc 1)||ノバストーム（ディスク１）
SCES_100.11|Novastorm (Disc 2)||
SCUS_944.07|Novastorm (Disc 2)||
SLPS_003.15|Novastorm (Disc 2)||ノバストーム（ディスク２）
SLPS_020.09|Novels: Game Center Arashi R||ノベルズ　～ゲームセンターあらしＲ～
SLPS_002.94|NuPa: Numeric Paint Puzzle||ＮｕＰａ～ぬうぱ～
SLES_009.19|Nuclear Strike||
SLES_009.20|Nuclear Strike||
SLES_009.21|Nuclear Strike||
SLUS_005.18|Nuclear Strike||
SLUS_805.18|Nuclear Strike (Demo)||
SLUS_900.06|Nuclear Strike (Demo)||
SLPM_868.80|Nukumori no Naka de: In the Warmth||ぬくもりの中で
SLPS_019.39|Nurse Story||ナース物語
SLPS_004.42|Nyan to Wonderful||にゃんとワンダフル
SLPS_910.47|Nyan to Wonderful||にゃんとワンダフル
SLES_013.91|O.D.T.||
SLES_014.09|O.D.T.||
SLES_014.10|O.D.T.||
SLES_014.11|O.D.T.||
SLES_014.12|O.D.T.||
SLUS_006.98|O.D.T.||
SLED_015.74|O.D.T. (Demo)||
SLED_015.75|O.D.T. (Demo)||
SLUS_900.43|O.D.T. (Demo)||
SCED_028.51|OPSM Best Ever Ever Games Demo (Demo)||
SCED_032.39|OPSM Best PS One Games Ever||
SCED_024.92|OPSM Best Racing Game Ever||
SLPS_018.99|Oasis Road||オアシスロード
SLPM_866.81|Ocha no Ma Battle||お茶の間バトル
SLPM_863.37|Oda Nobunaga Den||織田信長伝
SLPS_015.95|Oda Nobunaga Den||織田信長伝
SLES_014.80|Oddworld: Abe's Exoddus (Disc 1)||
SLES_015.03|Oddworld: Abe's Exoddus (Disc 1)||
SLES_015.04|Oddworld: Abe's Exoddus (Disc 1)||
SLES_015.05|Oddworld: Abe's Exoddus (Disc 1)||
SLUS_007.10|Oddworld: Abe's Exoddus (Disc 1)||
SLES_114.80|Oddworld: Abe's Exoddus (Disc 2)||
SLES_115.03|Oddworld: Abe's Exoddus (Disc 2)||
SLES_115.04|Oddworld: Abe's Exoddus (Disc 2)||
SLES_115.05|Oddworld: Abe's Exoddus (Disc 2)||
SLUS_007.31|Oddworld: Abe's Exoddus (Disc 2)||
SLED_016.08|Oddworld: Abe's Exoddus + Duke Nukem: Time To Kill + B-Movie (Demo)||
SLED_016.55|Oddworld: Abe's Exoddus + Duke Nukem: Time to Kill + Duke Nukem: 3D||
SLES_006.64|Oddworld: Abe's Oddysee||
SLES_008.39|Oddworld: Abe's Oddysee||
SLES_008.40|Oddworld: Abe's Oddysee||
SLES_008.41|Oddworld: Abe's Oddysee||
SLUS_001.90|Oddworld: Abe's Oddysee||
SLED_007.25|Oddworld: Abe's Oddysee (Demo)||
SLUS_900.04|Oddworld: Abe's Oddysee (Demo)||
SLES_015.02|Oddworld: L'Exode d'Abe (Disc 1)||
SLES_115.02|Oddworld: L'Exode d'Abe (Disc 2)||
SLES_008.38|Oddworld: L'Odyssée d'Abe||
SLPM_800.75|Odo Odo Oddity||おどおどおっでぃ
SLPS_007.54|Odo Odo Oddity||おどおどおっでぃ
SLES_000.47|Off-World Interceptor Extreme||
SLPS_001.22|Off-World Interceptor Extreme||オフワールド・インターセプター　エクストリーム
SLUS_000.20|Off-World Interceptor Extreme||
SCZS_941.06|Official Fan Book: Circadia: Special CD-ROM||
SCED_033.75|Official PlayStation Magazine Best Games Ever 2000||
SCED_021.22|Official PlayStation Magazine Platinum Special Demo||
SCUS_941.89|Official U.S. PlayStation Magazine Demo Disc 01||
SCUS_941.98|Official U.S. PlayStation Magazine Demo Disc 02||
SCUS_942.10|Official U.S. PlayStation Magazine Demo Disc 03||
SCUS_942.11|Official U.S. PlayStation Magazine Demo Disc 04||
SCUS_942.12|Official U.S. PlayStation Magazine Demo Disc 05||
SCUS_942.13|Official U.S. PlayStation Magazine Demo Disc 06||
SCUS_942.14|Official U.S. PlayStation Magazine Demo Disc 07||
SCUS_942.15|Official U.S. PlayStation Magazine Demo Disc 08||
SCUS_942.16|Official U.S. PlayStation Magazine Demo Disc 09||
SCUS_942.17|Official U.S. PlayStation Magazine Demo Disc 10||
SCUS_942.18|Official U.S. PlayStation Magazine Demo Disc 11||
SCUS_942.19|Official U.S. PlayStation Magazine Demo Disc 12||
SCUS_942.75|Official U.S. PlayStation Magazine Demo Disc 13||
SCUS_942.76|Official U.S. PlayStation Magazine Demo Disc 14||
SCUS_942.77|Official U.S. PlayStation Magazine Demo Disc 15||
SCUS_942.78|Official U.S. PlayStation Magazine Demo Disc 16||
SCUS_942.79|Official U.S. PlayStation Magazine Demo Disc 17||
SCUS_942.80|Official U.S. PlayStation Magazine Demo Disc 18||
SCUS_942.81|Official U.S. PlayStation Magazine Demo Disc 19||
SCUS_942.82|Official U.S. PlayStation Magazine Demo Disc 20||
SCUS_944.29|Official U.S. PlayStation Magazine Demo Disc 21||
SCUS_944.30|Official U.S. PlayStation Magazine Demo Disc 22||
SCUS_944.31|Official U.S. PlayStation Magazine Demo Disc 23||
SCUS_944.32|Official U.S. PlayStation Magazine Demo Disc 24||
SCUS_944.33|Official U.S. PlayStation Magazine Demo Disc 25||
SCUS_944.34|Official U.S. PlayStation Magazine Demo Disc 26||
SCUS_944.35|Official U.S. PlayStation Magazine Demo Disc 27||
SCUS_944.36|Official U.S. PlayStation Magazine Demo Disc 28||
SCUS_944.37|Official U.S. PlayStation Magazine Demo Disc 29||
SCUS_944.38|Official U.S. PlayStation Magazine Demo Disc 30||
SCUS_944.99|Official U.S. PlayStation Magazine Demo Disc 31||
SCUS_945.83|Official U.S. PlayStation Magazine Demo Disc 32||
SCUS_945.91|Official U.S. PlayStation Magazine Demo Disc 33||
SCUS_945.93|Official U.S. PlayStation Magazine Demo Disc 34||
SCUS_945.96|Official U.S. PlayStation Magazine Demo Disc 35||
SCUS_945.99|Official U.S. PlayStation Magazine Demo Disc 36||
SCUS_946.14|Official U.S. PlayStation Magazine Demo Disc 37||
SCUS_946.17|Official U.S. PlayStation Magazine Demo Disc 38||
SCUS_946.22|Official U.S. PlayStation Magazine Demo Disc 39||
SCUS_946.28|Official U.S. PlayStation Magazine Demo Disc 40||
SCUS_946.30|Official U.S. PlayStation Magazine Demo Disc 41||
SCUS_946.31|Official U.S. PlayStation Magazine Demo Disc 42||
SCUS_946.34|Official U.S. PlayStation Magazine Demo Disc 43||
SCUS_946.37|Official U.S. PlayStation Magazine Demo Disc 44||
SCUS_946.45|Official U.S. PlayStation Magazine Demo Disc 45||
SCUS_946.49|Official U.S. PlayStation Magazine Demo Disc 46||
SCUS_946.52|Official U.S. PlayStation Magazine Demo Disc 47||
SCUS_946.55|Official U.S. PlayStation Magazine Demo Disc 48||
SCUS_946.58|Official U.S. PlayStation Magazine Demo Disc 50||
SCUS_946.62|Official U.S. PlayStation Magazine Demo Disc 52||
SCUS_946.64|Official U.S. PlayStation Magazine Demo Disc 54||
SCED_034.08|Official UK PlayStation Best Games Ever!||
PDPX_990.05|Official Yarudora Fan Book: Double Cast: CD-ROM Special Data-shuu||オフィシャルやるドラファンブック ダブルキャスト
SCZS_941.01|Official Yarudora Fan Book: Double Cast: CD-ROM Special Data-shuu||
SCZS_941.02|Official Yarudora Fan Book: Kisetsu o Dakishimete||
SCZS_941.03|Official Yarudora Fan Book: Sampaguita||
SCZS_941.04|Official Yarudora Fan Book: Yukiwari no Hana: CD-ROM Special Data-shuu||
SLUS_004.67|Ogre Battle: Limited Edition||
SLPS_027.64|Oh No!||オーノー！
SLPS_026.80|Oh! Bakyuuun||オーバキューン
SLPS_000.93|Oh-chan no Oekaki Logic||おーちゃんのお絵かきロジック
SLPS_015.68|Oh-chan no Oekaki Logic||おーちゃんのお絵かきロジック
SLPS_031.16|Oh-chan no Oekaki Logic||おーちゃんのお絵かきロジック
SLPS_003.45|Oh-chan no Oekaki Logic 2||おーちゃんのお絵かきロジック２
SLPS_021.45|Oh-chan no Oekaki Logic 2||おーちゃんのお絵かきロジック２
SLPS_031.17|Oh-chan no Oekaki Logic 2||おーちゃんのお絵かきロジック２
SLPS_031.34|Oh-chan no Oekaki Logic 3||おーちゃんのお絵かきロジック３
SLPM_866.03|Oha Suta Dance Dance Revolution||おはスタ　ダンス　ダンス　レボリューション
SLPS_034.97|Oja Majo DoReMi Dokkan! Nijiiro ParaDice||おジャ魔女どれみドッカ～ン！　にじいろパラダイス
SLPS_014.95|Ojousama Express (Disc 1)||お嬢様特急（ディスク１）
SLPS_014.96|Ojousama Express (Disc 2)||お嬢様特急（ディスク２）
SLPM_802.55|Ojousama Express (Taikenban)||お嬢様特急（体験版）
SLPS_015.24|Okappari-ou||陸釣王
SLPS_013.86|Olympia, Takasago: Virtua Pachi-Slot III||オリンピア・高砂　バーチャ・パチスロⅢ
SLPS_007.14|Olympia, Yamasa: Virtua Pachi-Slot II: Jissen! Bishoujo Kouryakuhou||オリンピア・山佐　バーチャパチスロⅡ　～実戦！美少女攻略法～
SLES_001.10|Olympic Games||
SLES_001.13|Olympic Soccer||
SLPS_005.23|Olympic Soccer||オリンピックサッカー
SLUS_001.56|Olympic Soccer||
SLUS_001.48|Olympic Summer Games||
SLES_040.51|Omega Assault||
SCES_021.20|Omega Boost|Sony Computer Entertainment|
SCPS_100.20|Omega Boost|Sony Computer Entertainment|オメガ・ブースト
SCUS_944.49|Omega Boost|Sony Computer Entertainment|
PAPX_900.80|Omega Boost (Taikenban)|Sony Computer Entertainment|オメガ・ブースト（体験版）
SLPM_864.39|Omiai Commando: Ba-Couple ni Tsukkomi o||お見合いコマンドー ～バカップルにつっこみを～
SLPS_018.76|Omise de Tenshu||おみせｄｅ店主
SLPS_028.15|Omizu no Hanamichi||お水の花道
SLES_009.44|One||
SLPS_018.12|One||ワン
SLUS_004.69|One||
SLED_011.70|One (Demo)||
SLES_037.23|One Piece Mansion||
SLPM_868.37|One Piece Mansion||ワンピースマンション
SLUS_014.06|One Piece Mansion||
SLPM_806.17|One Piece Mansion (Taikenban)||ワンピースマンション（体験版）
SLPS_025.85|One Two Smash: Tanoshii Tennis||ワン・ツー　スマッシュ　たのしいテニス
SLPS_031.61|Ongaku Tkool 3||音楽ツクール３
SLPS_009.03|Ongaku Tkool: Kanadeeru 2||音楽ツクール　かなでーる２
SLES_000.79|Onside Complete Soccer||
SLPS_028.14|Ooedo Fuusui Ingaritsu: Hanabi 2||大江戸風水因果律　花火２
SLPS_008.74|Ooumi Nobunaga Den: Geten II||大海信長伝・下天ＩＩ
SLPM_802.03|Option: Tuning Car Battle||オプション チューニングカーバトル
SLPS_012.07|Option: Tuning Car Battle||オプション チューニングカーバトル
SLPS_910.37|Option: Tuning Car Battle||オプション チューニングカーバトル
SLPM_802.06|Option: Tuning Car Battle (Taikenban)||オプション チューニングカーバトル（体験版）
SLPS_018.57|Option: Tuning Car Battle 2||オプション チューニングカーバトル２
SLPS_025.87|Option: Tuning Car Battle Spec R||オプション チューニングカーバトル スペックＲ
SLPS_002.40|Oracle no Houseki: Jewels of the Oracle||オラクルの宝石　Ｊｅｗｅｌｓ　ｏｆ　ｔｈｅ　Ｏｒａｃｌｅ
SCPS_100.99|Ore no Ryouri||俺の料理
SCPS_912.07|Ore no Ryouri||俺の料理
PAPX_900.89|Ore no Ryouri (Taikenban)||俺の料理（体験版）
PCPX_961.60|Ore no Shikabane o Koete Yuke||俺の屍を越えてゆけ
SCPS_100.74|Ore no Shikabane o Koete Yuke||俺の屍を越えてゆけ
SCPS_911.30|Ore no Shikabane o Koete Yuke||俺の屍を越えてゆけ
SCPS_911.98|Ore no Shikabane o Koete Yuke||俺の屍を越えてゆけ
SCPS_913.30|Ore no Shikabane o Koete Yuke||俺の屍を越えてゆけ
SLPS_021.32|Ore no Yotto: Ganbare! Nippon Challenge||俺のヨット　～がんばれ！　ニッポン・チャレンジ～
SLPS_011.44|Ore! Tomba||オレっ！トンバ
SLPM_801.65|Ore! Tomba (Taikenban)||オレっ！トンバ（体験版）
SLES_031.86|Oro e Gloria: La Strada per El Dorado||
SLES_031.87|Oro y Gloria: La Ruta hacia El Dorado||
SLPS_020.13|Osaka Naniwa Matenrou||大阪ナニワ摩天楼
SLPM_873.16|Oshigoto-shiki Jinsei Game: Mezase Shokugyou King||お仕事式人生ゲーム　めざせ職業王
SLPS_030.56|Oshigoto-shiki Jinsei Game: Mezase Shokugyou King||お仕事式人生ゲーム　めざせ職業王
SLPM_870.47|Otenki Kororin||お天気ころりん
SLPS_001.36|Othello World II: Yume to Michi e no Chousen||オセロワールドＩＩ　夢と未知への挑戦
SLPS_011.74|Othello World II: Yume to Michi e no Chousen||オセロワールドＩＩ　夢と未知への挑戦
SLPM_860.47|Other Life Azure Dreams||アザーライフ アザードリームス
SLPS_035.31|Otogi Story: Tenshi no Shippo||おとぎストーリー　～天使のしっぽ～
SLPS_024.59|Otona no Asobi||おとなの遊び
SLPS_034.12|Oujisama Lv1||王子さまＬｖ１
SLPS_035.34|Oujisama Lv1.5: Oujisama no Tamago||王子さまＬｖ１．５　～王子さまのたまご～
SLPS_004.38|Oukyuu no Hihou Tension||王宮の秘宝　テンション
SLPS_025.94|Oukyuu no Hihou Tension||王宮の秘宝　テンション
SLPM_806.23|Oumagatoki||逢魔が時
SLPS_032.35|Oumagatoki||逢魔が時
SLPS_915.21|Oumagatoki||逢魔が時
SLPS_032.72|Oumagatoki 2||逢魔が時２
SLPS_025.76|Our Graduation: Mahjong de Pon! Hanafuda de Koi! (Disc 1) (Mahjong de Pon!)||アワー　グラデュエーション　～麻雀でポン　花札でコイ～（ディスク１）
SLPS_025.77|Our Graduation: Mahjong de Pon! Hanafuda de Koi! (Disc 2) (Hanafuda de Koi!)||アワー　グラデュエーション　～麻雀でポン　花札でコイ～（ディスク２）
SLPS_007.46|Out Live: Be Eliminate Yesterday||アウトライブ　Ｂｅ　Ｅｌｉｍｉｎａｔｅ　Ｙｅｓｔｅｒｄａｙ
SLPS_003.27|Over Drivin' DX||オーバードライビンＤＸ
SLPM_800.32|Over Drivin' DX: Rally Edition||オーバードライビンＤＸ　ラリーエディション
SLPS_008.95|Over Drivin' II||オーバードライビンⅡ
SLPS_015.93|Over Drivin' III: Hot Pursuit||オーバードライビンⅢ
SLPM_802.98|Over Drivin' III: Hot Pursuit (Taikenban)||オーバードライビンⅢ（体験版）
SLPS_020.99|Over Drivin' IV||オーバードライビンⅣ
SLPM_804.37|Over Drivin' IV (Taikenban)||オーバードライビンⅣ（体験版）
SLES_007.68|OverBlood||
SLES_007.69|OverBlood||
SLES_007.70|OverBlood||
SLPM_866.41|OverBlood||オーバーブラッド
SLPS_003.92|OverBlood||オーバーブラッド
SLPS_910.32|OverBlood||オーバーブラッド
SLUS_004.64|OverBlood||
PAPX_900.46|OverBlood 2||オーバーブラッド２
SLPM_802.58|OverBlood 2||オーバーブラッド２
SLES_018.79|OverBlood 2 (Disc 1)||
SLES_018.80|OverBlood 2 (Disc 1)||
SLES_021.87|OverBlood 2 (Disc 1)||
SLPS_012.61|OverBlood 2 (Disc 1)||オーバーブラッド２（ディスク１）
SLES_118.79|OverBlood 2 (Disc 2)||
SLES_118.80|OverBlood 2 (Disc 2)||
SLES_121.87|OverBlood 2 (Disc 2)||
SLPS_012.62|OverBlood 2 (Disc 2)||オーバーブラッド２（ディスク２）
SLPM_802.70|OverBlood 2: The ;East Edge; File||オーバーブラッド２　－Ｔｈｅ　＂Ｅａｓｔ　Ｅｄｇｅ＂　Ｆｉｌｅ－
SLES_008.65|Overboard!||
SLPS_025.91|Oyaji no Jikan: Nee-chan Hanafuda de Shoubu ya!||おやじの時間 ～ねーちゃん花札で勝負や！～
SLPS_025.92|Oyaji no Jikan: Nee-chan Mahjong de Shoubu ya!||おやじの時間 ～ねーちゃん麻雀で勝負や！～
SLPS_032.62|Oyaji no Jikan: Nee-chan Mahjong de Shoubu ya!||おやじの時間 ～ねーちゃん麻雀で勝負や！～
SLPS_025.90|Oyaji no Jikan: Nee-chan Tsuri Iku de!||おやじの時間　ね～ちゃん釣り行くで！
SLPM_863.93|Oyako Entertainment Series: TV Kamishibai Vol. 1||親子エンタテインメントシリーズ　～てれび紙芝居Ｖｏｌ．１～
SLPS_023.35|Oz no Mahoutsukai: Another World: Rung Rung||オズの魔法使い　～Ａｎｏｔｈｅｒ　Ｗｏｒｌｄ～　ルングルング
LSP06019.001|P.K.'s Math Studio||
LSP06031.001|P.K.'s Place 1: Party on the Patio!||
LSP18021.001|P.K.'s Place 2: Hoopo at Sea!||
LSP90535.200|P.K.'s Place 2: Hoopo at Sea!||
LSP18031.001|P.K.'s Place 3: Carlos at the Races!||
LSP18041.001|P.K.'s Place 4: Daphne and the Seventh Wonder||
SCPS_100.97|PAQA||パクァ
PAPX_900.92|PAQA (Taikenban)||パクァ（体験版）
SLPS_001.95|PD Ultraman Invader||ＰＤウルトラマンインベーダー
SLES_020.61|PGA European Tour Golf||
SLES_023.96|PGA European Tour Golf||
SLES_000.73|PGA Tour 96||
SLPS_002.45|PGA Tour 96||ピージーエー・ツアー９６
SLUS_000.16|PGA Tour 96||
SLES_004.37|PGA Tour 97||
SLPS_007.58|PGA Tour 97||ＰＧＡツアー９７
SLUS_002.61|PGA Tour 97||
SLES_009.08|PGA Tour 98||
SLUS_005.17|PGA Tour 98||
SLES_001.68|PO'ed||
SLPS_004.37|PO'ed||ポエド
SLUS_000.97|PO'ed||
SCED_036.75|PS One Demo Disc 02||
SCED_039.20|PS One Demo Disc 2002||
SCED_032.38|PS One Kids Autumn 2000||
SCED_033.40|PS One Kids Autumn 2000||
SCED_031.75|PS One Special Demo 01||
SCUS_946.96|PS One Winter 03 Kiosk Version 1.21||
SCED_040.19|PSone Xmas Special||
SCUS_947.99|PSone: Wherever, Whenever, Forever.||
SCPS_180.02|PaRappa the Rapper|Sony Computer Entertainment|パラッパラッパー
SCPS_910.70|PaRappa the Rapper|Sony Computer Entertainment|パラッパラッパー
SCPS_913.07|PaRappa the Rapper|Sony Computer Entertainment|パラッパラッパー
SCUS_941.83|PaRappa the Rapper|Sony Computer Entertainment|
SCUS_941.95|PaRappa the Rapper (Demo)|Sony Computer Entertainment|
PCPX_960.49|PaRappa the Rapper (Taikenban)|Sony Computer Entertainment|パラッパラッパー（体験版）
SCES_007.43|PaRappa the Rapper: The Hip Hop Hero|Sony Computer Entertainment|
SLUS_900.57|Pac-Man World (Demo)||
SCES_009.34|Pac-Man World 20th Anniversary||
SCES_022.77|Pac-Man World 20th Anniversary||
SCES_022.78|Pac-Man World 20th Anniversary||
SCES_022.79|Pac-Man World 20th Anniversary||
SCES_022.80|Pac-Man World 20th Anniversary||
SLPS_023.45|Pac-Man World: 20th Anniversary||パックマン・ワールド　２０ｔｈ　アニバーサリー
SLUS_004.39|Pac-Man World: 20th Anniversary||
SLPM_804.91|Pac-Man World: 20th Anniversary (Taikenban)||パックマン・ワールド　２０ｔｈ　アニバーサリー（体験版）
SLPS_021.22|Paca Paca Passion||パカパカパッション
SLPM_804.43|Paca Paca Passion (Taikenban)||パカパカパッション（体験版）
SLPS_027.20|Paca Paca Passion 2||パカパカパッション２
SLPS_034.20|Paca Paca Passion Special||パカ・パカ・パッション・スペシャル
SLPS_002.88|Pachi Pachi Saga||パチ・パチ・サーガ
SLPS_027.82|Pachi Slot Teiou W: Arabesque R, Hot Rod Queen||パチスロ帝王Ｗ　アラベスクＲ・ホットロッドクイーン
SLPS_018.48|Pachi Slot Teiou: Big Wave, Pika Gorou, BB Junky 7||パチスロ帝王　ビッグウェーブ・ピカ吾郎・ＢＢジャンキー７
SLPS_019.68|Pachi-Slot Aruze Oukoku||パチスロ　アルゼ王国
SLPS_024.16|Pachi-Slot Aruze Oukoku 2||パチスロ　アルゼ王国２
SLPS_914.93|Pachi-Slot Aruze Oukoku 2||パチスロ　アルゼ王国２
SLPS_028.46|Pachi-Slot Aruze Oukoku 3||パチスロ　アルゼ王国３
SLPS_030.88|Pachi-Slot Aruze Oukoku 4||パチスロ　アルゼ王国４
SLPS_030.89|Pachi-Slot Aruze Oukoku 4||パチスロ　アルゼ王国４
SLPS_914.99|Pachi-Slot Aruze Oukoku 4||パチスロ　アルゼ王国４
SLPS_032.80|Pachi-Slot Aruze Oukoku 5||パチスロ　アルゼ王国５
SLPS_034.40|Pachi-Slot Aruze Oukoku 7 (Disc 2) (4th Reel Disc)||
SLPS_013.08|Pachi-Slot Kanzen Kaiseki: Wai Wai Pulsar 2 & 77 2||パチスロ完全解析 ワイワイパルサー２・セブンティセブン２
SLPS_021.27|Pachi-Slot Kanzen Kouryaku: Aruze Koushiki Guide Volume 4||パチスロ完全攻略　アルゼ公式ガイド　Ｖｏｌｕｍｅ　４
SLPS_010.23|Pachi-Slot Kanzen Kouryaku: Cranky Pro||パチスロ完全攻略　～クランキープロ～
SLPS_031.10|Pachi-Slot Kanzen Kouryaku: Takasago Super Project||パチスロ完全攻略　～高砂スーパー・プロジェクト～
SLPM_869.62|Pachi-Slot Kanzen Kouryaku: Takasago Super Project 2||パチスロ完全攻略～高砂スーパープロジェクトＶＯＬ．２～
SLPS_007.52|Pachi-Slot Kanzen Kouryaku: Universal Koushiki Guide Volume 1||パチスロ完全攻略　ユニバーサル公式ガイドＶｏｌ．１
SLPS_009.43|Pachi-Slot Kanzen Kouryaku: Universal Koushiki Guide Volume 2||パチスロ完全攻略　ユニバーサル公式ガイド　Ｖｏｌ．２
SLPS_015.50|Pachi-Slot Kanzen Kouryaku: Universal Koushiki Guide Volume 3||パチスロ完全攻略　ユニバーサル公式ガイドＶｏｌ．３
SLPS_911.86|Pachi-Slot Kanzen Kouryaku: Universal Koushiki Guide Volume 3||パチスロ完全攻略　ユニバーサル公式ガイドＶｏｌ．３
SLPS_019.27|Pachi-Slot Master: Sammy SP||パチスロマスター　～Ｓａｍｍｙ　ＳＰ～
SLPS_022.17|Pachi-Slot Teiou 2: Kagetsu, Two Pair, Beaver X||パチスロ帝王２　～花月・ツーペア・ビーバーＸ～
SLPS_024.13|Pachi-Slot Teiou 3: Sea Master X, Epsilon R, Wai Wai Pulsar 2||パチスロ帝王３　～シーマスターＸ・イプシロンＲ・ワイワイパルサー２～
SLPS_025.64|Pachi-Slot Teiou 4: Oicho Kaba X, Magical Pops, LequiO-30||パチスロ帝王４　～おいちょカバＸ・マジカルポップス・レキオ－３０～
SLPS_028.88|Pachi-Slot Teiou 4: Oicho Kaba X, Magical Pops, LequiO-30||パチスロ帝王４　～おいちょカバＸ・マジカルポップス・レキオ－３０～
SLPS_026.27|Pachi-Slot Teiou 5: Kongdom, Super Star Dust 2, Flying Momonga||パチスロ帝王５　～コングダム･スーパースターダスト２･フライングモモンガ～
SLPS_031.49|Pachi-Slot Teiou 5: Kongdom, Super Star Dust 2, Flying Momonga||パチスロ帝王５　～コングダム･スーパースターダスト２･フライングモモンガ～
SLPS_026.57|Pachi-Slot Teiou 6: Kung-Fu Lady, BangBang, Prelude 2||パチスロ帝王６　～カンフー・レディ・ＢＡＮＧＢＡＮＧ・プレリュード２～
SLPS_029.91|Pachi-Slot Teiou 7: Maker Suishou Manual Vol. 1: Beat the Dragon 2, Lupin Sansei, Hot Rod Queen||パチスロ帝王７　メーカー推奨マニュアル①　～ビート・ザ・ドラゴン２・ルパン三世・ホッド・ロッド・クイーン～
SLPS_021.14|Pachi-Slot Teiou Mini: Dr. A7||パチスロ帝王　ｍｉｎｉ　－Ｄｒ．Ａ７－
SLPS_031.08|Pachi-Slot Teiou: Battle Knight, Atlantis Doom||パチスロ帝王　～バトルナイト・アトランチスドーム～
SLPS_030.29|Pachi-Slot Teiou: Beat the Dragon 2||パチスロ帝王　～ビート・ザ・ドラゴン２～
SLPS_034.75|Pachi-Slot Teiou: Beat the Dragon 2||パチスロ帝王　～ビート・ザ・ドラゴン２～
SLPS_032.65|Pachi-Slot Teiou: Bunny Girl SP||パチスロ帝王　～バニーガールＳＰ～
SLPS_034.55|Pachi-Slot Teiou: Dateline Pegasus||パチスロ帝王　～デートラインペガサス～
SLPS_031.58|Pachi-Slot Teiou: Maker Suishou Manual Vol. 2: Ice Story||パチスロ帝王　メーカー推奨マニュアル２　～アイスストーリー～
SLPS_034.78|Pachi-Slot Teiou: Maker Suishou Manual Vol. 2: Ice Story||パチスロ帝王　メーカー推奨マニュアル２　～アイスストーリー～
SLPS_031.30|Pachi-Slot Teiou: Maker Suishou Manual Vol. 3: I'm Angel: White 2 & Blue 2||パチスロ帝王　メーカー推奨マニュアル３ 　アイムエンジェル～ホワイト２＆ブルー２～
SLPS_034.77|Pachi-Slot Teiou: Maker Suishou Manual Vol. 3: I'm Angel: White 2 & Blue 2||パチスロ帝王　メーカー推奨マニュアル３ 　アイムエンジェル～ホワイト２＆ブルー２～
SLPS_032.17|Pachi-Slot Teiou: Maker Suishou Manual Vol. 4: Exhaust, Ooedo Sakura Fubuki 2||パチスロ帝王　メーカー推奨マニュアル④　～エキゾースト・大江戸桜吹雪２～
SLPS_032.45|Pachi-Slot Teiou: Maker Suishou Manual Vol. 5: Race Queen 2, Tomcat||パチスロ帝王　メーカー推奨マニュアル５　～レースクイーン２･トムキャット～
SLPS_033.29|Pachi-Slot Teiou: Maker Suishou Manual Vol. 6: Takarabune||パチスロ帝王　メーカー推奨マニュアル６　宝船
SLPS_033.91|Pachi-Slot Teiou: Maker Suishou Manual Vol. 7: Trick Monster 2||パチスロ帝王　メーカー推奨マニュアル７　トリックモンスター２
SLPS_034.23|Pachi-Slot Teiou: Naniwa Sakura Fubuki||パチスロ帝王 浪花桜吹雪
SLPS_034.42|Pachi-Slot Teiou: Shimauta-30, Twist, Nangoku Monogatari-30||パチスロ帝王　～島唄－３０・ツイスト・南国物語－３０～
SLPS_029.05|Pachi-Slot Teiou: Yamasa Remix||パチスロ帝王　～山佐Ｒｅｍｉｘ～
SLPS_028.60|Pachinko & Pachi-Slot: Parlor! Pro Extra: CR Inakappe Taishou A & Pachi-Slot Lupin Sansei||パチンコ＆パチスロ　パーラー！プロ　ＥＸ　ＣＲ・いなかっぺ大将Ａ＆パチスロ・ルパン三世
SLPM_860.06|Pachinko Dream||パチンコドリーム
SLPS_010.89|Pachinko Hall: Shinsou Daikaiten||パチンコ・ホール　新装大開店
SLPS_032.54|Pachinko Teiou: CR Sore Ute Hama-chan 2 & CR Sore Yuke Matchan S||パチンコ帝王　～ＣＲそれ打て浜ちゃん２・ＣＲそれゆけ松ちゃんＳ～
SLPS_000.37|Pachio-kun: Pachinko Land Daibouken||パチ夫くん　パチンコランド大冒険
SLPS_025.75|Pachitte Chonmage 2: Kyoraku Kounin Tanukichi 2000 & Jungle P||パチってちょんまげ２　～京楽公認・タヌ吉２０００＆ジャングルＰ～
SLPS_034.22|Pachitte Chonmage 3: Kyoraku Kounin Gladiator & Tama-chan||パチってちょんまげ３　～京楽公認・グラディエーター＆玉ちゃん～
SLPS_024.19|Pachitte Chonmage: Ouendan & C. C. Girls||パチってちょんまげ　～応援団・Ｃ．Ｃ．ガールズ～
SLES_035.76|Pajama Sam: You Are What You Eat from Your Head to Your Feet||
SLUS_013.89|Pajama Sam: You Are What You Eat from Your Head to Your Feet||
SLPS_003.46|Pal: Shinken Densetsu||ＰＡＬ　～神犬伝説～
SLPS_910.67|Pal: Shinken Densetsu||ＰＡＬ　～神犬伝説～
SLPM_800.79|Pal: Shinken Densetsu (Taikenban)||ＰＡＬ　～神犬伝説～（体験版）
SLPM_870.18|Palm Town||ぱーむたうん
SLPS_018.20|Palm Town||ぱーむたうん
SLES_009.65|Pandemonium 2||
SLUS_005.78|Pandemonium 2||
SLED_010.15|Pandemonium 2 (Demo)||
SLUS_805.78|Pandemonium 2 (Trade Demo)||
SLES_005.26|Pandemonium!||
SLUS_002.32|Pandemonium!||
SLED_005.70|Pandemonium! (Demo)||
SLPS_023.91|Pandora Max Series Vol. 1: Dragon Knights Glorious||パンドラＭＡＸシリーズ　Ｖｏｌ．１　ドラゴンナイツ　グロリアス
SLPS_025.51|Pandora Max Series Vol. 2: Shisha no Yobu Yakata||パンドラＭＡＸシリーズ　Ｖｏｌ．２　死者の呼ぶ館
SLPS_026.37|Pandora Max Series Vol. 3: Rubbish Blazon||パンドラＭＡＸシリーズ　Ｖｏｌ．３　ラビッシュブレイズン
SLPS_027.12|Pandora Max Series Vol. 4: Catch! Kimochi Sensation||パンドラＭＡＸシリーズ　Ｖｏｌ．４　Ｃａｔｃｈ！　～気持ちセンセーション～
SLPS_029.44|Pandora Max Series Vol. 5: Gochachiru (Genteiban)||パンドラＭＡＸシリーズ　Ｖｏｌ．５　ごちゃちる
SLPS_031.06|Pandora Max Series Vol. 6: Oni Zero: Fukkatsu||パンドラＭＡＸシリーズ　Ｖｏｌ．６　ＯＮＩ零　～復活～
SLPS_003.47|Pandora Project: The Logic Master||パンドラ・プロジェクト　－ＴＨＥ　ＬＯＧＩＣ　ＭＡＳＴＥＲ－
SCPS_100.96|Panekit: Infinitive Crafting Toy Case||パネキット ＩＮＦＩＮＩＴＩＶＥ ＣＲＡＦＴＩＮＧ ＴＯＹ ＣＡＳＥ
SLPS_011.62|Panel Quiz Attack 25||パネルクイズ　アタック２５
SLPS_008.99|Panzer Bandit||パンツァーバンディット
SLPM_801.24|Panzer Bandit (Taikenban)||パンツァーバンディット（体験版）
SLES_033.39|Panzer Front||
SLPS_025.03|Panzer Front||パンツァー・フロント
SLUS_013.99|Panzer Front||
SLPM_804.99|Panzer Front (Taikenban)||パンツァー・フロント（体験版）
SLPS_031.11|Panzer Front bis.||パンツァーフロントｂｉｓ．
SLES_000.41|Panzer General||
SLPS_005.52|Panzer General||パンツァー・ジェネラル
SLUS_001.32|Panzer General||
SLPM_866.95|Pao Leeming Kanshuu: Fuusui Nyuumon||鮑黎明監修　風水入門
SLES_040.48|Paradise Casino||
SLPS_013.75|Paranoia Scape||パラノイアエスケープ
SLPS_012.30|Parasite Eve (Disc 1)||パラサイト・イヴ（ディスク１）
SLUS_006.62|Parasite Eve (Disc 1)||
SLPS_012.31|Parasite Eve (Disc 2)||パラサイト・イヴ（ディスク２）
SLUS_006.68|Parasite Eve (Disc 2)||
SCPS_454.67|Parasite Eve II (Disc 1)||パラサイト・イヴ２（ディスク１）
SLES_025.58|Parasite Eve II (Disc 1)||
SLES_025.59|Parasite Eve II (Disc 1)||
SLES_025.60|Parasite Eve II (Disc 1)||
SLES_025.61|Parasite Eve II (Disc 1)||
SLES_025.62|Parasite Eve II (Disc 1)||
SLPS_024.80|Parasite Eve II (Disc 1)||パラサイト・イヴ２（ディスク１）
SLUS_010.42|Parasite Eve II (Disc 1)||
SCPS_454.68|Parasite Eve II (Disc 2)||パラサイト・イヴ２（ディスク２）
SLES_125.58|Parasite Eve II (Disc 2)||
SLES_125.59|Parasite Eve II (Disc 2)||
SLES_125.60|Parasite Eve II (Disc 2)||
SLES_125.61|Parasite Eve II (Disc 2)||
SLES_125.62|Parasite Eve II (Disc 2)||
SLPS_024.81|Parasite Eve II (Disc 2)||パラサイト・イヴ２（ディスク２）
SLUS_010.55|Parasite Eve II (Disc 2)||
SLPM_803.00|Parasite Eve: Special CD-ROM||パラサイト・イヴ ＳＰＥＣＩＡＬ ＣＤ－ＲＯＭ
SLES_031.08|Paris-Marseille Racing||
SLES_039.18|Paris-Marseille Racing II||
SLPS_015.39|Parlor Station||パーラーステーション
SLPS_027.32|Parlor Station||パーラーステーション
SLPS_008.38|Parlor! Pro||パーラープロ
SLPS_911.83|Parlor! Pro||パーラープロ
SLPS_010.43|Parlor! Pro 2||パーラープロ２
SLPS_014.53|Parlor! Pro 3||パーラープロ３
SLPS_016.46|Parlor! Pro 4||パーラープロ４
SLPS_911.85|Parlor! Pro 4||パーラープロ４
SLPS_018.28|Parlor! Pro 5||パーラープロ５
SLPS_018.59|Parlor! Pro 6||パーラープロ６
SLPS_019.71|Parlor! Pro 7||パーラープロ７
SLPS_024.83|Parlor! Pro 8||パーラープロ８
SLPS_029.49|Parlor! Pro Collection||パーラープロコレクション
SLPS_027.81|Parlor! Pro Jr. Collection||パーラープロジュニア　コレクション
SLPS_020.92|Parlor! Pro Jr. Vol. 1: CR Dera Maitta J-3||パーラー！プロ・ジュニア　Ｖｏｌ．１　～ＣＲデラマイッタＪ―３～
SLPS_023.57|Parlor! Pro Jr. Vol. 2: CR Lupin Sansei K||パーラープロジュニア　Ｖｏｌ．２　～ＣＲルパン三世Ｋ～
SLPS_024.26|Parlor! Pro Jr. Vol. 3: CR Shin Pikaichi Tengoku T||パーラープロジュニア３　～ＣＲ真ピカイチ天国Ｔ～
SLPS_025.19|Parlor! Pro Jr. Vol. 4: Thunder Skeleton X||パーラープロジュニア　Ｖｏｌ．４
SLPS_025.62|Parlor! Pro Jr. Vol. 5: CR Fruit World X||パーラー・プロ・ジュニア　Ｖｏｌ．５　ＣＲ フルーツワールドＸ
SLPS_026.90|Parlor! Pro Jr. Vol. 6: CR Tsumo Tsumo Tengoku Nan 2-kyoku||パーラープロジュニア　Ｖｏｌ．６　ＣＲツモツモ天国　南２局
SLPS_029.96|Parlor! Pro Special: CR Harenchi Gakuen & CR Toukon||パーラープロ　スペシャル　ＣＲハレンチ学園＆ＣＲ闘魂
SLPM_860.16|Paro Wars||パロウォーズ
SLES_000.36|Parodius||
SLPS_009.59|Pastel Muses||ぱすてるみゅーず
SLPM_801.31|Pastel Muses (Taikenban)||ぱすてるみゅーず（体験版）
SLPS_018.04|Patlabor: The Game: Taikenban Ver. 1.0 (Taikenban)||ＰＡＴＬＡＢＯＲ　ＴＨＥ　ＧＡＭＥ　体験版　Ｖｅｒ．　１．０（体験版）
SLES_040.92|Patriotic Pinball||
SLUS_015.39|Patriotic Pinball||
SLES_009.53|Pax Corpus||
SLES_007.27|Peak Performance||
SLUS_004.00|Peak Performance||
SLPS_006.32|Pebble Beach no Hatou Plus||ペブルビーチの波濤　ＰＬＵＳ
SCES_003.91|Penny Racers||
SLPS_017.62|Pepsiman|KID Corp.|ペプシマン
SLES_015.83|Pequeños Guerreros||
SLES_008.05|Perfect Assassin||
SLPS_024.09|Perfect Fishing: Bass Tsuri||パーフェクトフィッシング　バス釣り
SLPS_024.10|Perfect Fishing: Isozuri||パーフェクトフィッシング 磯釣り
SLPS_013.94|Perfect Golf 2||パーフェクトゴルフ２
SLPS_021.35|Perfect Performer: The Yellow Monkey||パーフェクト　パフォーマー
SLES_005.81|Perfect Weapon||
SLES_006.85|Perfect Weapon||
SLES_006.86|Perfect Weapon||
SLES_006.87|Perfect Weapon||
SLUS_003.41|Perfect Weapon||
SLUS_003.39|Persona||
SLPM_869.67|Persona 2: Batsu: Eternal Punishment (Disc 1)||ペルソナ２　罰　－ＥＴＥＲＮＡＬ　ＰＵＮＩＳＨＭＥＮＴ－（ディスク１）
SLPS_027.85|Persona 2: Batsu: Eternal Punishment (Disc 1)||ペルソナ２　罰　－ＥＴＥＲＮＡＬ　ＰＵＮＩＳＨＭＥＮＴ－（ディスク１）
SLPS_028.25|Persona 2: Batsu: Eternal Punishment (Disc 1)||ペルソナ２　罰　－ＥＴＥＲＮＡＬ　ＰＵＮＩＳＨＭＥＮＴ－（ディスク１）
SLPS_027.86|Persona 2: Batsu: Eternal Punishment (Disc 2) (Sumaru TV Special Preview Disc)||ペルソナ２　罰　－ＥＴＥＲＮＡＬ　ＰＵＮＩＳＨＭＥＮＴ－（ディスク２）
SLPS_028.26|Persona 2: Batsu: Eternal Punishment (Disc 2) (Sumaru TV Special Preview Disc)||ペルソナ２　罰　－ＥＴＥＲＮＡＬ　ＰＵＮＩＳＨＭＥＮＴ－（ディスク２）
SLUS_011.58|Persona 2: Eternal Punishment||
SLUS_013.39|Persona 2: Eternal Punishment (Bonus Disc)||
SLPS_021.00|Persona 2: Tsumi: Innocent Sin||ペルソナ２　罪
SLPS_912.11|Persona 2: Tsumi: Innocent Sin||ペルソナ２　罪
SLPS_019.23|Persona 2: Tsumi: Innocent Sin (Taikenban)||ペルソナ２　罪（体験版）
SLPS_022.92|Pet Pet Pet||ペット ペット ペット
SLPS_030.82|Pet Pet Pet||ペット ペット ペット
SCES_009.81|Pet in TV||
SCES_013.58|Pet in TV||
SCES_013.57|Pet in TV: Ton Nouveau Meilleur Ami!||
PCPX_961.80|Pet in TV: With My Dear Dog||
SCPS_101.11|Pet in TV: With My Dear Dog||
SLUS_011.30|Peter Jacobsen's Golden Tee Golf||
SCUS_946.43|Peter Pan in Disney's Return to Never Land||
SLES_011.78|Phat Air: Extreme Snowboarding||
SCES_000.59|Philosoma||
SCPS_100.09|Philosoma||フィロソマ
SCUS_944.03|Philosoma||
SCPM_850.02|Philosoma Art Book Movie CD-ROM||フィロソマ　アートブック　ムービーＣＤ－ＲＯＭ
PCPX_960.12|Philosoma Ver. 0: Movie CD-ROM||フィロソマＶｅｒ．０　ムービーＣＤ‐ＲＯＭ
SLUS_015.23|Phix: The Adventure||
SLPS_011.16|Photo Genic||フォトジェニック
SLPS_010.92|Photo Genic (Genteiban)||フォトジェニック
SLPS_018.66|Pi to Mail||Ｐｉとメール
SLPS_013.45|Pikiinya! Excellent||ピキーニャ エクセレンテ
SLPS_018.47|Pikupiku Sentaro: Puzzle de Gohan!||ぴくぴく仙太郎　～パズルでごはん！～
SLPS_016.00|Pilot ni Narou!||パイロットになろう！
SLPS_911.65|Pilot ni Narou!||パイロットになろう！
SLPS_914.98|Pilot ni Narou!||パイロットになろう！
SLPM_802.93|Pilot ni Narou! (Taikenban)||パイロットになろう！（体験版）
SLPS_004.82|Pinball Fantasies Deluxe||ピンボールファンタジーズデラック
SLES_029.22|Pinball Power||
SLES_039.32|Pink Panther: Pinkadelic Pursuit||
SLUS_014.51|Pink Panther: Pinkadelic Pursuit||
SLES_040.14|Pinobee||
SLUS_014.94|Pinobee||
SLPM_871.10|Pinobee no Daibouken||ピノビィーの大冒険
SLPS_015.87|Pinocchia no Miru Yume||ピノッチアのみる夢
SLUS_014.09|Pipe Dreams 3D||
SLES_034.00|Pipe Mania 3D||
SLES_002.01|Pitball||
SLPS_006.07|Pitball||ピットボール
SLUS_001.46|Pitball||
SLES_004.81|Pitfall 3D: Beyond the Jungle||
SLES_008.36|Pitfall 3D: Beyond the Jungle||
SLES_008.37|Pitfall 3D: Beyond the Jungle||
SLPS_016.69|Pitfall 3D: Beyond the Jungle||ピットフォール３Ｄ
SLUS_002.54|Pitfall 3D: Beyond the Jungle||
SLED_012.43|Pitfall 3D: Beyond the Jungle (Demo)||
SLUS_900.17|Pitfall 3D: Beyond the Jungle (Demo)||
SLPS_022.90|Pixygarden (Disc 1) (Game Disc)||ピクシーガーデン（ディスク１）
SLPS_022.91|Pixygarden (Disc 2) (Extra Disc)||ピクシーガーデン（ディスク２）
SCED_025.20|Pizza Hut Demo 01||
SCED_028.33|Pizza Hut Demo 01||
SCED_025.21|Pizza Hut Demo 02||
SCUS_942.92|Pizza Hut Demo CD||
SCUS_944.80|Pizza Hut Disc 1||
SCUS_944.81|Pizza Hut Disc 2||
SLPS_021.11|Planet Dob||プラネット・ドブ
SLPM_804.42|Planet Dob (Taikenban)||プラネット・ドブ（体験版）
SLPM_862.64|Planet Laika||プラネット・ライカ
SLES_038.44|Planet of the Apes||
SLUS_014.68|Planet of the Apes||
SLED_025.19|Play Fun 01/00||
SLED_023.09|Play Fun 02/00||
SLED_025.94|Play Fun 04/00||
SLED_020.65|Play Fun 06/99||
SLED_021.10|Play Fun 07/99||
SLED_021.88|Play Fun 09/99||
SLED_022.91|Play Fun 10/99||
SLED_023.11|Play Fun 11/99||
SLED_024.14|Play Fun 12/99||
SLED_025.93|Play Fun 3/00||
SLED_021.55|Play Fun 8/99||
SLES_002.21|Play It||
SLED_020.97|Play Power 4 (Demo)||
SLED_021.38|Play Power 5||
SLED_027.21|Play Zone Vol. 18||
SLED_028.32|Play Zone Vol. 19||
SLED_028.80|Play Zone Vol. 20||
SLED_029.87|Play Zone Vol. 21||
SLED_030.49|Play Zone Vol. 22||
SLED_031.06|Play Zone Vol. 23||
SLED_031.65|Play Zone Vol. 24||
SLED_032.55|Play Zone Vol. 25||
SLPM_890.04|Play de Oboeru Chuugaku Eitango Deruderu 1200||プレイで覚える中学英単語でるでる１２００
SLPS_025.43|Play de Oboeru Chuugaku Eitango Deruderu 1200||プレイで覚える中学英単語でるでる１２００
SLPM_890.08|Play de Oboeru Eijukugo Deruderu 750||プレイで覚える英熟語でるでる７５０
SLPS_029.07|Play de Oboeru Eijukugo Deruderu 750||プレイで覚える英熟語でるでる７５０
SLPM_890.01|Play de Oboeru Eitango Deruderu 1700: Center Shiken Level Taiou||プレイで覚える英単語でるでる１７００　センター試験レベル対応
SLPM_890.02|Play de Oboeru Eitango Deruderu 1700: Center Shiken Level Taiou||プレイで覚える英単語でるでる１７００　センター試験レベル対応
SLPS_025.44|Play de Oboeru Eitango Deruderu 1700: Center Shiken Level Taiou||プレイで覚える英単語でるでる１７００　センター試験レベル対応
SLPM_890.09|Play de Oboeru Series 6: Play de Oboeru Kanji Kentei Deruderu 1100||プレイで覚えるシリーズ６　プレイで覚える漢字検定でるでる１１００
SLPS_030.99|Play de Oboeru Series 6: Play de Oboeru Kanji Kentei Deruderu 1100||プレイで覚えるシリーズ６　プレイで覚える漢字検定でるでる１１００
SLPS_031.68|Play de Oboeru Series 7: Play de Oboeru TOEIC Test: Goku Deruderu 1700||プレイで覚えるシリーズ７　プレイで覚えるＴＯＥＩＣ ＴＥＳＴ　語句でるでる１７００
SLPM_890.06|Play de Oboeru Series: Nihonshi Keyword Deruderu 1800||プレイで覚えるシリーズ　日本史キーワードでるでる１８００
SLPS_026.97|Play de Oboeru Series: Nihonshi Keyword Deruderu 1800||プレイで覚えるシリーズ　日本史キーワードでるでる１８００
SLPS_026.96|Play de Oboeru Series: Sekaishi Keyword Deruderu 1800||プレイで覚えるシリーズ　世界史キーワードでるでる１８００
SLES_023.74|Play with the Teletubbies||
SLUS_009.59|Play with the Teletubbies||
PAPX_900.61|Play! '98 Fuyu Taikenban (Taikenban)||プレイ！＇９８　冬・体験版（体験版）
PAPX_900.62|Play! '98 Fuyu Taikenban (Taikenban)||プレイ！＇９８　冬・体験版（体験版）
PCPD_995.01|Play-Pre PlayStation Soukan Junbi-gou||プレプレ・プレイステーション　創刊準備号
PCPX_961.73|Play-Pre Plus 001: 1999 October (Disc 1) (Demo)||プレプレＰＬＵＳ　００１　－１９９９　ＯＣＴＯＢＥＲ－（ディスク１）
PCPX_961.74|Play-Pre Plus 001: 1999 October (Disc 2) (What's Next?) (Demo)||プレプレＰＬＵＳ　００１　－１９９９　ＯＣＴＯＢＥＲ－（ディスク２）
PCPX_961.86|Play-Pre Plus 002: 1999 December (Disc 1) (Demo)||プレプレＰＬＵＳ　００２　－１９９９　ＤＥＣＥＭＢＥＲ－（ディスク１）
PCPX_961.87|Play-Pre Plus 002: 1999 December (Disc 2) (What's Next?) (Demo)||プレプレＰＬＵＳ　００２　－１９９９　ＤＥＣＥＭＢＥＲ－（ディスク２）
PCPX_961.90|Play-Pre Plus 003: 2000 February (Demo)||プレプレＰＬＵＳ　００３　－２０００　ＦＥＢＲＵＡＲＹ－
PCPX_961.98|Play-Pre Plus 004: 2000 June (Disc 1) (Demo)||プレプレＰＬＵＳ　００４　－２０００　ＪＵＮＥ－（ディスク１）
PCPX_961.99|Play-Pre Plus 005: 2000 August (Demo)||プレプレＰＬＵＳ　００５　－２０００　ＡＵＧＵＳＴ－
PCPX_962.01|Play-Pre Plus 006: 2000 October (Demo)||プレプレＰＬＵＳ　００６　－２０００　ＯＣＴＯＢＥＲ－
PCPX_962.03|Play-Pre Plus 007: 2000 December (Demo)||プレプレＰＬＵＳ　００７　－２０００　ＤＥＣＥＭＢＥＲ－
PCPX_960.17|Play-Pre Vol. 1||プレプレ　Ｖｏｌ．１
PCPX_961.03|Play-Pre Vol. 10 (Disc 1)||プレプレ　Ｖｏｌ．１０（ディスク１）
PCPX_961.04|Play-Pre Vol. 10 (Disc 2) (CM Collection III)||プレプレ　Ｖｏｌ．１０（ディスク２）
PCPX_961.08|Play-Pre Vol. 11||プレプレ　Ｖｏｌ．１１
PCPX_961.14|Play-Pre Vol. 12||プレプレ　Ｖｏｌ．１２
PCPX_961.18|Play-Pre Vol. 13 (Disc 1)||プレプレ　Ｖｏｌ．１３（ディスク１）
PCPX_961.19|Play-Pre Vol. 13 (Disc 2) (Yarudora Trial Version)||プレプレ　Ｖｏｌ．１３（ディスク２）
PCPX_961.26|Play-Pre Vol. 14 (Disc 1)||プレプレ　Ｖｏｌ．１４（ディスク１）
PAPX_900.40|Play-Pre Vol. 14 (Disc 2) (Legaia Densetsu Trial Version) (Taikenban)||プレプレ　Ｖｏｌ．１４（体験版）（ディスク２）
PCPX_961.27|Play-Pre Vol. 14 (Disc 2) (Legaia Densetsu Trial Version) (Taikenban)||プレプレ　Ｖｏｌ．１４（体験版）（ディスク２）
PCPX_961.33|Play-Pre Vol. 15 (Disc 1)||プレプレ　Ｖｏｌ．１５（ディスク１）
PCPX_961.34|Play-Pre Vol. 15 (Disc 2)||プレプレ　Ｖｏｌ．１５（ディスク２）
PCPX_961.42|Play-Pre Vol. 16 (Disc 1)||プレプレ　Ｖｏｌ．１６（ディスク１）
PCPX_961.43|Play-Pre Vol. 16 (Disc 2) (CM Collection IV)||プレプレ　Ｖｏｌ．１６（ディスク２）
PCPX_961.48|Play-Pre Vol. 17 (Disc 1)||プレプレ　Ｖｏｌ．１７（ディスク１）
PCPX_961.49|Play-Pre Vol. 17 (Disc 2) (Omega Boost Trial Version)||プレプレ　Ｖｏｌ．１７（ディスク２）
PCPX_961.56|Play-Pre Vol. 18 (Disc 1)||プレプレ　Ｖｏｌ．１８（ディスク１）
PCPX_961.57|Play-Pre Vol. 18 (Disc 2) (What's Next)||プレプレ　Ｖｏｌ．１８（ディスク２）
PCPX_961.67|Play-Pre Vol. 19 (Disc 1)||プレプレ　Ｖｏｌ．１９（ディスク１）
PCPX_961.68|Play-Pre Vol. 19 (Disc 2) (What's Next 1999 Aug)||プレプレ　Ｖｏｌ．１９（ディスク２）
PCPX_960.23|Play-Pre Vol. 2||プレプレ　Ｖｏｌ．２
PCPX_960.28|Play-Pre Vol. 3||プレプレ　Ｖｏｌ．３
PCPX_960.39|Play-Pre Vol. 4||プレプレ　Ｖｏｌ．４
PCPX_960.54|Play-Pre Vol. 5 (Disc 1)||プレプレ　Ｖｏｌ．５（ディスク１）
PCPX_960.55|Play-Pre Vol. 5 (Disc 2) (CM Collection)||プレプレ　Ｖｏｌ．５（ディスク２）
PCPX_960.63|Play-Pre Vol. 6 (Disc 1)||プレプレ　Ｖｏｌ．６（ディスク１）
PCPX_960.64|Play-Pre Vol. 6 (Disc 2) (CM Collection II)||プレプレ　Ｖｏｌ．６（ディスク２）
PCPX_960.75|Play-Pre Vol. 7||プレプレ　Ｖｏｌ．７
PCPX_960.84|Play-Pre Vol. 8||プレプレ　Ｖｏｌ．８
PCPX_960.93|Play-Pre Vol. 9 (Disc 1) (Taikenban)||プレプレ　Ｖｏｌ．９（体験版）（ディスク１）
PCPX_960.94|Play-Pre Vol. 9 (Disc 2) (Official Catalog CD-ROM) (Taikenban)||プレプレ　Ｖｏｌ．９（体験版）（ディスク２）
SLPS_002.39|PlayStadium||プレイスタジアム
SLPS_008.07|PlayStadium 2||プレイスタジアム２
SLPS_013.69|PlayStadium 3||プレイスタジアム３
SLPS_021.21|PlayStadium 4: Fumetsu no Dai League Ball||プレイスタジアム４　不滅の大リーグボール
SCPS_190.04|PlayStation Comic: 2999-nen no Game Kids||２９９９年のゲーム・キッズ
PAPX_900.57|PlayStation Comic: 2999-nen no Game Kids (Taikenban)||２９９９年のゲーム・キッズ（体験版）
PAPX_900.76|PlayStation Comic: 2999-nen no Game Kids (Taikenban)||２９９９年のゲーム・キッズ（体験版）
PCPX_961.35|PlayStation Comic: 2999-nen no Game Kids (Taikenban)||２９９９年のゲーム・キッズ（体験版）
PCPX_961.36|PlayStation Comic: 2999-nen no Game Kids (Taikenban)||２９９９年のゲーム・キッズ（体験版）
SCPS_190.07|PlayStation Comic: Buzzer Beater: Kouhen||ブザー・ビーター　後編
SCPS_190.06|PlayStation Comic: Buzzer Beater: Zenpen||ブザー・ビーター　前編
SCPS_190.03|PlayStation Comic: Carol the DarkAngel||キャロル・ザ・ダークエンジェル
SCPS_190.05|PlayStation Comic: Space Adventure Cobra: Galaxy Nights||スペースアドベンチャーコブラ ギャラクシーナイツ
SCPS_190.01|PlayStation Comic: Space Adventure Cobra: The Psychogun Vol. 1||スペースアドベンチャー コブラ・ザ・サイコガン  Ｖｏｌ．１
SCPS_190.02|PlayStation Comic: Space Adventure Cobra: The Psychogun Vol. 2||スペースアドベンチャーコブラ・ザ・サイコガン ＶＯＬ．２
SCUS_946.19|PlayStation Demo Disc Ver. 1.15||
SCUS_946.18|PlayStation Demo Disc Version 1.3||
SCUS_946.50|PlayStation Demo Disc Version 1.4||
SCUS_946.74|PlayStation Demo Disc Version 1.5||
SCUS_944.97|PlayStation Demo Disc Winter 1999: Shock Your System!||
SCUS_944.82|PlayStation Demo Disc: Shock Your System!||
SCUS_944.83|PlayStation Demo Disc: Shock Your System!||
SCUS_944.96|PlayStation Demo Disc: Shock Your System!||
SCUS_945.94|PlayStation Demo Disc: Spring 2000 (Demo)||
SCUS_945.95|PlayStation Demo Disc: Spring 2000 (Demo)||
SCUS_949.54|PlayStation Developer's Demo Disc||
SCUS_949.50|PlayStation Developer's Demo Disc (Demo)||
SCED_012.29|PlayStation Kids||
SCUS_947.05|PlayStation Kiosk Demo Disc 2004-2005||
SCUS_946.51|PlayStation Kiosk Demo Disc Version 1.16||
SCUS_946.63|PlayStation Kiosk Demo Disc Version 1.17||
SCUS_946.67|PlayStation Kiosk Demo Disc Version 1.18||
SCUS_946.75|PlayStation Kiosk Demo Disc Version 1.19||
SCUS_946.78|PlayStation Kiosk Demo Disc Version 1.20||
PCPX_960.95|PlayStation Official Catalog CD-ROM||
SCUS_949.52|PlayStation Picks||
SCUS_949.60|PlayStation Picks||
SPUS_949.51|PlayStation Picks||
SLED_019.33|PlayStation Power||
SLED_019.89|PlayStation Power||
SLED_020.40|PlayStation Power||
SCED_010.49|PlayStation Sampler||
SCED_031.03|PlayStation Speziale Italia (Demo)||
SCUS_944.40|PlayStation Underground 3.1 (Disc 1)||
SCUS_944.41|PlayStation Underground 3.1 (Disc 2)||
SCUS_944.42|PlayStation Underground 3.2 (Disc 1)||
SCUS_944.43|PlayStation Underground 3.2 (Disc 2)||
SCUS_944.44|PlayStation Underground 3.3 (Disc 1)||
SCUS_944.45|PlayStation Underground 3.3 (Disc 2)||
SCUS_944.46|PlayStation Underground 3.4 (Disc 1)||
SCUS_944.47|PlayStation Underground 3.4 (Disc 2)||
SCUS_945.65|PlayStation Underground 4.1 (Disc 1)||
SCUS_945.66|PlayStation Underground 4.1 (Disc 2)||
SCUS_946.12|PlayStation Underground 4.2 (Disc 1)||
SCUS_946.13|PlayStation Underground 4.2 (Disc 2)||
SCUS_946.20|PlayStation Underground 4.3 (Disc 1)||
SCUS_946.21|PlayStation Underground 4.3 (Disc 2)||
SCUS_971.20|PlayStation Underground 4.4 (Disc 1)||
SCUS_942.67|PlayStation Underground Jampack||
SCUS_946.57|PlayStation Underground Jampack: Fall 2001||
SCUS_944.28|PlayStation Underground Jampack: Summer '99||
SCUS_945.87|PlayStation Underground Jampack: Summer 2K||
SCUS_942.93|PlayStation Underground Jampack: Winter '98||
SCUS_944.75|PlayStation Underground Jampack: Winter '99||
SCUS_946.24|PlayStation Underground Jampack: Winter 2000||
SCUS_941.61|PlayStation Underground Number 1 (Disc 1)||
SCUS_941.61|PlayStation Underground Number 1 (Disc 2)||
SCUS_941.78|PlayStation Underground Number 2 (Disc 1)||
SCUS_941.91|PlayStation Underground Number 3 (Disc 1)||
SCUS_941.92|PlayStation Underground Number 3 (Disc 2)||
SCUS_942.25|PlayStation Underground Number 4 (Disc 1)||
SCUS_942.26|PlayStation Underground Number 4 (Disc 2)||
SCUS_942.37|PlayStation Underground Volume 2 Issue 1 (Disc 1)||
SCUS_942.38|PlayStation Underground Volume 2 Issue 1 (Disc 2)||
SCUS_942.59|PlayStation Underground Volume 2 Issue 2 (Disc 1)||
SCUS_942.60|PlayStation Underground Volume 2 Issue 2 (Disc 2)||
SCUS_942.98|PlayStation Underground Volume 2 Issue 4 (Disc 1)||
SCUS_942.99|PlayStation Underground Volume 2 Issue 4 (Disc 2)||
SCUS_942.69|PlayStation Underground Volume 2.3 (Disc 1)||
SCUS_942.70|PlayStation Underground Volume 2.3 (Disc 2)||
SLED_016.33|PlayStation Zone CD Vol. 1||
SLED_021.90|PlayStation Zone CD Vol. 10||
SLED_022.75|PlayStation Zone CD Vol. 11||
SLED_023.12|PlayStation Zone CD Vol. 12||
SLED_023.81|PlayStation Zone CD Vol. 13||
SLED_024.36|PlayStation Zone CD Vol. 14||
SLED_025.18|PlayStation Zone CD Vol. 15||
SLED_025.92|PlayStation Zone CD Vol. 16||
SLED_026.83|PlayStation Zone CD Vol. 17||
SLED_017.24|PlayStation Zone CD Vol. 2||
SLED_017.73|PlayStation Zone CD Vol. 3||
SLED_017.83|PlayStation Zone CD Vol. 4||
SLED_018.98|PlayStation Zone CD Vol. 5||
SLED_019.68|PlayStation Zone CD Vol. 6||
SLED_020.42|PlayStation Zone CD Vol. 7||
SLED_020.78|PlayStation Zone CD Vol. 8||
SLED_021.39|PlayStation Zone CD Vol. 9||
SCUS_941.93|PlayStation/Pepsi Sampler Disc||
SLES_003.19|Player Manager||
SLES_023.25|Player Manager 2000||
SLES_026.13|Player Manager 2000||
SLES_028.44|Player Manager 2000||
SLES_013.46|Player Manager Ninety Nine||
SLES_017.66|Player Manager Ninety Nine||
SLES_021.32|Player Manager Ninety Nine||
SLES_017.67|Player Manager Novanta Nove||
SLES_020.15|Player Manager: Época 98-99||
SLPM_871.21|Plue no Daibouken from Groove Adventure Rave||プルーのだいぼうけん　フロム　グルーヴ・アドベンチャー・レイヴ
SCPS_100.23|PoPoLoCrois Monogatari||ポポロクロイス物語
SCPS_910.30|PoPoLoCrois Monogatari||ポポロクロイス物語
SCPS_913.05|PoPoLoCrois Monogatari||ポポロクロイス物語
SCPS_101.12|PoPoLoCrois Monogatari II (Disc 1)||ポポロクロイス物語Ⅱ（ディスク１）
SCPS_454.83|PoPoLoCrois Monogatari II (Disc 1)||ポポロクロイス物語Ⅱ（ディスク１）
SCPS_913.13|PoPoLoCrois Monogatari II (Disc 1)||ポポロクロイス物語Ⅱ（ディスク１）
SCPS_101.13|PoPoLoCrois Monogatari II (Disc 2)||ポポロクロイス物語Ⅱ（ディスク２）
SCPS_454.84|PoPoLoCrois Monogatari II (Disc 2)||ポポロクロイス物語Ⅱ（ディスク２）
SCPS_913.14|PoPoLoCrois Monogatari II (Disc 2)||ポポロクロイス物語Ⅱ（ディスク２）
SCPS_101.14|PoPoLoCrois Monogatari II (Disc 3)||ポポロクロイス物語Ⅱ（ディスク３）
SCPS_454.85|PoPoLoCrois Monogatari II (Disc 3)||ポポロクロイス物語Ⅱ（ディスク３）
SCPS_913.15|PoPoLoCrois Monogatari II (Disc 3)||ポポロクロイス物語Ⅱ（ディスク３）
PCPX_961.95|PoPoLoCrois Monogatari II (Taikenban)||ポポロクロイス物語Ⅱ（体験版）
SCZS_941.05|PoPoLoCrois Monogatari Official Fan Book: PoPoRoGue no Daizukan: Chotto Ureshii CD-ROM Data-shuu||
PAPX_900.56|PoPoRoGue||ポポローグ
SCPS_100.50|PoPoRoGue||ポポローグ
SCPS_913.12|PoPoRoGue||ポポローグ
SLPS_024.97|Pocke-Kano: Aida Yumi||ぽけかの ～愛田由美～
SLPS_024.99|Pocke-Kano: Houjouin Shizuka||ぽけかの　～宝条院静香～
SLPS_024.98|Pocke-Kano: Ueno Fumio||ぽけかの　～植野史緒～
SLPS_028.00|Pocket Digimon World||ポケットデジモンワールド
SLPS_031.46|Pocket Digimon World: Cool & Nature Battle Disc||ポケットデジモンワールド　クール＆ネイチャーバトルディスク
SLPS_029.92|Pocket Digimon World: Wind Battle Disc||ポケットデジモンワールド　ウインドバトルディスク
SCPS_100.75|Pocket Dungeon||ポケット・ダンジョン
SLPS_021.34|Pocket Family: Happy Family Plan||ポケットファミリー　しあわせ家族計画
SLES_013.78|Pocket Fighter||
SLPS_013.60|Pocket Fighter||ポケットファイター
SLUS_006.53|Pocket Fighter||
SCPS_101.04|Pocket Jiman||ポケットじまん
SCPS_100.76|Pocket MuuMuu||ポケットムームー
SLPS_022.18|Pocket Tuner||ポケットチューナー
PAPX_900.94|Pocket Zanmai: 3 Title Iri Taikenban (PAQA, PokeTan, Pocket Jiman) (Taikenban)||ポケット三昧 ３タイトル入り体験版 （ＰＡＱＡ， ポケ単， ポケットじまん）（体験版）
SCES_008.86|Point Blank||
SLUS_004.81|Point Blank||
SCED_002.87|Point Blank (Demo)||
SCES_021.80|Point Blank 2||
SLUS_007.96|Point Blank 2||
SCES_033.83|Point Blank 3||
SLUS_013.54|Point Blank 3||
SCPS_452.69|Poitter's Point 2: Sodom no Inbou||ポイッターズポイント２　～ソドムの陰謀～
SLPM_860.61|Poitter's Point 2: Sodom no Inbou||ポイッターズポイント２　～ソドムの陰謀～
SLPM_860.34|Poitters' Point||ポイッターズ ポイント
SCPS_101.02|PokeTan||ポケ単
SCPS_101.08|PokeTan||ポケ単
PAPX_901.00|PokeTan (Taikenban)||ポケ単（体験版）
SLPS_021.85|Pokeler||ポケラー
SLPS_026.51|Pokeler DX: Black||ポケラーＤＸ　ブラック
SLPS_026.64|Pokeler DX: Pink||ポケラーＤＸ　ピンク
SLUS_010.33|Polaris SnoCross||
SLPM_860.48|Policenauts (Disc 1)|Konami|ポリスノーツ（ディスク１）
SLPM_872.90|Policenauts (Disc 1)|Konami|ポリスノーツ（ディスク１）
SLPS_002.15|Policenauts (Disc 1)|Konami|ポリスノーツ（ディスク１）
SLPM_860.49|Policenauts (Disc 2)|Konami|ポリスノーツ（ディスク２）
SLPM_872.91|Policenauts (Disc 2)|Konami|ポリスノーツ（ディスク２）
SLPS_002.16|Policenauts (Disc 2)|Konami|ポリスノーツ（ディスク２）
SLES_020.20|Pong||
SLUS_008.89|Pong: The Next Level||
SLUS_808.89|Pong: The Next Level||
SLPS_034.60|Pooh-san no Minna de Mori no Daikyousou!||プーさんのみんなで森の大きょうそう！
SLES_026.97|Pool Academy||
SLES_016.88|Pool Hustler||
SLUS_007.58|Pool Hustler||
SLES_015.37|Pool Shark||
SLPS_029.61|Pop de Cute na Shinri Test: Alabama||ポップでキュートな心理テスト アラバマ
SLES_019.71|Pop n' Pop||
SLPM_861.83|Pop'n Music||ポップンミュージック
SLPM_862.94|Pop'n Music 2||ポップンミュージック２
SLPM_865.12|Pop'n Music 2||ポップンミュージック２
SLPM_864.15|Pop'n Music 3: Append Disc||ポップンミュージック３ アペンドディスク
SLPM_866.49|Pop'n Music 4: Append Disc||ポップンミュージック４ アペンドディスク
SLPM_869.37|Pop'n Music 5||ポップンミュージック５
SLPM_870.89|Pop'n Music 6||ポップンミュージック６
SLPM_865.92|Pop'n Music: Animation Melody||ポップンミュージック　～アニメーションメロディ～
SLPM_866.70|Pop'n Music: Disney Tunes||ポップンミュージック　～ディズニーチューンズ～
SLPS_016.36|Pop'n Pop||ぽっぷんぽっぷ
SLPM_861.46|Pop'n Tanks!||ポップン・タンクス！
SLES_036.57|Popstar Maker||
SLES_017.60|Populous: The Beginning||
SLPS_020.85|Populous: The Beginning||ポピュラス　ザ・ビギニング
SLUS_002.77|Populous: The Beginning||
SCES_004.09|Porsche Challenge||
SCUS_941.87|Porsche Challenge||
SIPS_600.16|Porsche Challenge||ポルシェチャレンジ
SLPS_004.39|Posit||ぽじっと
SLPS_003.24|Potestas||ポテスタス
SLPS_017.48|Potestas||ポテスタス
SLPS_914.19|Potestas||ポテスタス
SLES_031.84|Pour l'Or et la Gloire: La Route d'Eldorado||
SLES_033.88|Power Diggerz||
SLPS_010.33|Power DoLLS 2||パワー・ドール２
SLPS_015.17|Power League||パワーリーグ
SLES_002.02|Power Move Pro Wrestling||
SLUS_004.08|Power Move Pro Wrestling||
SLUS_014.45|Power Play: Sports Trivia||
SLPS_004.90|Power Rangers Pinball||パワーレンジャー　ピンボール
SLES_037.31|Power Rangers: La Force du Temps||
SLES_001.18|Power Serve||
SLUS_001.05|Power Serve 3D Tennis||
SLUS_013.43|Power Shovel||
SLPM_866.29|Power Shovel ni Norou!!||パワーショベルに乗ろう！！
SLPM_805.71|Power Shovel ni Norou!! (Taikenban)||パワーショベルに乗ろう！！（体験版）
SCES_006.67|Power Source||
SLUS_011.96|Power Spike: Pro Beach Volleyball||
SLPM_860.32|Power Stakes||パワー・ステークス
SLPM_860.79|Power Stakes 2||パワーステークス２
SLPM_860.50|Power Stakes Grade 1||パワーステークス グレード１
SLUS_001.02|Powerslave||
SLES_007.85|Poy Poy||
SLUS_004.86|Poy Poy||
SLES_015.36|Poy Poy 2||
SLES_022.92|Premier Manager 2000||
SLES_007.38|Premier Manager 98||
SLES_012.84|Premier Manager 98||
SLES_015.44|Premier Manager Ninety Nine||
SLES_018.64|Premier Manager Novanta Nove||
SLES_001.40|Primal Rage||
SLPS_005.43|Primal Rage||プライマル・レイジ
SLUS_001.26|Primal Rage||
SLES_027.02|Primera División Stars||
SLES_000.17|Prince Naseem Boxing||
SLPM_865.90|Princess Maker: Go! Go! Princess||プリンセス・メーカー　～Ｇｏ！Ｇｏ！プリンセス～
SLPM_865.91|Princess Maker: Pocket Daisakusen||プリンセスメーカー　ポケット大作戦
SLPS_014.77|Princess Maker: Pocket Daisakusen||プリンセスメーカー　ポケット大作戦
SCPS_100.32|Princess Maker: Yumemiru Yousei||プリンセスメーカー　ゆめみる妖精
PAPX_900.13|Princess Maker: Yumemiru Yousei (Taikenban)||プリンセスメーカー　ゆめみる妖精（体験版）
SLPS_012.26|Prism Court||プリズム・コート
SLPS_025.86|Prism Land||プリズム・ランド
SLES_032.84|Prism Land Story||
SLPS_012.52|Prism Land Story||プリズム・ランド・ストーリー
SLPS_023.60|Prismaticallization||プリズマティカリゼーション
SLPS_023.87|Prisoner||プリズナー
SLPS_011.29|Prisoner of Ice: Jashin Kourin||プリズナー・オブ・アイス　～邪神降臨～
SLPS_002.28|Private Collection: Policenauts||プライベート・コレクション　ポリスノーツ
SLPM_860.01|Private Collection: Tokimeki Memorial||プライベート・コレクション　ときめきメモリアル
SLES_015.59|Pro 18: World Tour Golf||
SLUS_008.17|Pro 18: World Tour Golf||
SLES_040.52|Pro Backgammon||
SLES_033.27|Pro Body Boarding||
SLES_037.95|Pro Evolution Soccer||
SLES_037.96|Pro Evolution Soccer||
SLES_039.46|Pro Evolution Soccer 2||
SLES_039.57|Pro Evolution Soccer 2||
SLED_012.95|Pro Foot Contest '98 + Grand Theft Auto + Courier Crisis||
SLPM_860.18|Pro Logic Mahjong Haishin||プロロジック麻雀　牌神
SLPS_004.02|Pro Mahjong Kiwame Plus||プロ麻雀　極ＰＬＵＳ
SLPS_016.05|Pro Mahjong Kiwame Plus II||プロ麻雀　極ＰＬＵＳⅡ
SLPS_023.47|Pro Mahjong Kiwame: Tengensen-hen||プロ麻雀　極　天元戦編
SLPS_029.38|Pro Mahjong Kiwame: Tengensen-hen||プロ麻雀　極　天元戦編
SLPS_019.87|Pro Mahjong Tsuwamono 2||プロ麻雀　兵２　ＢＰＶ
SLPS_030.65|Pro Mahjong Tsuwamono 2||プロ麻雀　兵２　ＢＰＶ
SLPS_026.59|Pro Mahjong Tsuwamono 3||プロ麻雀｢兵｣３
SLPS_034.64|Pro Mahjong Tsuwamono 3||プロ麻雀｢兵｣３
SLPS_023.59|Pro Mahjong Tsuwamono Series: Joryuu Janshi ni Chousen: Watashi-tachi ni Chousen Shite ne!||プロ麻雀｢兵｣シリーズ　女流雀士に挑戦　～私達に挑戦してネ！～
SLPS_032.18|Pro Mahjong Tsuwamono Series: Joryuu Janshi ni Chousen: Watashi-tachi ni Chousen Shite ne!||プロ麻雀｢兵｣シリーズ　女流雀士に挑戦　～私達に挑戦してネ！～
SLES_012.11|Pro Pinball: Big Race USA||
SLUS_012.60|Pro Pinball: Big Race USA||
SLES_024.66|Pro Pinball: Fantastic Journey||
SLUS_012.61|Pro Pinball: Fantastic Journey||
SLES_002.59|Pro Pinball: The Web||
SLES_006.06|Pro Pinball: Timeshock!||
SLUS_006.39|Pro Pinball: Timeshock!||
SLUS_900.39|Pro Pinball: Timeshock! (Demo)||
SLES_039.62|Pro Racer||
SLPS_010.06|Pro Wres Sengokuden: Hyper Tag Match||プロレス戦国伝　ＨＹＰＥＲ　ＴＡＧ　ＭＡＴＣＨ
SLPS_013.88|Pro Wrestling Sengokuden 2: Kakutou Emaki||プロレス戦国伝２　格闘絵巻
SLPS_013.71|Pro Yakyuu Nettou Puzzle Stadium||プロ野球熱闘ぱずるスタジアム
SLPS_023.33|Pro Yakyuu Simulation Dugout '99||プロ・ヤキュウ・シミュレーション・ダグアウト’９９
SLUS_003.71|Pro-Pinball||
SCUS_945.51|Professional Underground League of Pain||
SCPS_451.36|Project Gaiaray||プロジェクトガイアレイ
SLPS_010.13|Project Gaiaray||プロジェクトガイアレイ
SLES_005.00|Project Overkill||
SLUS_000.45|Project Overkill||
SLPS_012.60|Project V6||プロジェクトＶ６
SCUS_944.08|Project: Horned Owl||
SLPS_005.31|Proof Club||プルーフクラブ
SLES_009.29|Psybadek||
SLUS_007.30|Psybadek||
SLED_014.88|Psybadek (Demo)||
SLES_000.70|Psychic Detective (Disc 1)||
SLUS_001.65|Psychic Detective (Disc 1)||
SLES_100.70|Psychic Detective (Disc 2)||
SLUS_001.66|Psychic Detective (Disc 2)||
SLES_200.70|Psychic Detective (Disc 3)||
SLUS_001.67|Psychic Detective (Disc 3)||
SLES_006.29|Psychic Force||
SLPM_866.16|Psychic Force||サイキック・フォース
SLPS_005.20|Psychic Force||サイキック・フォース
SLUS_004.19|Psychic Force||
SLPM_800.49|Psychic Force (Demo)||サイキック・フォース
SLES_025.57|Psychic Force 2||
SLPM_862.73|Psychic Force 2||サイキック・フォース２
SLPM_804.63|Psychic Force 2 (Taikenban)||サイキック・フォース２（体験版）
SLPS_010.18|Psychic Force: Puzzle Taisen (Disc 1) (Game Disc)||サイキックフォース　パズル大戦（ディスク１）
SLPS_010.19|Psychic Force: Puzzle Taisen (Disc 2) (Premium CD-ROM)||サイキックフォース　パズル大戦（ディスク２）
SLPS_018.69|Psychometrer Eiji||サイコメトラー エイジ
SLUS_900.37|Psygnosis '98 Interactive Demos (Demo)||
SCED_027.84|Pub Demo 03||
SCED_027.85|Pub Demo 04||
SLES_020.70|Puchi Carat||
SLPM_865.45|Puchi Carat||プチカラット
SLPS_014.35|Puchi Carat||プチカラット
ESPM_700.03|Puffy no P.S. I Love You||パフィーのＰ．Ｓ．Ｉ ＬＯＶＥ ＹＯＵ
SLES_012.03|Puma Street Soccer||
SLPS_028.05|Punch the Monkey! Game Edition||Ｐｕｎｃｈ ｔｈｅ Ｍｏｎｋｅｙ！ Ｇａｍｅ Ｅｄｉｔｉｏｎ
SLUS_005.79|Punky Skunk||
SLPS_001.49|Puppet Zoo Pilomy||パペット ズー ピロミィ
SLPS_021.63|Purumui Purumui||プルムイ プルムイ
SLPS_006.79|Pururun! with Shape Up Girls||ぷるるん！　ｗｉｔｈ　シェイプＵＰガールズ
SLUS_013.71|Putter Golf||
SLES_035.65|Puuha Pete: Korjataanko?||
SLPS_031.14|Puyo Puyo Box||ぷよぷよＢＯＸ
SLPM_872.13|Puyo Puyo Sun: Ketteiban||ぷよぷよ ＳＵＮ 決定盤
SLPS_010.80|Puyo Puyo Sun: Ketteiban||ぷよぷよ ＳＵＮ 決定盤
SLPS_912.24|Puyo Puyo Sun: Ketteiban||ぷよぷよ ＳＵＮ 決定盤
SCPS_450.02|Puyo Puyo Tsuu: Ketteiban||ぷよぷよ通　決定盤
SLPS_005.30|Puyo Puyo Tsuu: Ketteiban||ぷよぷよ通　決定盤
SLPS_911.94|Puyo Puyo Tsuu: Ketteiban||ぷよぷよ通　決定盤
SLPS_024.12|Puyo Puyo~n: Kakkun to Issho||ぷよぷよ～ん　 ～カーくんといっしょ～
SLPS_026.63|Puzz Loop||パズループ
SLPM_805.48|Puzz Loop (Taikenban)||パズループ（体験版）
SLPS_008.79|Puzzle Arena Toushinden||パズル・アリーナ・闘神伝
SLPM_866.18|Puzzle Bobble 2||パズルボブル２
SLPS_002.84|Puzzle Bobble 2||パズルボブル２
SLPS_910.18|Puzzle Bobble 2||パズルボブル２
SLPS_010.65|Puzzle Bobble 3DX||パズルボブル３デラックス
SLPS_910.75|Puzzle Bobble 3DX||パズルボブル３デラックス
SLPS_014.92|Puzzle Bobble 4||パズルボブル４
SLPM_866.53|Puzzle Mania||ぱずるまにあ
SLPS_017.78|Puzzle Mania||ぱずるまにあ
SLPM_866.74|Puzzle Mania 2||ぱずるまにあ２
SLPS_019.52|Puzzle Mania 2||ぱずるまにあ２
SLES_039.15|Puzznic||
SLPS_031.63|Puzznic||パズニック
SLUS_014.92|Puzznic||
SLES_035.77|Pyjama Sam: Héros du Goûter||
SLES_035.78|Pyjama Sam: Süssigkeiten kriegen Saures||
SLES_022.14|Q*bert||
SLUS_009.04|Q*bert||
SLUS_015.61|Qix Neo||
SLES_015.34|Quake II||
SLUS_007.57|Quake II||
SLPS_003.99|Quantum Gate I: Akumu no Joshou||クァンタム・ゲートⅠ　～悪夢の序章～
SLPS_007.11|Queen's Road||クイーンズロード
SCPS_180.04|Quest for Fame: Be a Virtual Rock Legend (Disc 1)||
SCPS_180.05|Quest for Fame: Be a Virtual Rock Legend (Disc 2)||
SLES_035.93|Qui Veut Gagner des Millions: Junior||
SLES_035.90|Qui Veut Gagner des Millions: Seconde Edition||
SLES_034.80|Qui Veut Gagner des Millions?||
SLPS_021.89|Quiz Chara-Oke Don! Toei Tokusatsu Hero Part 1||クイズキャラおけドン！　～東映特撮ヒーローＰＡＲＴ　１～
SLPS_023.10|Quiz Chara-Oke Don! Toei Tokusatsu Hero Part 2||クイズキャラおけドン！　～東映特撮ヒーローＰＡＲＴ２～
SLPM_870.97|Quiz Darake no Jinsei Game: Un to Atama de Daifugou!?||クイズ・だらけの人生ゲーム　～運と頭で大富豪！？～
SLPS_022.82|Quiz Darake no Jinsei Game: Un to Atama de Daifugou!?||クイズ・だらけの人生ゲーム　～運と頭で大富豪！？～
SLPS_008.75|Quiz Nanairo Dreams: Nijiiro-chou no Kiseki||ＱＵＩＺ なないろＤＲＥＡＭＳ ～虹色町の奇跡～
SLES_037.52|Quiz Show (Disc 1) (CD Gioco)||
SLES_137.52|Quiz Show (Disc 2) (CD Help e Backstage)||
SLPS_033.64|Quiz$Millionaire||クイズ＄ミリオネア
SLPS_915.15|Quiz$Millionaire||クイズ＄ミリオネア
SLPS_034.94|Quiz$Millionaire: Waku Waku Party||クイズ＄ミリオネア　わくわくパーティー
SLPS_007.33|QuoVadis: Iverkurtz Sen'eki||クォヴァディス ～イベルカーツ戦役～
SLPS_020.47|R||Ｒ［アール］
SLPS_020.45|R (Disc 1) (Shokai Genteiban)||Ｒ［アール］（ディスク１）
SLPS_020.46|R (Disc 2) (Photo Album) (Shokai Genteiban)||Ｒ［アール］（ディスク２）
SCES_017.62|R-Type Delta||
SLPS_016.88|R-Type Delta||アール・タイプ　デルタ
SLPS_033.11|R-Type Delta||アール・タイプ　デルタ
SLUS_008.77|R-Type Delta||
SLES_013.55|R-Types||
SLPS_012.36|R-Types||アール・タイプス
SLUS_007.53|R-Types||
SLES_014.59|R/C Stunt Copter||
SLES_021.40|R/C Stunt Copter||
SLES_021.41|R/C Stunt Copter||
SLPM_864.07|R/C Stunt Copter||ＲＣスタント・コプター
SLUS_009.54|R/C Stunt Copter||
SLED_015.01|R/C Stunt Copter (Demo)||
SLED_022.31|R/C Stunt Copter (Demo)||
SCPS_453.56|R4: Ridge Racer Type 4||Ｒ４　リッジレーサータイプ４
SCPS_460.01|R4: Ridge Racer Type 4||Ｒ４　リッジレーサータイプ４
SLPS_017.98|R4: Ridge Racer Type 4||Ｒ４　リッジレーサータイプ４
SLPS_018.00|R4: Ridge Racer Type 4||Ｒ４　リッジレーサータイプ４
SLUS_007.97|R4: Ridge Racer Type 4||
SLPS_010.87|R?MJ: The Mystery Hospital (Disc 1) (What's Going On)||Ｒ？エムジェイ Ｔｈｅ Ｍｙｓｔｅｒｙ Ｈｏｓｐｉｔａｌ（ディスク１）
SLPS_910.96|R?MJ: The Mystery Hospital (Disc 1) (What's Going On)||Ｒ？エムジェイ Ｔｈｅ Ｍｙｓｔｅｒｙ Ｈｏｓｐｉｔａｌ（ディスク１）
SLPS_010.88|R?MJ: The Mystery Hospital (Disc 2) (Fears Behind)||Ｒ？エムジェイ Ｔｈｅ Ｍｙｓｔｅｒｙ Ｈｏｓｐｉｔａｌ（ディスク２）
SLPS_910.97|R?MJ: The Mystery Hospital (Disc 2) (Fears Behind)||Ｒ？エムジェイ Ｔｈｅ Ｍｙｓｔｅｒｙ Ｈｏｓｐｉｔａｌ（ディスク２）
SLPM_801.72|R?MJ: The Mystery Hospital: Second Attack Sample CD-ROM (Taikenban)||Ｒ？エムジェイ Ｔｈｅ Ｍｙｓｔｅｒｙ Ｈｏｓｐｉｔａｌ（体験版）
SLUS_013.76|RC Helicopter||
SLES_028.24|RC Revenge||
SLPM_866.35|RC Revenge||ＲＣリベンジ
SLUS_011.68|RC Revenge||
SLED_031.00|RC Revenge (Demo)||
SLES_030.68|RC de Go!||
SLPM_865.46|RC de Go!||ＲＣでＧＯ！
SLUS_012.85|RC de Go!||
SLPM_805.63|RC de Go! (Taikenban)||ＲＣでＧＯ！（体験版）
SLUS_006.40|RPG Maker||
SLPS_010.93|RPG Tkool 3||ＲＰＧツクール３
SLPS_911.14|RPG Tkool 3||ＲＰＧツクール３
SLPS_028.61|RPG Tkool 4||ＲＰＧツクール４
SLES_037.72|RTL Skispringen 2002||
SLPS_022.93|Raamen-bashi||ラーメン橋
SLPS_001.67|Race Drivin' a Go! Go!||レース・ドライビンゴー！ゴー！
SLUS_012.91|Racing||
SCPS_454.04|Racing Lagoon||レーシング・ラグーン
SLPS_020.38|Racing Lagoon||レーシング・ラグーン
SLES_016.65|Racing Simulation 2||
SCED_016.40|Racing Special||
SLPS_004.17|Racingroovy VS||レーシングルーヴィー
SLES_019.43|Radikal Bikers||
SCES_006.50|Rage Racer||
SLPS_006.00|Rage Racer||レイジレーサー
SLUS_004.03|Rage Racer||
SLES_035.11|Rageball||
SLUS_014.61|Rageball||
SCES_002.22|Raging Skies||
SLPM_866.56|Raiden DX||雷電ディー・エックス
SLPS_007.28|Raiden DX||雷電ディー・エックス
SLPS_000.13|Raiden Project||雷電プロジェクト
SLPS_910.02|Raiden Project||雷電プロジェクト
SLPS_911.44|Raiden Project||雷電プロジェクト
SLES_024.26|Railroad Tycoon II||
SLUS_008.08|Railroad Tycoon II||
SLPM_862.72|Rakugaki Showtime||ラクガキショータイム
SCES_004.08|Rally Cross||
SCUS_943.08|Rally Cross||
SIPS_600.22|Rally Cross||ラリークロス
SCES_016.31|Rally Cross 2||
SCUS_942.47|Rally Cross 2||
SCUS_943.77|Rally Cross 2 (Demo)||
SLPS_016.01|Rally de Africa||ラリー・デ・アフリカ
SLPS_022.58|Rally de Africa||ラリー・デ・アフリカ
SLPM_802.96|Rally de Africa (Taikenban)||ラリー・デ・アフリカ（体験版）
SLPS_026.79|Rally de Europe||ラリー・デ・ヨーロッパ
SLPS_015.46|Rami-chan no Ooedo Sugoroku: Keiou Yuugekitai Gaiden||蘭未ちゃんの大江戸すごろく 慶応遊撃隊外伝
SLES_020.21|Rampage 2: Universal Tour||
SLUS_007.42|Rampage 2: Universal Tour||
SLES_028.49|Rampage: Through Time||
SLUS_010.65|Rampage: Through Time||
SLES_010.11|Rampage: World Tour||
SLUS_005.49|Rampage: World Tour||
SLES_002.14|Ran Soccer||
SLPS_005.22|Ranma 1/2: Battle Renaissance||らんま½　バトル ルネッサンス
PAPX_900.07|Rap-la-MuuMuu from JumpingFlash! 2||
SCES_003.94|Rapid Racer||
SCPS_100.60|Rapid Racer||ラピッドレーサー
SCES_000.04|Rapid Reload||
SLES_008.58|Rascal||
SLUS_005.42|Rascal||
SLED_010.65|Rascal (Demo)||
SLUS_900.15|Rascal (Demo)||
SLES_040.58|Rascal Racers||
SLUS_015.75|Rascal Racers||
SLES_011.03|Rat Attack||
SLUS_006.56|Rat Attack!||
SCES_007.41|Ray Tracers||
SLPS_000.98|Ray Tracers||レイ・トレーサー
SLUS_005.34|Ray Tracers||
SLPM_800.78|Ray-Ray CD-ROM||
SLES_028.82|RayCrisis||
SLPM_864.50|RayCrisis||レイクライシス
SLPM_805.41|RayCrisis (Taikenban)||レイクライシス（体験版）
SLUS_012.17|RayCrisis: Series Termination||
SCES_007.42|RayStorm||
SLPS_006.78|RayStorm||レイストーム
SLPS_910.50|RayStorm||レイストーム
SLUS_004.82|RayStorm||
SLPM_800.66|RayStorm (Demo)||レイストーム
SLES_000.49|Rayman||
SLPS_000.26|Rayman||レイマン
SLUS_000.05|Rayman||
SLUS_900.01|Rayman (Playable Game Preview) (Demo)||
SLES_029.05|Rayman 2: The Great Escape||
SLES_029.06|Rayman 2: The Great Escape||
SLUS_012.35|Rayman 2: The Great Escape||
SLUS_900.95|Rayman 2: The Great Escape (Demo)||
SLUS_012.65|Rayman Brain Games||
SLES_027.97|Rayman Junior||
SLES_027.98|Rayman Junior: Level 1||
SLES_027.99|Rayman Junior: Level 2||
SLES_028.00|Rayman Junior: Level 3||
SLES_038.12|Rayman Rush||
SLPM_885.03|Rayman Rush||
SLUS_014.58|Rayman Rush||
SLUS_013.22|Razor Freestyle Scooter||
SLUS_014.10|Razor Racing||
SLES_005.37|Re-Loaded||
SLUS_003.82|Re-Loaded: The Hardcore Sequel||
SLES_019.73|Re-Volt||
SLPM_863.32|Re-Volt||リボルト
SLUS_008.51|Re-Volt||
SLES_009.22|ReBoot||
SLES_009.23|ReBoot||
SLES_009.24|ReBoot||
SLES_009.25|ReBoot||
SLUS_002.74|ReBoot||
SLES_023.33|Ready 2 Rumble Boxing||
SLUS_008.57|Ready 2 Rumble Boxing||
SLES_028.50|Ready 2 Rumble Boxing: Round 2||
SLUS_011.47|Ready 2 Rumble Boxing: Round 2||
SCES_005.61|Real Bout Fatal Fury||
SLPS_006.40|Real Bout Garou Densetsu||リアルバウト餓狼伝説
SLPM_800.70|Real Bout Garou Densetsu (Taikenban)||リアル・バウト餓狼伝説（体験版）
SLPM_860.85|Real Bout Garou Densetsu Special: Dominated Mind||リアル・バウト餓狼伝説スペシャル　～ドミネイテッド・マインド～
SLPM_860.90|Real Bout Garou Densetsu Special: Dominated Mind (Shokai Genteiban)||リアル・バウト餓狼伝説スペシャル　～ドミネイテッド・マインド～
SLPM_802.46|Real Bout Garou Densetsu Special: Dominated Mind (Taikenban)||リアル・バウト餓狼伝説スペシャル　～ドミネイテッド・マインド～（体験版）
SLPS_021.39|Real Robot Sensen||リアルロボット戦線
SLPS_011.25|Real Robots: Final Attack||リアルロボッツ ファイナルアタック
SLPS_013.43|Rebus||レブス
SLPS_911.21|Rebus||レブス
SCPS_450.89|Recipro Heat 5000||レシプロヒート５０００
SLPS_007.44|Recipro Heat 5000||レシプロヒート５０００
SLPS_028.29|Recipro Heat 5000||レシプロヒート５０００
SLUS_002.82|Red Asphalt||
SLES_017.27|Reel Fishing||
SLUS_004.40|Reel Fishing||
SLES_027.80|Reel Fishing II||
SLUS_008.43|Reel Fishing II||
SLPS_018.40|Refrain Love 2 (Disc 1)||リフレインラブ２（ディスク１）
SLPS_018.41|Refrain Love 2 (Disc 2)||リフレインラブ２（ディスク２）
SLPM_866.54|Refrain Love: Anata ni Aitai||リフレイン　ラブ　～あなたに逢いたい～
SLPS_007.53|Refrain Love: Anata ni Aitai||リフレイン　ラブ　～あなたに逢いたい～
SCED_009.36|Registered User Demo 02||
SCED_012.30|Registered Users Demo 03||
SCED_013.85|Registered Users Demo 04||
SCED_016.36|Registered Users Demo 05||
SCED_019.88|Registered Users Demo 06||
SCED_026.76|Registered Users Demo 08||
SCED_006.37|Registration Demo 01||
SLPM_862.74|Reikoku: Ikeda Kizoku Shinrei Kenkyuujo||霊刻 －池田貴族心霊研究所－
SLPS_022.43|Remote Control Dandy||リモートコントロール　ダンディ
SLPM_804.28|Remote Control Dandy (Taikenban)||リモートコントロール　ダンディ（体験版）
SLPM_804.45|Remote Control Dandy (Taikenban)||リモートコントロール　ダンディ（体験版）
SLPM_804.75|Remote Control Dandy: Bangai-hen||リモートコントロール ダンディ　番外編
SLPS_015.88|Ren'ai Kouza: Real Age (Shokai Genteiban)||恋愛講座　ＲＥＡＬ　ＡＧＥ
SLPS_015.90|Ren'ai Kouza: Real Age (Shokai Genteiban)||恋愛講座　ＲＥＡＬ　ＡＧＥ
SLPS_015.89|Ren'ai Kouza: Real Age: The Art of Eguchi Hisashi (Shokai Genteiban)||恋愛講座　ＲＥＡＬ　ＡＧＥ
SLES_022.74|Renegade Racers||
SLUS_010.12|Renegade Racers||
SLPS_005.72|Rescue 24 Hours||レスキュー２４アワーズ
SLUS_015.07|Rescue Copter||
SLES_037.26|Rescue Heroes: Helden in Gefahr||
SLES_037.24|Rescue Heroes: Molten Menace||
SLUS_013.73|Rescue Heroes: Molten Menace||
SCES_025.69|Rescue Shot||
SLPS_025.55|Rescue Shot Bubibo||レスキューショット ブービーぼー
SLPM_805.22|Rescue Shot Bubibo & Biohazard: Gun Survivor: GunCon Taiou Shooting Taikenban (Taikenban)||レスキューショット　ブービーぼー　＆　バイオハザード　～ガンサバイバー～　ガンコン対応シューティング体験版（体験版）
SLES_002.00|Resident Evil|Capcom|
SLES_002.27|Resident Evil|Capcom|
SLES_002.28|Resident Evil|Capcom|
SLUS_001.70|Resident Evil|Capcom|
SLED_004.06|Resident Evil (Demo)|Capcom|
SLES_003.35|Resident Evil (Demo)|Capcom|
SLES_003.55|Resident Evil (Demo)|Capcom|
SLED_009.77|Resident Evil 2 (Demo)|Capcom|
SLUS_804.21|Resident Evil 2 (Demo)|Capcom|
SLUS_900.09|Resident Evil 2 (Demo)|Capcom|
SLES_009.72|Resident Evil 2 (Disc 1)|Capcom|
SLES_009.73|Resident Evil 2 (Disc 1)|Capcom|
SLES_009.74|Resident Evil 2 (Disc 1)|Capcom|
SLES_009.75|Resident Evil 2 (Disc 1)|Capcom|
SLES_009.76|Resident Evil 2 (Disc 1)|Capcom|
SLUS_004.21|Resident Evil 2 (Disc 1)|Capcom|
SLES_109.72|Resident Evil 2 (Disc 2)|Capcom|
SLES_109.73|Resident Evil 2 (Disc 2)|Capcom|
SLES_109.74|Resident Evil 2 (Disc 2)|Capcom|
SLES_109.75|Resident Evil 2 (Disc 2)|Capcom|
SLES_109.76|Resident Evil 2 (Disc 2)|Capcom|
SLUS_005.92|Resident Evil 2 (Disc 2)|Capcom|
SLUS_007.48|Resident Evil 2: Dual Shock Ver. (Disc 1)|Capcom|
SLUS_007.56|Resident Evil 2: Dual Shock Ver. (Disc 2)|Capcom|
SLES_025.29|Resident Evil 3: Nemesis|Capcom|
SLES_025.30|Resident Evil 3: Nemesis|Capcom|
SLES_025.31|Resident Evil 3: Nemesis|Capcom|
SLES_025.32|Resident Evil 3: Nemesis|Capcom|
SLES_025.33|Resident Evil 3: Nemesis|Capcom|
SLES_026.98|Resident Evil 3: Nemesis|Capcom|
SLUS_009.23|Resident Evil 3: Nemesis|Capcom|
SLED_025.41|Resident Evil 3: Nemesis (Demo)|Capcom|
SLUS_900.64|Resident Evil 3: Nemesis (Demo)|Capcom|
SLES_009.69|Resident Evil: Director's Cut|Capcom|
SLES_009.70|Resident Evil: Director's Cut|Capcom|
SLES_009.71|Resident Evil: Director's Cut|Capcom|
SLUS_005.51|Resident Evil: Director's Cut|Capcom|
SLUS_007.47|Resident Evil: Director's Cut: Dual Shock Ver.|Capcom|
SLES_027.32|Resident Evil: Survivor|Capcom|
SLES_027.44|Resident Evil: Survivor|Capcom|
SLUS_010.87|Resident Evil: Survivor|Capcom|
SLPS_019.74|Restaurant Dream||レストランドリーム
SLES_016.61|Retro Force||
SCED_039.24|Retrouve la Magie Disney sur PlayStation||
SLES_001.77|Return Fire||
SLUS_001.84|Return Fire||
SLPS_001.92|Return to Zork (Disc 1)||リターン・トゥ・ゾーク（ディスク１）
SLPS_001.93|Return to Zork (Disc 2)||リターン・トゥ・ゾーク（ディスク２）
SLPS_001.43|Reverthion||リヴァーシオン
SLES_001.29|Revolution X: Music Is the Weapon||
SLES_001.51|Revolution X: Music Is the Weapon||
SLPS_002.58|Revolution X: Music Is the Weapon||レボリューションＸ
SLUS_000.12|Revolution X: Music Is the Weapon||
SLUS_010.73|Rhapsody: A Musical Adventure||
SLPS_026.34|Rhythm 'n' Face||リズム・ン・フェイス
SLES_041.46|Rhythm Beat||
SLPS_009.05|Ridegear Guybrave||雷弩機兵　ガイブレイブ
SLPM_801.16|Ridegear Guybrave (Taikenban)||雷弩機兵　ガイブレイブ（体験版）
SLPM_801.27|Ridegear Guybrave (Taikenban)||雷弩機兵　ガイブレイブ（体験版）
SLPS_016.43|Ridegear Guybrave II (Disc 1)||雷弩機兵　ガイブレイブⅡ（ディスク１）
SLPS_016.44|Ridegear Guybrave II (Disc 2)||雷弩機兵　ガイブレイブⅡ（ディスク２）
SLPM_803.23|Ridegear Guybrave II (Taikenban)||雷弩機兵　ガイブレイブⅡ（体験版）
SCES_000.01|Ridge Racer|Namco|
SCUS_943.00|Ridge Racer|Namco|
SLPS_000.01|Ridge Racer|Namco|リッジ・レーサー
SLPS_910.01|Ridge Racer|Namco|リッジ・レーサー
SLUS_005.40|Ridge Racer|Namco|
SLUS_900.49|Ridge Racer Bonus Turbo Mode Disc|Namco|
SCED_018.32|Ridge Racer Hi-Spec Demo|Namco|
SCES_002.42|Ridge Racer Revolution|Namco|
SLPS_001.50|Ridge Racer Revolution|Namco|リッジ・レーサー・レボリューション
SLPS_910.28|Ridge Racer Revolution|Namco|リッジ・レーサー・レボリューション
SLUS_002.14|Ridge Racer Revolution|Namco|
SCES_017.06|Ridge Racer Type 4|Namco|
SCED_019.82|Ridge Racer Type 4 Collectors Demo (Demo)|Namco|
SCPS_453.57|Ridge Racer: High Spec Ver. & Namco Catalogue '98|Namco|ＲＩＤＧＥ　ＲＡＣＥＲ　ハイスペックＶｅｒ．　＆　ＮＡＭＣＯ　ＣＡＴＡＬＯＧＵＥ´ ９８
SLPS_017.99|Ridge Racer: High Spec Ver. & Namco Catalogue '98|Namco|ＲＩＤＧＥ　ＲＡＣＥＲ　ハイスペックＶｅｒ．　＆　ＮＡＭＣＯ　ＣＡＴＡＬＯＧＵＥ´ ９８
SLPS_018.01|Ridge Racer: High Spec Ver. & Namco Catalogue '98|Namco|ＲＩＤＧＥ　ＲＡＣＥＲ　ハイスペックＶｅｒ．　＆　ＮＡＭＣＯ　ＣＡＴＡＬＯＧＵＥ´ ９８
SLPS_030.23|Riichi Mahjong: Ohitorisama demo Utemasu!||リーチ麻雀　～お一人様でも打てます！～
SLPM_872.10|Rikujou Boueitai Mao-chan||陸上防衛隊まおちゃん
SLPM_871.98|Rikujou Boueitai Mao-chan (DX Pack)||陸上防衛隊まおちゃん
SLPS_002.07|Ring of Sias||リングオブサイアス
SLES_004.72|Riot||
SLED_006.39|Riot (Demo)||
SLPM_801.02|Riot Stars||ライアット・スターズ
SLPS_008.29|Riot Stars||ライアット・スターズ
SLES_001.64|Rise 2: Resurrection||
SLPS_002.59|Rise 2: Resurrection||ライズ・オブ・ザ・ロボット２
SLUS_001.86|Rise 2: Resurrection||
SLES_017.79|Rising Zan: The Samurai Gunman||
SLPS_016.91|Rising Zan: The Samurai Gunman||
SLUS_008.29|Rising Zan: The Samurai Gunman||
SLUS_006.16|Risk: The Game of Global Domination||
SLES_007.07|Risk||
SLPS_012.72|Rittai Ninja Katsugeki: Tenchu||立体忍者活劇　天誅
PAPX_900.29|Rittai Ninja Katsugeki: Tenchu (Taikenban)||立体忍者活劇　天誅（体験版）
SLPS_030.40|Rittai Ninja Katsugeki: Tenchu 2||立体忍者活劇　天誅 弐
SLPS_019.01|Rittai Ninja Katsugeki: Tenchu: Shinobi Gaisen||立体忍者活劇　天誅　忍　凱旋
SLPS_911.74|Rittai Ninja Katsugeki: Tenchu: Shinobi Gaisen||立体忍者活劇　天誅　忍　凱旋
SLPS_024.00|Rittai Ninja Katsugeki: Tenchu: Shinobi Hyakusen||立体忍者活劇　天誅　忍　百選
SLED_017.56|Rival Schools + Resident Evil 2 + Bloody Roar + Street Fighter EX Plus Alpha + Mr Domino + Victory Boxing 2||
SLUS_006.81|Rival Schools: United by Fate (Disc 1) (Arcade Disc)||
SLES_014.36|Rival Schools: United by Fate (Disc 1) (Evolution Disc)||
SLES_114.36|Rival Schools: United by Fate (Disc 2) (Arcade Disc)||
SLUS_007.71|Rival Schools: United by Fate (Disc 2) (Evolution Disc)||
SLES_009.63|Riven: The Sequel to Myst (Disc 1)||
SLES_010.99|Riven: The Sequel to Myst (Disc 1)||
SLES_011.00|Riven: The Sequel to Myst (Disc 1)||
SLPS_011.80|Riven: The Sequel to Myst (Disc 1)||リヴン　ザ　シークェル　トゥー　ミスト（ディスク１）
SLUS_005.35|Riven: The Sequel to Myst (Disc 1)||
SLES_109.63|Riven: The Sequel to Myst (Disc 2)||
SLES_110.99|Riven: The Sequel to Myst (Disc 2)||
SLES_111.00|Riven: The Sequel to Myst (Disc 2)||
SLPS_011.81|Riven: The Sequel to Myst (Disc 2)||リヴン　ザ　シークェル　トゥー　ミスト（ディスク２）
SLUS_005.63|Riven: The Sequel to Myst (Disc 2)||
SLES_209.63|Riven: The Sequel to Myst (Disc 3)||
SLES_210.99|Riven: The Sequel to Myst (Disc 3)||
SLES_211.00|Riven: The Sequel to Myst (Disc 3)||
SLPS_011.82|Riven: The Sequel to Myst (Disc 3)||リヴン　ザ　シークェル　トゥー　ミスト（ディスク３）
SLUS_005.64|Riven: The Sequel to Myst (Disc 3)||
SLES_309.63|Riven: The Sequel to Myst (Disc 4)||
SLES_310.99|Riven: The Sequel to Myst (Disc 4)||
SLES_311.00|Riven: The Sequel to Myst (Disc 4)||
SLPS_011.83|Riven: The Sequel to Myst (Disc 4)||リヴン　ザ　シークェル　トゥー　ミスト（ディスク４）
SLUS_005.65|Riven: The Sequel to Myst (Disc 4)||
SLES_409.63|Riven: The Sequel to Myst (Disc 5)||
SLES_410.99|Riven: The Sequel to Myst (Disc 5)||
SLES_411.00|Riven: The Sequel to Myst (Disc 5)||
SLPS_011.84|Riven: The Sequel to Myst (Disc 5)||リヴン　ザ　シークェル　トゥー　ミスト（ディスク５）
SLUS_005.80|Riven: The Sequel to Myst (Disc 5)||
SLPS_016.41|RoX: 6  Six||ロックス
SLPS_023.88|RoX: 6  Six||ロックス
SLES_002.23|Road & Track Presents: The Need for Speed||
SLUS_002.04|Road & Track Presents: The Need for Speed||
SLES_005.43|Road Rage||
SLES_001.58|Road Rash||
SLPS_002.43|Road Rash||ロードラッシュ
SLUS_000.35|Road Rash||
SLES_009.10|Road Rash 3D||
SLES_011.57|Road Rash 3D||
SLES_011.58|Road Rash 3D||
SLUS_005.24|Road Rash 3D||
SLES_025.52|Road Rash: Jailbreak||
SLUS_010.53|Road Rash: Jailbreak||
LSP90712.700|Road Writer||
SLES_023.26|Roadsters||
SLUS_010.24|Roadsters||
SCPS_101.03|Robbit mon Dieu||ロビット・モン・ジャ
PAPX_900.98|Robbit mon Dieu (Taikenban)||ロビット・モン・ジャ（体験版）
SLES_041.10|Robin Hood: The Siege||
SLPS_025.01|Robin Lloyd no Bouken||ロビン・ロイドの冒険
SLES_004.52|Robo Pit||
SLPS_001.65|Robo Pit||ロボ・ピット
SLPS_020.54|Robo Pit||ロボ・ピット
SLUS_003.16|Robo Pit||
SLES_040.54|Robo Pit 2||
SLUS_015.63|Robo Pit 2||
SLES_041.12|Robocod: James Pond II||
SLPS_023.31|Robot x Robot||ロボットｘロボット
SLES_005.39|Robotron X||
SLPS_007.90|Robotron X||ロボトロンＸ
SLUS_002.52|Robotron X||
SLED_005.15|Robotron X (Demo)||
ESPM_700.02|Robots: Video Alchemy||
SCPS_450.82|Robo·Pit 2||ロボ・ピット２
SLPS_008.77|Robo·Pit 2||ロボ・ピット２
SLPS_023.82|Robo·Pit 2||ロボ・ピット２
SLES_000.56|Rock & Roll Racing 2: Red Asphalt||
SLUS_011.24|Rock 'Em Sock 'Em Robots Arena||
SLPS_006.62|Rock-Climbing: Mitouhou e no Chousen: Alps-hen||ロッククライミング 未踏峰への挑戦 アルプス編
SLPM_872.50|Rockman||ロックマン
SLPS_022.20|Rockman||ロックマン
SLPM_872.49|Rockman 2: Dr. Wily no Nazo||ロックマン２　Ｄｒ．ワイリーの謎
SLPS_022.55|Rockman 2: Dr. Wily no Nazo||ロックマン２　Ｄｒ．ワイリーの謎
SLPM_872.58|Rockman 3: Dr. Wily no Saigo!?||ロックマン３　Ｄｒ．ワイリーの最期！？
SLPS_022.62|Rockman 3: Dr. Wily no Saigo!?||ロックマン３　Ｄｒ．ワイリーの最期！？
SLPM_872.59|Rockman 4: Aratanaru Yabou!!||ロックマン４　新たなる野望！！
SLPS_023.24|Rockman 4: Aratanaru Yabou!!||ロックマン４　新たなる野望！！
SLPM_872.68|Rockman 5: Blues no Wana!?||ロックマン５　ブルースの罠！？
SLPS_023.38|Rockman 5: Blues no Wana!?||ロックマン５　ブルースの罠！？
SLPM_872.69|Rockman 6: Shijou Saidai no Tatakai!!||ロックマン６　史上最大の戦い！！
SLPS_023.79|Rockman 6: Shijou Saidai no Tatakai!!||ロックマン６　史上最大の戦い！！
SLPS_006.30|Rockman 8: Metal Heroes||ロックマン８　メタルヒーローズ
SLPS_910.45|Rockman 8: Metal Heroes||ロックマン８　メタルヒーローズ
SLPS_021.09|Rockman Dash 2: Episode 1: 'Roll-chan Kiki Ippatsu!' no Maki||ロックマンＤＡＳＨ２　エピソード１　「ロールちゃん危機一髪！」の巻（体験版）
SLPS_912.04|Rockman Dash 2: Episode 1: 'Roll-chan Kiki Ippatsu!' no Maki||ロックマンＤＡＳＨ２　エピソード１　「ロールちゃん危機一髪！」の巻（体験版）
SLPM_868.13|Rockman Dash 2: Episode 2: Ooinaru Isan||ロックマンＤＡＳＨ２　エピソード２　大いなる遺産
SLPS_027.11|Rockman Dash 2: Episode 2: Ooinaru Isan||ロックマンＤＡＳＨ２　エピソード２　大いなる遺産
SLPS_011.41|Rockman Dash: Hagane no Boukenshin||ロックマンＤＡＳＨ　～鋼の冒険心～
SLPS_910.94|Rockman Dash: Hagane no Boukenshin||ロックマンＤＡＳＨ　～鋼の冒険心～　（ダイジェスト版）
SLPS_911.07|Rockman Dash: Hagane no Boukenshin||ロックマンＤＡＳＨ　～鋼の冒険心～　（ダイジェスト版）
SLPS_911.35|Rockman Dash: Hagane no Boukenshin||ロックマンＤＡＳＨ　～鋼の冒険心～
SLPM_801.58|Rockman Dash: Hagane no Boukenshin (Taikenban)||ロックマンＤＡＳＨ　～鋼の冒険心～（体験版）
SLPS_002.83|Rockman X3||ロックマンＸ３
SLPS_911.92|Rockman X3||ロックマンＸ３
SLPM_873.15|Rockman X4||ロックマンＸ４
SLPS_009.01|Rockman X4||ロックマンＸ４
SLPS_009.02|Rockman X4||ロックマンＸ４
SLPS_911.06|Rockman X4||ロックマンＸ４
SLPM_801.21|Rockman X4, Rockman 8: Metal Heroes, Rockman: Battle & Chase (Taikenban)||ロックマンＸ４，ロックマン８　～メタル・ヒーローズ～，ロックマン　～バトル・チェイス～（体験版）
SLPM_866.66|Rockman X5||ロックマンＸ５
SLPM_870.21|Rockman X5||ロックマンＸ５
SLPM_869.59|Rockman X6||ロックマンＸ６
SLPM_871.83|Rockman X6||ロックマンＸ６
SLPS_007.64|Rockman: Battle & Chase||ロックマン　バトル＆チェイス
SLPS_910.93|Rockman: Battle & Chase||ロックマン　バトル＆チェイス
SLES_029.76|Roger Lemerre: La Sélection des Champions||
SLES_036.04|Roger Lemerre: La Sélection des Champions 2002||
SLES_014.17|Rogue Trip: Vacation 2012||
SLUS_006.43|Rogue Trip: Vacation 2012||
SLUS_900.44|Rogue Trip: Vacation 2012 (Demo)||
SLUS_806.43|Rogue Trip: Vacation 2012 (Trade Demo)||
SLES_034.49|Roland Garros French Open 2001||
SLUS_007.24|Roll Away||
SLES_016.60|Rollcage||
SLUS_008.00|Rollcage||
SLED_017.32|Rollcage (Demo)||
SLED_018.96|Rollcage (Demo)||
SLUS_900.52|Rollcage (Demo)||
SCES_019.22|Rollcage Stage II||
SLUS_008.67|Rollcage Stage II||
SLUS_001.95|Romance of the Three Kingdoms IV: Wall of Fire||
SLUS_009.18|Romance of the Three Kingdoms VI: Awakening of the Dragon||
SLPM_871.13|Romance wa Tsurugi no Kagayaki II: Gin no Niji o Sagashite (Disc 1)||ロマンスは剣の輝きⅡ　～銀の虹を探して～（ディスク１）
SLPM_871.11|Romance wa Tsurugi no Kagayaki II: Gin no Niji o Sagashite (Disc 1) (Shokai Genteiban)||ロマンスは剣の輝きⅡ　～銀の虹を探して～（ディスク１）
SLPM_871.14|Romance wa Tsurugi no Kagayaki II: Gin no Niji o Sagashite (Disc 2)||ロマンスは剣の輝きⅡ　～銀の虹を探して～（ディスク２）
SLPM_871.12|Romance wa Tsurugi no Kagayaki II: Gin no Niji o Sagashite (Disc 2) (Shokai Genteiban)||ロマンスは剣の輝きⅡ　～銀の虹を探して～（ディスク２）
SLES_009.95|Ronaldo V-Football||
SLES_026.81|Ronaldo V-Football||
SLES_020.94|Ronin Blade||
SLPS_021.40|Roommate: Inoue Ryoko||ルームメイト～井上涼子～
SCES_002.57|Rosco McQueen||
SLUS_007.50|Rosco McQueen Firefighter Extreme||
SLES_025.91|Roswell Conspiracies: Aliens, Myths & Legends||
SLUS_010.62|Roswell Conspiracies: Aliens, Myths & Legends||
SLES_040.69|Rox||
SLES_019.39|Ruff & Tumble||
SLES_023.84|Ruff & Tumble||
SLPS_008.57|Runabout||ランナバウト
SLPS_910.59|Runabout||ランナバウト
SLPM_801.04|Runabout (Demo)||ランナバウト
SLES_040.15|Runabout 2||
SLPS_024.03|Runabout 2||ランナバウト２
SLPS_030.33|Runabout 2||ランナバウト２
SLUS_011.35|Runabout 2||
SLPM_805.10|Runabout 2 (Taikenban)||ランナバウト２（体験版）
SCPS_450.64|Running High||ランニング・ハイ
SLPM_800.95|Running High||ランニング・ハイ
SLPS_007.51|Running High||ランニング・ハイ
SCES_016.30|Running Wild||
SCUS_942.72|Running Wild||
SCUS_943.73|Running Wild (Demo)||
SCPS_100.30|Rurouni Kenshin: Meiji Kenkaku Romantan: Ishin Gekitou-hen||るろうに剣心 －明治剣客浪漫譚－ 維新激闘編
SCPS_910.81|Rurouni Kenshin: Meiji Kenkaku Romantan: Ishin Gekitou-hen||るろうに剣心 －明治剣客浪漫譚－ 維新激闘編
PAPX_900.21|Rurouni Kenshin: Meiji Kenkaku Romantan: Juuyuushi Inbou-hen||るろうに剣心 －明治剣客浪漫譚－ 十勇士陰謀編
PAPX_900.24|Rurouni Kenshin: Meiji Kenkaku Romantan: Juuyuushi Inbou-hen||るろうに剣心 －明治剣客浪漫譚－ 十勇士陰謀編
SCPS_100.48|Rurouni Kenshin: Meiji Kenkaku Romantan: Juuyuushi Inbou-hen||るろうに剣心 －明治剣客浪漫譚－ 十勇士陰謀編
SCPS_911.08|Rurouni Kenshin: Meiji Kenkaku Romantan: Juuyuushi Inbou-hen||るろうに剣心 －明治剣客浪漫譚－ 十勇士陰謀編
SCUS_944.17|Rush Hour||
SLES_010.80|Rushdown||
SLUS_008.28|Rushdown||
SLPS_010.35|Ryuuki Denshou: Dragoon||竜機伝承　～ＤＲＡＧＯＯＮ～
SLES_012.86|S.C.A.R.S.||
SLUS_006.92|S.C.A.R.S.||
SLED_014.15|S.C.A.R.S. (Demo)||
SLPS_031.45|SD Gundam Eiyuuden: Daikessen!! Kishi vs. Musha||ＳＤガンダム英雄伝　大決戦！！　騎士　ＶＳ　武者
SCPS_450.34|SD Gundam: GCentury||ＳＤガンダム ジーセンチュリー
SLPS_007.85|SD Gundam: GCentury||ＳＤガンダム ジーセンチュリー
SLPS_910.65|SD Gundam: GCentury||ＳＤガンダム ジーセンチュリー
SLPS_015.60|SD Gundam: GGeneration||ＳＤガンダム ジージェネレーション
SLPS_911.33|SD Gundam: GGeneration||ＳＤガンダム ジージェネレーション
SLPS_015.61|SD Gundam: GGeneration (Premium Disc)||ＳＤガンダム ジージェネレーション　プレミアムディスク
SLPS_022.00|SD Gundam: GGeneration-0 (Disc 1)||ＳＤガンダム ジージェネレーション・ゼロ（ディスク１）
SLPS_032.06|SD Gundam: GGeneration-0 (Disc 1)||ＳＤガンダム ジージェネレーション・ゼロ（ディスク１）
SLPS_022.01|SD Gundam: GGeneration-0 (Disc 2)||ＳＤガンダム ジージェネレーション・ゼロ（ディスク２）
SLPS_032.07|SD Gundam: GGeneration-0 (Disc 2)||ＳＤガンダム ジージェネレーション・ゼロ（ディスク２）
SLPS_029.00|SD Gundam: GGeneration-F (Disc 1)||ＳＤガンダム ジージェネレーション・エフ（ディスク１）
SLPS_029.12|SD Gundam: GGeneration-F (Disc 1)||ＳＤガンダム ジージェネレーション・エフ（ディスク１）
SLPM_840.04|SD Gundam: GGeneration-F (Disc 1) (Tokubetsu-ban)||ＳＤガンダム ジージェネレーション・エフ（ディスク１）
SLPS_029.01|SD Gundam: GGeneration-F (Disc 2)||ＳＤガンダム ジージェネレーション・エフ（ディスク２）
SLPS_029.13|SD Gundam: GGeneration-F (Disc 2)||ＳＤガンダム ジージェネレーション・エフ（ディスク２）
SLPM_840.05|SD Gundam: GGeneration-F (Disc 2) (Tokubetsu-ban)||ＳＤガンダム ジージェネレーション・エフ（ディスク２）
SLPS_029.02|SD Gundam: GGeneration-F (Disc 3)||ＳＤガンダム ジージェネレーション・エフ（ディスク３）
SLPS_029.14|SD Gundam: GGeneration-F (Disc 3)||ＳＤガンダム ジージェネレーション・エフ（ディスク３）
SLPM_840.06|SD Gundam: GGeneration-F (Disc 3) (Tokubetsu-ban)||ＳＤガンダム ジージェネレーション・エフ（ディスク３）
SLPS_029.15|SD Gundam: GGeneration-F (Disc 4) (Premium Disc)||ＳＤガンダム ジージェネレーション・エフ（ディスク４）
SLPM_840.07|SD Gundam: GGeneration-F (Disc 4) (Premium Disc) (Tokubetsu-ban)||ＳＤガンダム ジージェネレーション・エフ（ディスク４）
SLPS_029.03|SD Gundam: GGeneration-F (Disc 4) (Premium Disc) (Tokubetsu-ban)||ＳＤガンダム ジージェネレーション・エフ（ディスク４）
SLPS_031.95|SD Gundam: GGeneration-F.I.F||ＳＤガンダム　ジージェネレーション・エフイフ
SLPS_003.85|SD Gundam: Over Galaxian||ＳＤガンダム　オーバーギャラクシアン
SLPM_860.91|SNK Fan Collection: Garou Densetsu (Shokai Genteiban)||ＳＮＫファン・コレクション　～餓狼伝説～
SCPS_451.02|SaGa Frontier||サガフロンティア
SCUS_942.30|SaGa Frontier||
SLPM_873.75|SaGa Frontier||サガフロンティア
SLPS_008.98|SaGa Frontier||サガフロンティア
SLPS_914.82|SaGa Frontier||サガフロンティア
SLES_021.12|SaGa Frontier 2||
SLES_021.13|SaGa Frontier 2||
SLES_021.18|SaGa Frontier 2||
SLUS_009.33|SaGa Frontier 2||
SCPS_454.00|SaGa Frontier II||サガフロンティアＩＩ
SLPS_019.90|SaGa Frontier II||サガフロンティアＩＩ
SLPS_027.67|SaGa Frontier II||サガフロンティアＩＩ
SLPS_914.83|SaGa Frontier II||サガフロンティアＩＩ
SLES_005.97|Saban's Power Rangers Zeo: Full Tilt Battle Pinball||
SLUS_002.56|Saban's Power Rangers Zeo: Full Tilt Battle Pinball||
SLES_032.86|Saban's Power Rangers: Lightspeed Rescue||
SLUS_011.14|Saban's Power Rangers: Lightspeed Rescue||
SLES_037.30|Saban's Power Rangers: Time Force||
SLUS_013.51|Saban's Power Rangers: Time Force||
SLPS_007.39|Saber Marionette J: Battle Sabers||セイバーマリオネットＪ バトルセイバーズ
SLPS_007.38|Saber Marionette J: Battle Sabers (Shokai Genteiban)||セイバーマリオネットＪ バトルセイバーズ
SLES_036.28|Sabrina l'Apprentie Sorcière et l'Horloge Cosmique||
SLES_035.61|Sabrina the Teenage Witch: A Twitch in Time!||
SLUS_012.08|Sabrina the Teenage Witch: A Twitch in Time!||
SLPS_026.11|Saibara Rieko no Mahjong Toriatama Kikou||西原理恵子の麻雀鳥頭紀行
SLPS_034.82|Saikyou Ginsei Chess||最強銀星チェス
SLPS_034.61|Saikyou Ginsei Mahjong||最強銀星麻雀
SLPS_033.26|Saikyou Ginsei Shougi||最強　銀星将棋
SLPS_034.81|Saikyou Ginsei Shougi 2||最強　銀星将棋２
SLPS_016.79|Saikyou Toudai Shougi||最強　東大将棋
SLPS_025.48|Saikyou Toudai Shougi||最強　東大将棋
SLPS_023.97|Saikyou Toudai Shougi 2||最強　東大将棋２
SLPS_032.30|Saikyou Toudai Shougi 2||最強　東大将棋２
SLPS_013.21|Saikyou no Igo||最強の囲碁
SLPS_019.78|Saikyou no Shougi||最強の将棋
SLPS_012.57|Saishuu Densha||最終電車
SLPS_023.72|Saishuu Densha||最終電車
SLPM_802.15|Saishuu Densha (Taikenban)||最終電車（体験版）
SLUS_013.81|Saiyuki: Journey West||
SLPM_863.39|Saiyuuki||西遊記
SLPM_867.04|Saiyuuki||西遊記
SLPS_011.52|Sakamoto Ryouma: Ishin Kaikoku||坂本竜馬・維新開国
SLPS_028.08|Sakkyoku surun da mon: Dance Remix-hen||作曲するんだもん ダンスリミックス編
SLPS_017.40|Sakuma-shiki Jinsei Game||さくま式人生ゲーム
SLPM_860.37|Salamander Deluxe Pack Plus||沙羅曼蛇 ＤＥＬＵＸＥ ＰＡＣＫ ＰＬＵＳ
SLPM_868.20|Salaryman Champ: Tatakau Salaryman||サラリーマン・チャンプ　～たたかうサラリーマン～
SLPS_028.06|Salaryman Kintarou: The Game||サラリーマン金太郎　ＴＨＥ　ＧＡＭＥ
SLPS_031.75|Salaryman Settai Mahjong||サラリーマン接待麻雀
SLES_037.53|Saltwater Sportfishing||
SLUS_013.97|Saltwater Sportfishing||
SLUS_010.63|Sammy Sosa High Heat Baseball 2001||
SLUS_010.64|Sammy Sosa Softball Slam||
SLES_002.17|Sampras Extreme Tennis||
SLPS_005.94|Sampras Extreme Tennis||サンプラス・エクストリーム・テニス
SLPS_035.05|Samurai Deeper Kyou (Gentei)||サムライ・ディーパー・キョウ
SLPS_035.06|Samurai Deeper Kyou||サムライ・ディーパー・キョウ
SCES_005.63|Samurai Shodown III||
SCUS_942.06|Samurai Shodown III: Blades of Blood||
SLUS_010.39|Samurai Shodown: Warriors Rage||
SLPS_011.71|Samurai Spirits: Amakusa Kourin Special||サムライスピリッツ　天草降臨スペシャル
SLPS_915.13|Samurai Spirits: Amakusa Kourin Special||サムライスピリッツ　天草降臨スペシャル
SCPS_452.09|Samurai Spirits: Kenkaku Shinan Pack||サムライスピリッツ　剣客指南パック
SLPS_006.47|Samurai Spirits: Kenkaku Shinan Pack||サムライスピリッツ　剣客指南パック
SLPS_003.50|Samurai Spirits: Zankurou Musouken||サムライスピリッツ 斬紅郎無双剣
SLPS_915.14|Samurai Spirits: Zankurou Musouken||サムライスピリッツ 斬紅郎無双剣
SLES_012.08|San Francisco Rush: Extreme Racing||
SLUS_005.05|San Francisco Rush: Extreme Racing||
SLPM_868.60|Sangoku Musou||三國無双
SLPS_007.31|Sangoku Musou||三國無双
SLPM_800.85|Sangoku Musou (Taikenban)||三國無双（体験版）
SLPM_867.44|Sangokushi Eiketsuden||三國志英傑伝
SLPS_003.09|Sangokushi Eiketsuden||三國志英傑伝
SLPM_866.07|Sangokushi II||三國志Ⅱ
SLPS_015.96|Sangokushi II||三國志Ⅱ
SLPM_867.47|Sangokushi III||三國志Ⅲ
SLPM_871.29|Sangokushi III||三國志Ⅲ
SLPS_001.14|Sangokushi IV||三國志Ⅳ
SLPS_910.52|Sangokushi IV||三國志Ⅳ
SLPS_009.79|Sangokushi IV with Power-Up Kit||三國志Ⅳ　ｗｉｔｈ　パワーアップキット
SLPM_862.05|Sangokushi Koumeiden||三國志孔明伝
SLPS_006.88|Sangokushi Koumeiden||三國志孔明伝
SLPM_861.71|Sangokushi Returns||三國志リターンズ
SLPS_004.74|Sangokushi Returns||三國志リターンズ
SLPS_007.03|Sangokushi V||三國志Ⅴ
SLPS_014.66|Sangokushi V with Power-Up Kit||三國志Ⅴ　ｗｉｔｈ　パワーアップキット
SCPS_453.27|Sangokushi VI||三國志Ⅵ
SLPM_861.29|Sangokushi VI||三國志Ⅵ
SLPM_868.86|Sangokushi VI||三國志Ⅵ
SLPM_863.12|Sangokushi VI with Power-Up Kit||三國志Ⅵ　ｗｉｔｈ　パワーアップキット
SLPM_867.28|Sangokushi VII||三國志Ⅶ
SCPS_450.03|Sanguozhi IV||三國志Ⅳ
SCPS_451.28|Sanguozhi V||三國志Ⅴ
SLPS_004.25|Sankyo Fever: Downtown Geki||ＳＡＮＫＹＯ　ＦＥＶＥＲ　ダウンタウン劇場
SLPS_002.64|Sankyo Fever: Jikki Simulation||ＳＡＮＫＹＯ　ＦＥＶＥＲ　実機シミュレーション
SLPS_011.76|Sankyo Fever: Jikki Simulation Vol. 2||ＳＡＮＫＹＯ　ＦＥＶＥＲ　実機シミュレーション　Ｖｏｌ．２
SLPS_013.93|Sankyo Fever: Jikki Simulation Vol. 3||ＳＡＮＫＹＯ　ＦＥＶＥＲ　実機シミュレーション　Ｖｏｌ．３
SLPM_800.65|Sanmi Ittai (Taikenban)||三位一体（体験版）
SLES_040.23|Santa Claus Saves the Earth||
SLES_029.19|Sanvein||
SLPS_021.64|Sanyo Pachinko Paradise||三洋パチンコパラダイス
SLPS_023.89|Sanyo Pachinko Paradise 2: Umi Monogatari Special||三洋パチンコパラダイス２　～海物語・スペシャル～
SLPS_026.33|Sanyo Pachinko Paradise 3: Wan Wan Daikoushin||三洋パチンコパラダイス３　～わんわん大行進～
SLPS_029.88|Sanyo Pachinko Paradise 4: Sushiya da Gen-san!!||三洋パチンコパラダイス４　～寿司屋だ源さん！！～
SLPS_031.90|Sanyo Pachinko Paradise 5: Uki Uki Tairyoubata||三洋パチンコパラダイス５　～ウキウキ大漁旗～
SLPS_027.61|Saraba Uchuu Senkan Yamato: Ai no Senshi-tachi (Disc 1)||さらば宇宙戦艦ヤマト　愛の戦士たち（ディスク１）
SLPS_027.62|Saraba Uchuu Senkan Yamato: Ai no Senshi-tachi (Disc 2)||さらば宇宙戦艦ヤマト　愛の戦士たち（ディスク２）
SLPS_027.63|Saraba Uchuu Senkan Yamato: Ai no Senshi-tachi (Disc 3)||さらば宇宙戦艦ヤマト　愛の戦士たち（ディスク３）
SCPS_100.91|Saru! Get You!||サルゲッチュ
SCPS_911.96|Saru! Get You!||サルゲッチュ
PAPX_900.79|Saru! Get You! (Taikenban)||サルゲッチュ（体験版）
SCPS_100.84|Saru! Get You! (Taikenban)||サルゲッチュ（体験版）
SCPS_453.96|Saru! Get You! (Taikenban)||サルゲッチュ（体験版）
SLPS_012.03|SatelliTV||サテライティービー
SLPS_006.13|Satomi no Nazo||里見の謎
SLES_041.77|Schnappi: Das kleine Krokodil: 3 Fun-Games||
SLPS_007.80|Schrödinger no Neko: Die Katze von Schrödinger||シュレディンガーの猫
LSP99016.101|Science Is Elementary 1||
LSP99016.201|Science Is Elementary 2||
LSP99016.301|Science Is Elementary 3||
SLES_037.03|Scooby-Doo and the Cyber Chase||
SLUS_013.96|Scooby-Doo and the Cyber Chase||
SLUS_900.98|Scooby-Doo and the Cyber Chase (Demo)||
SLES_037.33|Scooby-Doo et la Cybertraque||
SLES_037.70|Scooter Racing||
SLES_036.42|Scrabble||
SLES_037.51|Scrabble||
SLUS_009.03|Scrabble||
SLPS_027.57|Screen||スクリーン
SLUS_011.49|Sea-Doo Hydro Cross||
SLPS_003.56|SeaBass Fishing||シーバス・フィッシング
SLPS_009.92|SeaBass Fishing 2||シーバス・フィッシング　２
SLPM_804.26|Segare Ijiri||せがれいじり
SLPM_862.30|Segare Ijiri||せがれいじり
SLPS_023.23|Seikai no Monshou||星界の紋章
SCPS_454.16|Seiken Densetsu: Legend of Mana||聖剣伝説 レジェンド オブ マナ
SLPM_873.94|Seiken Densetsu: Legend of Mana||聖剣伝説 レジェンド オブ マナ
SLPS_021.70|Seiken Densetsu: Legend of Mana||聖剣伝説 レジェンド オブ マナ
SLPS_027.71|Seiken Densetsu: Legend of Mana||聖剣伝説 レジェンド オブ マナ
SLPS_914.56|Seiken Densetsu: Legend of Mana||聖剣伝説 レジェンド オブ マナ
SLPS_004.83|Seikon no Joka: Hikari to Yami no Seioujo||聖痕のジョカ ～光と闇の聖王女～
SLPS_012.71|Seirei Shoukan: Princess of Darkness||精霊召喚　～プリンセス オブ ダークネス～
SLPM_802.71|Seirei Shoukan: Princess of Darkness (Taikenban)||精霊召喚　～プリンセス オブ ダークネス～（体験版）
SLPS_026.52|Seireiki Rayblade||聖霊機ライブレード
SLPS_005.99|Seireki 1999: Pharaoh no Fukkatsu||西暦１９９９　～ファラオの復活～
SLPM_861.91|Seishoujo Kantai Virgin Fleet||聖少女艦隊・バージン・フリート
SLPS_033.25|Sekai Saikyou Ginsei Igo||世界最強銀星囲碁
SLPS_034.80|Sekai Saikyou Ginsei Igo 2||世界最強銀星囲碁２
SLPS_035.63|Sekai Saikyou Ginsei Igo 3||世界最強　銀星囲碁３
SCPS_100.11|Sengoku Cyber: Fujimaru Jigokuhen||戦国サイバー 藤丸地獄変
SLPS_031.51|Sengoku Mugen||戦国夢幻
SLPS_027.36|Senkai Taisen: TV Animation Senkaiden Houshin Engi yori||仙界大戦　～ＴＶアニメーション仙界伝封神演義より～
SLPS_031.76|Senkai Tsuuroku Seishi: TV Animation Senkaiden Houshin Engi yori||仙界通録正史　～ＴＶアニメーション仙界伝封神演義より～
SLPS_004.27|Senran||戦乱
SLPS_026.31|Senryaku Shidan: Tora! Tora! Tora! Rikusen-hen||戦略師団 トラ！トラ！トラ！陸戦編
SLPS_914.22|Senryaku Shidan: Tora! Tora! Tora! Rikusen-hen||戦略師団 トラ！トラ！トラ！陸戦編
SLPS_001.42|Senryaku Shougi||戦略将棋
SLES_010.21|Sensible Soccer||
SCUS_941.10|Sentient||
SLES_001.06|Sentient: Explore the Infinite||
SLPS_031.84|Sentimental Graffiti||センチメンタルグラフティ
SLPS_031.83|Sentimental Graffiti: Yakusoku||センチメンタルグラフティ～約束～
SLPS_014.73|Sentimental Journey||センチメンタル・ジャーニー
SLES_010.51|Sentinel Returns||
SLUS_006.04|Sentinel Returns||
SLPS_001.24|Sento Monogatari: Sono I||占都物語　そのＩ
SCPS_100.34|Sentou Kokka Kai: Improved||戦闘国家－改－　ＩＭＰＲＯＶＥＤ
SCPS_911.56|Sentou Kokka Kai: Improved||戦闘国家－改－　ＩＭＰＲＯＶＥＤ
SCPS_100.15|Sentou Kokka: Air Land Battle||戦闘国家 ＡＩＲ ＬＡＮＤ ＢＡＴＴＬＥ
SCPS_910.08|Sentou Kokka: Air Land Battle||戦闘国家 ＡＩＲ ＬＡＮＤ ＢＡＴＴＬＥ
SLPM_866.12|Septentrion: Out of the Blue||セプテントリオン ～Ｏｕｔ ｏｆ ｔｈｅ Ｂｌｕｅ～
SLPS_019.40|Septentrion: Out of the Blue||セプテントリオン ～Ｏｕｔ ｏｆ ｔｈｅ Ｂｌｕｅ～
SLPS_016.03|Serial Experiments Lain (Disc 1)||シリアル・エクスペリメンツ・レイン（ディスク１）
SLPS_016.04|Serial Experiments Lain (Disc 2)||シリアル・エクスペリメンツ・レイン（ディスク２）
SLES_031.80|Sesame Street Sports||
SLUS_011.80|Sesame Street Sports||
SLES_025.10|Sesame Street: Elmo's Letter Adventure||
SLUS_006.21|Sesame Street: Elmo's Letter Adventure||
SLES_025.11|Sesame Street: Elmo's Number Journey||
SLUS_006.22|Sesame Street: Elmo's Number Journey||
SLPM_860.09|Sexy Parodius||セクシーパロディウス
SCES_021.76|Sfida al Tetris Magico||
SCPS_101.39|Shachou Eiyuuden||射鵰英雄傳
SLES_013.59|Shadow Gunner: The Robot Wars||
SLUS_900.31|Shadow Madness (Demo)||
SCES_020.99|Shadow Madness (Disc 1)||
SCES_021.00|Shadow Madness (Disc 1)||
SCES_021.01|Shadow Madness (Disc 1)||
SCES_021.02|Shadow Madness (Disc 1)||
SCES_021.03|Shadow Madness (Disc 1)||
SLUS_004.68|Shadow Madness (Disc 1)||
SCES_120.99|Shadow Madness (Disc 2)||
SCES_121.00|Shadow Madness (Disc 2)||
SCES_121.01|Shadow Madness (Disc 2)||
SCES_121.02|Shadow Madness (Disc 2)||
SCES_121.03|Shadow Madness (Disc 2)||
SLUS_007.18|Shadow Madness (Disc 2)||
SLES_009.47|Shadow Man||
SLES_022.81|Shadow Man||
SLUS_008.95|Shadow Man||
SLES_022.82|Shadow Man: Rette deine Seele||
SLES_008.88|Shadow Master||
SLUS_005.45|Shadow Master||
SLED_009.68|Shadow Master (Demo)||
SLPS_014.20|Shadow Tower||
SLUS_008.63|Shadow Tower||
SLPM_870.27|Shadow and Shadow||シャドウ アンド シャドウ
SLPS_014.72|Shake Kids||シェイクキッズ
SLPS_034.32|Shaman King: Spirit of Shamans||シャーマンキング スピリットオブシャーマンズ
SLES_015.76|Shane Warne Cricket||
SCPS_100.04|Shanghai: Banri no Choujou||上海 万里の長城
SCPS_100.05|Shanghai: Banri no Choujou (Gentei)||上海 万里の長城
SLPS_002.66|Shanghai: Great Moments||上海　グレートモーメンツ
SLPS_015.52|Shanghai: Mateki Buyuu||上海　～真的武勇～
SLPS_032.08|Shanghai: Mateki Buyuu||上海　～真的武勇～
SLPM_868.36|Shanghai: Shouryuu Sairin||上海～昇龍再臨～
SLUS_007.95|Shanghai: True Valor||
SLES_016.18|Shanghai: True Valor||
SLES_016.58|Shaolin||
SCPS_455.10|Shediao Yingxiongzhuan||射鵰英雄傳
SLES_022.18|Sheep||
SLPM_870.20|Sheep||シープ
SLPS_032.29|Sheep||シープ
SLUS_012.98|Sheep||
SLES_028.95|Sheep, Dog 'n' Wolf||
SLED_036.31|Sheep, Dog 'n' Wolf: Interactive Demo (Demo)||
SLES_000.26|Shellshock||
SLES_002.15|Shellshock||
SLES_002.16|Shellshock||
SLUS_000.31|Shellshock||
SLPS_004.86|Shellshock: Jus' Keepin' da Peace||シェルショック
SLPM_865.27|Shichida-shiki Unou de Asobenture Vol. 1: Kotoba ABC: 0-2-sai Muke||七田式　右脳でアソベンチャー①　【ことばＡＢＣ　０歳～２歳向け】
SLPM_865.28|Shichida-shiki Unou de Asobenture Vol. 2: Katachi 123: 0-2-sai Muke||七田式　右脳でアソベンチャー②　【かたち１２３　０歳～２歳向け】
SLPM_865.29|Shichida-shiki Unou de Asobenture Vol. 3: Kotoba ABC: 2-4sai Muke||七田式　右脳で遊勉チャー③　【ことばＡＢＣ　２歳～４歳向け】
SLPM_865.30|Shichida-shiki Unou de Asobenture Vol. 4: Katachi 123: 2-4-sai Muke||七田式　右脳でアソベンチャー④　【かたち１２３　２歳～４歳向け】
SLPM_865.31|Shichida-shiki Unou de Asobenture Vol. 5: Kotoba ABC: 4-6-sai Muke||七田式　右脳でアソベンチャー⑤　【ことばＡＢＣ　４歳～６歳向け】
SLPM_865.32|Shichida-shiki Unou de Asobenture Vol. 6: Katachi 123: 4-6-sai Muke||七田式　右脳でアソベンチャー⑥　【かたち１２３　４歳～６歳向け】
SLPS_016.19|Shichisei Toushin Guyferd: Crown Kaimetsu Sakusen||七星闘神ガイファード　～クラウン壊滅作戦～
SLPS_000.82|Shichuu Suimei Pitagraph||四柱推命 ～ＰＩＴＡＧＲＡＰＨ～
SLPS_028.10|Shiki Oriori no Bass Tsuri||四季おりおりのバス釣り
SLPM_872.51|Shin DX Okuman Chouja Game: Tsukutte! Utte! Oomouke!||新ＤＸ億万長者ゲーム　作って！　売って！　大儲け！
SLPS_003.81|Shin Fortune Quest: Shokutaku no Kishi-tachi (Gentei)||新フォーチュン・クエスト　～食卓の騎士たち～
SLPS_003.82|Shin Fortune Quest: Shokutaku no Kishi-tachi (Gentei)||新フォーチュン・クエスト　～食卓の騎士たち～
SLPM_861.77|Shin Jidaigeki Action: Rasetsu no Ken||新時代劇アクション　～羅刹の剣～
SLPS_023.19|Shin Masou Kishin: Panzer Warfare||真・魔装機神　－ＰＡＮＺＥＲ　ＷＡＲＦＡＲＥ－
SLPS_031.70|Shin Megami Tensei||真・女神転生
SLPM_869.24|Shin Megami Tensei II||真・女神転生Ⅱ
SLPM_871.53|Shin Megami Tensei If...||真・女神転生ｉｆ…
SLPM_871.54|Shin Megami Tensei If...||真・女神転生ｉｆ…
SLPS_000.84|Shin Nihon Pro Wrestling: Toukon Retsuden||新日本プロレスリング 闘魂烈伝
SLPS_910.09|Shin Nihon Pro Wrestling: Toukon Retsuden||新日本プロレスリング 闘魂烈伝
SLPS_006.37|Shin Nihon Pro Wrestling: Toukon Retsuden 2||新日本プロレスリング　闘魂烈伝２
SLPS_013.66|Shin Nihon Pro Wrestling: Toukon Retsuden 3||新日本プロレスリング 闘魂烈伝３
SLPS_013.14|Shin Nihon Pro Wrestling: Toukon Retsuden 3 (Genteiban)||新日本プロレスリング 闘魂烈伝３
SLPS_005.76|Shin SD Sengokuden: Kidou Musha Taisen (Genteiban)||新ＳＤ戦国伝　機動武者大戦
SLPS_017.55|Shin Sedai Robot Senki: Brave Saga||新世代ロボット戦記　ＢＲＡＶＥ　ＳＡＧＡ
SLPS_017.56|Shin Sedai Robot Senki: Brave Saga||新世代ロボット戦記　ＢＲＡＶＥ　ＳＡＧＡ
SLPM_802.75|Shin Sedai Robot Senki: Brave Saga: Yuusha Gentei Koushiki Data Disc: Yuusha no Akashi||新世代ロボット戦記　「ＢＲＡＶＥ　ＳＡＧＡ」　勇者限定公式データディスク　勇者の証
SLPS_014.85|Shin Seiki Evangelion: Eva to Yukai na Nakama-tachi||新世紀エヴァンゲリオン　エヴァと愉快な仲間たち
SLPS_013.77|Shin Seiki Evangelion: Koutetsu no Girlfriend (Disc 1)||新世紀エヴァンゲリオン 鋼鉄のガールフレンド（ディスク１）
SLPS_013.78|Shin Seiki Evangelion: Koutetsu no Girlfriend (Disc 2)||新世紀エヴァンゲリオン 鋼鉄のガールフレンド（ディスク２）
SLPS_008.73|Shin Senki Van-Gale: The War of Neo-Century||新戦記ヴァンゲイル
SCPS_450.69|Shin Shikoutei: The First Emperor||秦始皇帝
SLPS_008.63|Shin Shikoutei: The First Emperor||秦始皇帝
SLPS_005.50|Shin Super Robot Taisen||新スーパーロボット大戦
SLPS_007.87|Shin Super Robot Taisen: Special Disc||新スーパーロボット大戦　スペシャルディスク
SLPS_008.10|Shin Theme Park||新テーマパーク
SLPS_911.31|Shin Theme Park||新テーマパーク
SLPS_004.14|Shingata Kururin Pa!||新型くるりんＰＡ！
SLPS_028.77|Shinobi no Roku||忍ノ六
SLPS_009.25|Shinseiden Megaseed: Fukkatsu-hen||神聖伝メガシード　～復活編～
SLPM_861.09|Shinsetsu Samurai Spirits: Bushidou Retsuden||真説サムライ・スピリッツ　～武士道烈伝～
SLPS_008.14|Shinsetsu Samurai Spirits: Bushidou Retsuden||真説サムライ・スピリッツ　～武士道烈伝～
SLPS_011.14|Shinshuku Taisen: It's a Nony!||伸縮対戦　Ｉｔ’ｓ　ａ　のに～！
SLPS_028.65|Shinshuku Taisen: It's a Nony!||伸縮対戦　Ｉｔ’ｓ　ａ　のに～！
SLPM_801.56|Shinshuku Taisen: It's a Nony! (Taikenban)||伸縮対戦　Ｉｔ’ｓ　ａ　のに～！（体験版）
SLPS_033.12|Shinsou Kaiten!! Wan Wan Umi Monogatari: Sanyo Pachinko Paradise DX||新装開店！！　わんわん海物語　～三洋パチンコパラダイス　ＤＸ～
SLUS_005.58|Shipwreckers!||
SLUS_900.13|Shipwreckers! (Demo)||
SLPS_012.40|Shiritsu Justice Gakuen: Legion of Heroes (Disc 1) (Evolution Disc)||私立ジャスティス学園　リージョン　オブ　ヒーローズ（ディスク１）
SLPS_012.41|Shiritsu Justice Gakuen: Legion of Heroes (Disc 2) (Arcade Disc)||私立ジャスティス学園　リージョン　オブ　ヒーローズ（ディスク２）
SLPM_867.50|Shiritsu Justice Gakuen: Nekketsu Seishun Nikki 2||私立ジャスティス学園　～熱血青春日記２～
SLPS_021.20|Shiritsu Justice Gakuen: Nekketsu Seishun Nikki 2||私立ジャスティス学園　～熱血青春日記２～
SLPS_016.48|Shisenfuu Gekikara Mahjong||四川風激辛麻雀
SLPS_004.19|Shock Wave||ショックウェーブ
SLPS_005.16|Shock Wave: Operation JumpGate||ショック・ウェーブ 　～オペレーション・ジャンプゲート～
SLES_000.71|Shockwave Assault (Disc 1) (Shockwave: Invasion Earth)||
SLUS_000.28|Shockwave Assault (Disc 1) (Shockwave: Invasion Earth)||
SLES_100.71|Shockwave Assault (Disc 2) (Shockwave: Operation Jumpgate)||
SLUS_001.37|Shockwave Assault (Disc 2) (Shockwave: Operation Jumpgate)||
SLES_038.07|Shonen Jump's One Piece: Grand Battle||
SLES_041.76|Shoot||
SLPS_001.39|Shougi Joryuu Meijin'isen||将棋 女流名人位戦
SLPM_860.69|Shougi Saikyou 2||将棋最強２
SLPS_019.76|Shougi Saikyou: Pro ni Manabu||将棋最強 プロに学ぶ
SLPS_002.53|Shouryuu Sangoku Engi||昇龍三国演義
SLES_039.96|Shrek Treasure Hunt||
SLUS_014.63|Shrek Treasure Hunt||
SLPS_012.02|Shura no Mon||修羅の門
SLPS_002.76|Shusse Mahjong Daisettai||出世麻雀　大接待
SLPS_005.73|Shutokou Battle Gaiden: Super Technic Challenge: Drift King e no Michi||首都高バトル外伝 スーパーテクニックチャレンジ ～ドリフトキングへの道～
SLPM_800.88|Shutokou Battle R||首都高バトルＲ
SLPS_008.28|Shutokou Battle R||首都高バトルＲ
SLPS_910.69|Shutokou Battle R||首都高バトルＲ
SLPS_914.27|Shutokou Battle R||首都高バトルＲ
SLPS_024.01|Shuukan Gallop: Blood Master (Disc 1)||週刊Ｇａｌｌｏｐ　ブラッドマスター（ディスク１）
SLPS_024.02|Shuukan Gallop: Blood Master (Disc 2)||週刊Ｇａｌｌｏｐ　ブラッドマスター（ディスク２）
SLPS_008.81|Shuukan Pro Wres Kanshuu: Pro Wres Sengokuden||週刊プロレス監修 プロレス戦国伝
SLPS_003.36|Sid Meier's Civilization: Shin Sekai Shichidai Bunmei||シヴィライゼーション　～新・世界七大文明～
SLPS_010.79|Side Pocket 3||サイド・ポケット３
SLPS_011.75|Side by Side Special||サイドバイサイドスペシャル
SLPM_801.45|Side by Side Special (Taikenban)||サイドバイサイドスペシャル（体験版）
SLPM_863.44|Side by Side Special 2000||サイドバイサイドスペシャル２０００
SLPS_001.56|Sidewinder||サイドワインダー
SLPS_009.54|Sidewinder 2: Let's Dance in the Sky||サイドワインダー２
SLPS_911.32|Sidewinder 2: Let's Dance in the Sky||サイドワインダー２
SLPS_910.10|Sidewinder USA||サイドワインダーＵＳＡ
SLES_027.92|Silent Bomber||
SLES_029.89|Silent Bomber||
SLES_029.90|Silent Bomber||
SLES_029.91|Silent Bomber||
SLES_029.92|Silent Bomber||
SLPS_023.34|Silent Bomber||サイレントボマー
SLUS_009.02|Silent Bomber||
SLPM_804.94|Silent Bomber (Taikenban)||サイレントボマー（体験版）
SLES_015.14|Silent Hill|Konami|
SLPM_803.63|Silent Hill|Konami|サイレントヒル
SLPM_861.92|Silent Hill|Konami|サイレントヒル
SLPM_864.98|Silent Hill|Konami|サイレントヒル
SLPM_870.29|Silent Hill|Konami|サイレントヒル
SLUS_007.07|Silent Hill|Konami|
SLED_017.35|Silent Hill (Demo)|Konami|
SLED_017.74|Silent Hill (Demo)|Konami|
SLED_021.86|Silent Hill (Demo)|Konami|
SLUS_900.50|Silent Hill (Demo)|Konami|
SLUS_807.07|Silent Hill (Trade Demo)|Konami|
SLES_041.57|Silent Iron||
SLPS_016.18|Silent Möbius: Case: Titanic||サイレントメビウス・ケースタイタニック
SLPS_018.03|Silent Möbius: Gen'ei no Datenshi||サイレントメビウス　幻影の堕天使
SLUS_007.28|Silhouette Mirage||
SLPS_014.49|Silhouette Mirage: Reprogrammed Hope||シルエットミラージュ　リプログラムド　ホープ
SLPS_003.74|Silhouette Stories||シルエット・ストーリィズ
SLPS_023.20|Silver Jiken: The Silver||シルバー事件
SLPS_029.69|Silver Jiken: The Silver||シルバー事件
SLPM_804.69|Silver Jiken: The Silver: Experience (Taikenban)||シルバー事件　Ｔｈｅ　Ｓｉｌｖｅｒ　ＥＸＰＥＲＩＥＮＣＥ（体験版）
SLUS_000.50|Silverload||
SLPS_007.48|Sim Town||シムタウン
SLES_004.71|SimCity 2000||
SLPS_004.20|SimCity 2000||シムシティ２０００
SLPS_910.98|SimCity 2000||シムシティ２０００
SLUS_001.13|SimCity 2000||
SLUS_010.69|Sim Theme Park||
SLPS_028.42|Simple 1500 Jitsuyou Series Vol. 01: Norikae Annai: 2000-nenban||ＳＩＭＰＬＥ１５００実用シリーズ　Ｖｏｌ．０１　乗換案内　～２０００年版～
SLPS_028.43|Simple 1500 Jitsuyou Series Vol. 02: Katei no Fuusui||ＳＩＭＰＬＥ１５００実用シリーズ　Ｖｏｌ．０２　家庭の風水
SLPS_028.41|Simple 1500 Jitsuyou Series Vol. 03: Seimei Handan||ＳＩＭＰＬＥ１５００実用シリーズ　Ｖｏｌ．０３　姓名判断
SLPS_028.39|Simple 1500 Jitsuyou Series Vol. 04: Ryouri: Teiban Ryouri Recipe-shuu||ＳＩＭＰＬＥ１５００実用シリーズ　Ｖｏｌ．０４　料理　～定番料理レシピ集～
SLPM_867.06|Simple 1500 Jitsuyou Series Vol. 05: Kusuri no Jiten: Pill Book 2001-nenban||ＳＩＭＰＬＥ１５００実用シリーズ　Ｖｏｌ．０５　薬の事典　～ピルブック２００１年版～
SLPM_867.07|Simple 1500 Jitsuyou Series Vol. 06: Cocktail no Recipe||ＳＩＭＰＬＥ１５００実用シリーズ　Ｖｏｌ．０６　カクテルのレシピ
SLPM_867.97|Simple 1500 Jitsuyou Series Vol. 07: Tanoshiku Manabu Unten Menkyo||ＳＩＭＰＬＥ１５００実用シリーズ　Ｖｏｌ．０７　楽しく学ぶ運転免許
SLPM_867.08|Simple 1500 Jitsuyou Series Vol. 08: 1-jikan de Wakaru Kabushiki Toushi||ＳＩＭＰＬＥ１５００実用シリーズ　Ｖｏｌ．０８　１時間でわかる株式投資
SLPM_868.43|Simple 1500 Jitsuyou Series Vol. 09: Watashi Style no Aromatherapy||ＳＩＭＰＬＥ１５００実用シリーズ　Ｖｏｌ．０９　わたしスタイルのアロマセラピー
SLPM_869.13|Simple 1500 Jitsuyou Series Vol. 10: Tarot Uranai||ＳＩＭＰＬＥ１５００実用シリーズ　Ｖｏｌ．１０　タロット占い
SLPM_869.68|Simple 1500 Jitsuyou Series Vol. 11: Katei de Dekiru Tsubo Shiatsu||ＳＩＭＰＬＥ１５００実用シリーズ　Ｖｏｌ．１１　家庭でできるツボ指圧
SLPM_869.69|Simple 1500 Jitsuyou Series Vol. 12: Katei no Igaku: Shindan Jiten||ＳＩＭＰＬＥ１５００実用シリーズ　Ｖｏｌ．１２　家庭の医学　～診断事典～
SLPM_870.16|Simple 1500 Jitsuyou Series Vol. 13: Shinri Game: Soreike x Kokology: Kokoro no Uso no Makafushigi||ＳＩＭＰＬＥ１５００実用シリーズ　Ｖｏｌ．１３　心理ゲーム　～それいけ×ココロジー～　ココロのウソの摩訶不思議
SLPM_870.22|Simple 1500 Jitsuyou Series Vol. 14: Kurashi no Manner: Kankon Sousai-hen||ＳＩＭＰＬＥ１５００実用シリーズ　Ｖｏｌ．１４　暮らしのマナー　～冠婚葬祭編～
SLPM_870.51|Simple 1500 Jitsuyou Series Vol. 15: Inu no Kai-kata: Sekai no Inu Catalog||ＳＩＭＰＬＥ１５００実用シリーズ　Ｖｏｌ．１５　犬の飼い方　～世界の犬カタログ～
SLPM_870.52|Simple 1500 Jitsuyou Series Vol. 16: Neko no Kai-kata: Sekai no Neko Catalog||ＳＩＭＰＬＥ１５００実用シリーズ　Ｖｏｌ．１６　猫の飼い方　～世界の猫カタログ～
SLPM_870.49|Simple 1500 Jitsuyou Series Vol. 17: Planetarium||ＳＩＭＰＬＥ１５００実用シリーズ　Ｖｏｌ．１７　プラネタリウム
SLPM_870.72|Simple 1500 Jitsuyou Series Vol. 18: Kanji Quiz: Kanji Kentei ni Challenge||ＳＩＭＰＬＥ１５００実用シリーズ　Ｖｏｌ．１８　漢字・クイズ　～漢字検定にチャレンジ～
SLPM_871.41|Simple 1500 Series Vol. 100: The Uchuu Hikoushi||ＳＩＭＰＬＥ１５００シリーズ　Ｖｏｌ．１００　ＴＨＥ　宇宙飛行士
SLPM_871.42|Simple 1500 Series Vol. 101: The Sentou||ＳＩＭＰＬＥ１５００シリーズ　Ｖｏｌ．１０１　ＴＨＥ　銭湯
SLPM_871.44|Simple 1500 Series Vol. 102: The Densha Untenshu: Densha de Go! Nagoya Tetsudou-hen||ＳＩＭＰＬＥ１５００シリーズ　Ｖｏｌ．１０２　ＴＨＥ　電車運転手～電車でＧＯ！名古屋鉄道編～
SLPM_872.12|Simple 1500 Series Vol. 103: The Ganso Densha Untenshi: Densha de Go!||ＳＩＭＰＬＥ１５００シリーズ　Ｖｏｌ．１０３　ＴＨＥ　元祖電車運転士　～電車でＧＯ！～
SLPM_872.15|Simple 1500 Series Vol. 104: The Pink Panther: Pinkadelic Pursuit||ＳＩＭＰＬＥ１５００シリーズ　Ｖｏｌ．１０４　ＴＨＥ　ピンクパンサー　Ｐｉｎｋａｄｅｌｉｃ　Ｐｕｒｓｕｉｔ
SLPS_020.30|Simple 1500 Series Vol. 10: The Billiard||ＳＩＭＰＬＥ１５００シリーズ　Ｖｏｌ．１０　ＴＨＥ　ビリヤード
SLPS_024.46|Simple 1500 Series Vol. 10: The Billiard||ＳＩＭＰＬＥ１５００シリーズ　Ｖｏｌ．１０　ＴＨＥ　ビリヤード
SLPS_021.78|Simple 1500 Series Vol. 11: The Pinball 3D||ＳＩＭＰＬＥ１５００シリーズ　Ｖｏｌ．１１　ＴＨＥ　ピンボール　３Ｄ
SLPS_024.47|Simple 1500 Series Vol. 11: The Pinball 3D||ＳＩＭＰＬＥ１５００シリーズ　Ｖｏｌ．１１　ＴＨＥ　ピンボール　３Ｄ
SLPS_021.79|Simple 1500 Series Vol. 12: The Quiz||ＳＩＭＰＬＥ１５００シリーズ　Ｖｏｌ．１２　ＴＨＥ　クイズ
SLPS_024.48|Simple 1500 Series Vol. 12: The Quiz||ＳＩＭＰＬＥ１５００シリーズ　Ｖｏｌ．１２　ＴＨＥ　クイズ
SLPS_021.97|Simple 1500 Series Vol. 13: The Race||ＳＩＭＰＬＥ１５００シリーズ　Ｖｏｌ．１３　ＴＨＥ　レース
SLPS_024.49|Simple 1500 Series Vol. 13: The Race||ＳＩＭＰＬＥ１５００シリーズ　Ｖｏｌ．１３　ＴＨＥ　レース
SLPS_022.27|Simple 1500 Series Vol. 14: The Block Kuzushi||ＳＩＭＰＬＥ１５００シリーズ　Ｖｏｌ．１４　ＴＨＥ　ブロックくずし
SLPS_024.50|Simple 1500 Series Vol. 14: The Block Kuzushi||ＳＩＭＰＬＥ１５００シリーズ　Ｖｏｌ．１４　ＴＨＥ　ブロックくずし
SLPS_023.01|Simple 1500 Series Vol. 15: The Pachinko||ＳＩＭＰＬＥ１５００シリーズ　Ｖｏｌ．１５　ＴＨＥ　パチンコ
SLPS_024.51|Simple 1500 Series Vol. 15: The Pachinko||ＳＩＭＰＬＥ１５００シリーズ　Ｖｏｌ．１５　ＴＨＥ　パチンコ
SLPS_024.52|Simple 1500 Series Vol. 16: The Pachi-Slot||ＳＩＭＰＬＥ１５００シリーズ　Ｖｏｌ．１６　ＴＨＥ　パチスロ
SLPS_023.03|Simple 1500 Series Vol. 17: The Bike Race||ＳＩＭＰＬＥ１５００シリーズ　Ｖｏｌ．１７　ＴＨＥ　バイクレース
SLPS_024.53|Simple 1500 Series Vol. 17: The Bike Race||ＳＩＭＰＬＥ１５００シリーズ　Ｖｏｌ．１７　ＴＨＥ　バイクレース
SLPS_024.33|Simple 1500 Series Vol. 18: The Bowling||ＳＩＭＰＬＥ１５００シリーズ　Ｖｏｌ．１８　ＴＨＥ　ボーリング
SLPS_024.35|Simple 1500 Series Vol. 19: The Sugoroku||ＳＩＭＰＬＥ１５００シリーズ　Ｖｏｌ．１９　ＴＨＥ　すごろく
SLPS_016.31|Simple 1500 Series Vol. 1: The Mahjong||ＳＩＭＰＬＥ１５００シリーズ　Ｖｏｌ．１　ＴＨＥ　麻雀
SLPS_024.37|Simple 1500 Series Vol. 1: The Mahjong||ＳＩＭＰＬＥ１５００シリーズ　Ｖｏｌ．１　ＴＨＥ　麻雀
SLPS_024.34|Simple 1500 Series Vol. 20: The Puzzle||ＳＩＭＰＬＥ１５００シリーズ　Ｖｏｌ．２０　ＴＨＥ　パズル
SLPS_024.71|Simple 1500 Series Vol. 21: The Yakyuu||ＳＩＭＰＬＥ１５００シリーズ　Ｖｏｌ．２１　ＴＨＥ　野球
SLPM_867.19|Simple 1500 Series Vol. 21: The Yakyuu: Pro Yakyuu Jitsumeiban||ＳＩＭＰＬＥ１５００シリーズ　Ｖｏｌ．２１　ＴＨＥ　野球　～プロ野球実名版～
SLPS_024.72|Simple 1500 Series Vol. 22: The Pro Wrestling||ＳＩＭＰＬＥ１５００シリーズ　Ｖｏｌ．２２　ＴＨＥ　プロレス
SLPS_024.73|Simple 1500 Series Vol. 23: The Gateball||ＳＩＭＰＬＥ１５００シリーズ　Ｖｏｌ．２３　ＴＨＥ　ゲートボール
SLPS_024.74|Simple 1500 Series Vol. 24: The Gun Shooting||ＳＩＭＰＬＥ１５００シリーズ　Ｖｏｌ．２４　ＴＨＥ　ガンシューティング
SLPS_024.75|Simple 1500 Series Vol. 25: The Keiba||ＳＩＭＰＬＥ１５００シリーズ　Ｖｏｌ．２５　ＴＨＥ　競馬
SLPS_022.28|Simple 1500 Series Vol. 26: The Tennis||ＳＩＭＰＬＥ１５００シリーズ　Ｖｏｌ．２６　ＴＨＥ　テニス
SLPS_026.30|Simple 1500 Series Vol. 27: The Snowboard||ＳＩＭＰＬＥ１５００シリーズ　Ｖｏｌ．２７　ＴＨＥ　スノーボード
SLPS_027.26|Simple 1500 Series Vol. 28: The Dungeon RPG||ＳＩＭＰＬＥ１５００シリーズ　Ｖｏｌ．２８　ＴＨＥ　ダンジョンＲＰＧ
SLPS_027.55|Simple 1500 Series Vol. 29: The Tsuri||ＳＩＭＰＬＥ１５００シリーズ　Ｖｏｌ．２９　ＴＨＥ　つり
SLPS_016.32|Simple 1500 Series Vol. 2: The Shougi||ＳＩＭＰＬＥ１５００シリーズ　Ｖｏｌ．２　～ＴＨＥ　将棋～
SLPS_024.38|Simple 1500 Series Vol. 2: The Shougi||ＳＩＭＰＬＥ１５００シリーズ　Ｖｏｌ．２　～ＴＨＥ　将棋～
SLPS_027.56|Simple 1500 Series Vol. 30: The Basket: 1 on 1 Plus||ＳＩＭＰＬＥ１５００シリーズ　Ｖｏｌ．３０　ＴＨＥ　バスケット　～１　ｏｎ　１　プラス～
SLPS_028.40|Simple 1500 Series Vol. 31: The Sound Novel||ＳＩＭＰＬＥ１５００シリーズ　Ｖｏｌ．３１　ＴＨＥ　サウンドノベル
SLPS_029.22|Simple 1500 Series Vol. 32: The Boxing||ＳＩＭＰＬＥ１５００シリーズ　Ｖｏｌ．３２　ＴＨＥ　ボクシング
SLPS_029.08|Simple 1500 Series Vol. 33: The Takkyuu||ＳＩＭＰＬＥ１５００シリーズ　Ｖｏｌ．３３　ＴＨＥ　卓球
SLPS_029.09|Simple 1500 Series Vol. 34: The Quiz Bangumi||ＳＩＭＰＬＥ１５００シリーズ　Ｖｏｌ．３４　ＴＨＥ　クイズ番組
SLPS_029.10|Simple 1500 Series Vol. 35: The Shooting||ＳＩＭＰＬＥ１５００シリーズ　Ｖｏｌ．３５　ＴＨＥ　シューティング
SLPS_029.23|Simple 1500 Series Vol. 36: The Ren'ai Simulation: Natsuiro Celebration||ＳＩＭＰＬＥ１５００シリーズ　Ｖｏｌ．３６　ＴＨＥ　恋愛シュミレーション～夏色セレブレーション～
SLPS_029.58|Simple 1500 Series Vol. 37: The Illust Puzzle & Slide Puzzle||ＳＩＭＰＬＥ１５００シリーズ　Ｖｏｌ．３７　ＴＨＥ　イラストパズル＆スライドパズル
SLPS_029.59|Simple 1500 Series Vol. 38: The Real Racing: Toyota||ＳＩＭＰＬＥ１５００シリーズ　Ｖｏｌ．３８　ＴＨＥ　リアルレーシング　ＴＯＹＯＴＡ
SLPS_030.04|Simple 1500 Series Vol. 39: The Mahjong 2||ＳＩＭＰＬＥ１５００シリーズ Ｖｏｌ．３９ ＴＨＥ 麻雀２
SLPS_016.33|Simple 1500 Series Vol. 3: The Gomoku Narabe||ＳＩＭＰＬＥ１５００シリーズ　Ｖｏｌ．３　ＴＨＥ　五目ならべ
SLPS_024.39|Simple 1500 Series Vol. 3: The Gomoku Narabe||ＳＩＭＰＬＥ１５００シリーズ　Ｖｏｌ．３　ＴＨＥ　五目ならべ
SLPS_030.06|Simple 1500 Series Vol. 40: The Shougi 2||ＳＩＭＰＬＥ１５００シリーズ　Ｖｏｌ．４０　ＴＨＥ　将棋２
SLPS_030.10|Simple 1500 Series Vol. 41: The Reversi 2||ＳＩＭＰＬＥ１５００シリーズ　Ｖｏｌ．４１　ＴＨＥ　リバーシ２
SLPS_030.05|Simple 1500 Series Vol. 42: The Igo 2||ＳＩＭＰＬＥ１５００シリーズ　Ｖｏｌ．４２　ＴＨＥ　囲碁２
SLPS_030.09|Simple 1500 Series Vol. 43: The Hanafuda 2||ＳＩＭＰＬＥ１５００シリーズ　Ｖｏｌ．４３　ＴＨＥ　花札２
SLPS_030.07|Simple 1500 Series Vol. 44: The Card 2||ＳＩＭＰＬＥ１５００シリーズ　Ｖｏｌ．４４　ＴＨＥ　カード２
SLPS_030.36|Simple 1500 Series Vol. 45: The Block Kuzushi 2||ＳＩＭＰＬＥ１５００シリーズ　Ｖｏｌ．４５　ＴＨＥ　ブロックくずし２
SLPS_030.35|Simple 1500 Series Vol. 46: The Mahjong Ochigee: Raku Jongg||ＳＩＭＰＬＥ１５００シリーズ　Ｖｏｌ．４７　ＴＨＥ　麻雀落ちゲー　落雀
SLPS_030.37|Simple 1500 Series Vol. 47: The Skateboard||ＳＩＭＰＬＥ１５００シリーズ　Ｖｏｌ．４７　ＴＨＥ　スケートボード
SLPM_866.98|Simple 1500 Series Vol. 48: The Puzzle 2||ＳＩＭＰＬＥ１５００シリーズ Ｖｏｌ．４８ ＴＨＥ パズル２
SLPM_866.99|Simple 1500 Series Vol. 49: The Casino||ＳＩＭＰＬＥ１５００シリーズ　Ｖｏｌ．４９　ＴＨＥ　カジノ
SLPS_016.34|Simple 1500 Series Vol. 4: The Reversi||ＳＩＭＰＬＥ１５００シリーズ　Ｖｏｌ．４　ＴＨＥ　リバーシ
SLPS_024.40|Simple 1500 Series Vol. 4: The Reversi||ＳＩＭＰＬＥ１５００シリーズ　Ｖｏｌ．４　ＴＨＥ　リバーシ
SLPM_866.97|Simple 1500 Series Vol. 50: The Billiard 2||ＳＩＭＰＬＥ１５００シリーズ　Ｖｏｌ．５０　ＴＨＥ　ビリヤード２
SLPM_867.00|Simple 1500 Series Vol. 51: The Jigsaw Puzzle||ＳＩＭＰＬＥ１５００シリーズ　Ｖｏｌ．５１　ＴＨＥ　ジグソーパズル
SLPM_867.02|Simple 1500 Series Vol. 52: The Pro Wrestling 2||ＳＩＭＰＬＥ１５００シリーズ　Ｖｏｌ．５２　ＴＨＥ　プロレス２
SLPM_867.01|Simple 1500 Series Vol. 53: The Helicopter||ＳＩＭＰＬＥ１５００シリーズ　Ｖｏｌ．５３　ＴＨＥ　ヘリコプター
SLPM_867.13|Simple 1500 Series Vol. 54: The Volleyball: Break Volley Plus||ＳＩＭＰＬＥ１５００シリーズ　Ｖｏｌ．５４　ＴＨＥ　バレーボール　～ブレイクバレー　プラス～
SLPM_867.14|Simple 1500 Series Vol. 55: The Darts||ＳＩＭＰＬＥ１５００シリーズ　Ｖｏｌ．５５　ＴＨＥ　ダーツ
SLPM_867.62|Simple 1500 Series Vol. 56: The Sniper||ＳＩＭＰＬＥ１５００シリーズ　Ｖｏｌ．５６　ＴＨＥ　スナイパー
SLPM_867.15|Simple 1500 Series Vol. 57: The Meiro||ＳＩＭＰＬＥ１５００シリーズ　Ｖｏｌ．５７　ＴＨＥ　迷路
SLPM_867.60|Simple 1500 Series Vol. 58: The Sumou||ＳＩＭＰＬＥ１５００シリーズ　Ｖｏｌ．５８　ＴＨＥ　相撲
SLPM_867.09|Simple 1500 Series Vol. 59: The Suiri: IT Tantei 18 no Jikenbo||ＳＩＭＰＬＥ１５００シリーズ　Ｖｏｌ．５９　ＴＨＥ　推理　～ＩＴ探偵１８の事件簿～
SLPS_016.83|Simple 1500 Series Vol. 5: The Igo||ＳＩＭＰＬＥ１５００シリーズ　Ｖｏｌ．５　ＴＨＥ　囲碁
SLPS_024.41|Simple 1500 Series Vol. 5: The Igo||ＳＩＭＰＬＥ１５００シリーズ　Ｖｏｌ．５　ＴＨＥ　囲碁
SLPM_867.61|Simple 1500 Series Vol. 60: The Table Hockey||ＳＩＭＰＬＥ１５００シリーズ　Ｖｏｌ．６０　ＴＨＥ　テーブルホッケー
SLPM_868.03|Simple 1500 Series Vol. 61: The Quiz 2||ＳＩＭＰＬＥ１５００シリーズ　Ｖｏｌ．６１　ＴＨＥ　クイズ２
SLPM_868.01|Simple 1500 Series Vol. 62: The Ski||ＳＩＭＰＬＥ１５００シリーズ　Ｖｏｌ．６２　ＴＨＥ　スキー
SLPM_868.16|Simple 1500 Series Vol. 63: The Gun Shooting 2||ＳＩＭＰＬＥ１５００シリーズ　Ｖｏｌ．６３　ＴＨＥ　ガンシューティング２
SLPM_868.41|Simple 1500 Series Vol. 64: The Kick Boxing||ＳＩＭＰＬＥ１５００シリーズ Ｖｏｌ．６４ ＴＨＥ キックボクシング
SLPM_868.42|Simple 1500 Series Vol. 65: The Golf||ＳＩＭＰＬＥ１５００シリーズ　Ｖｏｌ．６５　ＴＨＥ　ゴルフ
SLPM_868.40|Simple 1500 Series Vol. 66: The Kaiten: Mawasundaa!!||ＳＩＭＰＬＥ１５００シリーズ　Ｖｏｌ．６６　ＴＨＥ　回転　まわすんだ～！！
SLPM_868.64|Simple 1500 Series Vol. 67: The Soccer: Dynamite Soccer 1500||ＳＩＭＰＬＥ１５００シリーズ　Ｖｏｌ．６７　ＴＨＥ　サッカー　～ダイナマイトサッカー１５００～
SLPM_868.65|Simple 1500 Series Vol. 68: The RC Car: RC de Go!||ＳＩＭＰＬＥ１５００シリーズ　Ｖｏｌ．６８　ＴＨＥ　ＲＣカー　ＲＣでＧＯ！
SLPM_868.68|Simple 1500 Series Vol. 69: The Putter Golf||ＳＩＭＰＬＥ１５００シリーズ　Ｖｏｌ．６９　ＴＨＥ　パターゴルフ
SLPS_016.84|Simple 1500 Series Vol. 6: The Hanafuda||ＳＩＭＰＬＥ１５００シリーズ　Ｖｏｌ．６　ＴＨＥ　花札
SLPS_024.42|Simple 1500 Series Vol. 6: The Hanafuda||ＳＩＭＰＬＥ１５００シリーズ　Ｖｏｌ．６　ＴＨＥ　花札
SLPM_868.69|Simple 1500 Series Vol. 70: The War Simulation: Hito no Tsukurishi Mono-tachi||ＳＩＭＰＬＥ１５００シリーズ　Ｖｏｌ．７０　ＴＨＥ　ウォーシミュレーション　人の創りし者達
SLPM_868.70|Simple 1500 Series Vol. 71: The Ren'ai Simulation 2: Fureai||ＳＩＭＰＬＥ１５００シリーズ　Ｖｏｌ．７１　ＴＨＥ　恋愛シミュレーション２　～ふれあい～
SLPM_868.71|Simple 1500 Series Vol. 72: The Beach Volley||ＳＩＭＰＬＥ１５００シリーズ　Ｖｏｌ．７２　ＴＨＥ　ビーチバレー
SLPM_869.00|Simple 1500 Series Vol. 73: The Invaders: Space Invaders 1500||ＳＩＭＰＬＥ１５００シリーズ　Ｖｏｌ．７３　ＴＨＥ　インベーダー　～スペースインベーダー１５００～
SLPM_869.01|Simple 1500 Series Vol. 74: The Horror Mystery: Sangeki-kan: Kevin Hakushaku no Fukkatsu||ＳＩＭＰＬＥ１５００シリーズ　Ｖｏｌ．７４　ＴＨＥ　ホラーミステリー　惨劇館　～ケビン伯爵の復活～
SLPM_869.12|Simple 1500 Series Vol. 75: The Double Shooting: RayStorm x RayCrisis||シンプル１５００シリーズ　Ｖｏｌ．７５　ＴＨＥ　ダブル・シューティング　～レイストーム×レイクライシス～
SLPM_869.14|Simple 1500 Series Vol. 76: The Dodgeball||ＳＩＭＰＬＥ１５００シリーズ　Ｖｏｌ．７６　～ＴＨＥ　ドッヂボール～
SLPM_869.15|Simple 1500 Series Vol. 77: The Suiei||ＳＩＭＰＬＥ１５００シリーズ　Ｖｏｌ．７７　ＴＨＥ　水泳
SLPM_867.12|Simple 1500 Series Vol. 78: The Zeroyon||ＳＩＭＰＬＥ１５００シリーズ　Ｖｏｌ．７８　ＴＨＥ　ゼロヨン
SLPM_869.70|Simple 1500 Series Vol. 79: The Shisenshou||ＳＩＭＰＬＥ１５００シリーズ　Ｖｏｌ．７９　ＴＨＥ　四川省
SLPS_016.85|Simple 1500 Series Vol. 7: The Card||ＳＩＭＰＬＥ１５００シリーズ　Ｖｏｌ．７　ＴＨＥ　カード
SLPS_024.43|Simple 1500 Series Vol. 7: The Card||ＳＩＭＰＬＥ１５００シリーズ　Ｖｏｌ．７　ＴＨＥ　カード
SLPM_869.71|Simple 1500 Series Vol. 80: The Jintori||ＳＩＭＰＬＥ１５００シリーズ　Ｖｏｌ．８０　ＴＨＥ　陣取り
SLPM_869.72|Simple 1500 Series Vol. 81: The Ren'ai Adventure: Okaeri!||ＳＩＭＰＬＥ１５００シリーズ　Ｖｏｌ．８１　ＴＨＥ　恋愛アドベンチャー　おかえりっ！
SLPM_869.73|Simple 1500 Series Vol. 82: The Sensuikan||ＳＩＭＰＬＥ１５００シリーズ　Ｖｏｌ．８２　ＴＨＥ　潜水艦
SLPM_869.98|Simple 1500 Series Vol. 83: The Wakeboard: BursTrick: Wake Boarding!!||ＳＩＭＰＬＥ１５００シリーズ　Ｖｏｌ．８３　ＴＨＥ　ウェイクボード　～バーストリック　ウェイクボーディング！！～
SLPM_869.74|Simple 1500 Series Vol. 84: The Intro Quiz||ＳＩＭＰＬＥ１５００シリーズ　Ｖｏｌ．８４　ＴＨＥ　イントロクイズ
SLPM_870.08|Simple 1500 Series Vol. 85: The Sengoku Bushou: Tenka Touitsu no Yabou||ＳＩＭＰＬＥ１５００シリーズ　Ｖｏｌ．８５　ＴＨＥ　戦国武将　～天下統一の野望～
SLPM_870.17|Simple 1500 Series Vol. 86: The Onigokko||ＳＩＭＰＬＥ１５００シリーズ　Ｖｏｌ．８６　ＴＨＥ　鬼ごっこ
SLPM_870.26|Simple 1500 Series Vol. 87: The Kyoutei||ＳＩＭＰＬＥ１５００シリーズ　Ｖｏｌ．８７　ＴＨＥ　競艇
SLPM_870.23|Simple 1500 Series Vol. 88: The Gal Mahjong: Love Songs: Idol wa High Rate||ＳＩＭＰＬＥ１５００シリーズ　Ｖｏｌ．８８　ＴＨＥ　ギャル麻雀　Ｌｏｖｅ　Ｓｏｎｇｓ　アイドルはハイレ～ト
SLPM_870.35|Simple 1500 Series Vol. 89: The Power Shovel ni Norou!!||ＳＩＭＰＬＥ１５００シリーズ　Ｖｏｌ．８９　ＴＨＥ　パワーショベルに乗ろう！！
SLPS_016.86|Simple 1500 Series Vol. 8: The Solitaire||ＳＩＭＰＬＥ１５００シリーズ　Ｖｏｌ．８　ＴＨＥ　ソリティア
SLPS_024.44|Simple 1500 Series Vol. 8: The Solitaire||ＳＩＭＰＬＥ１５００シリーズ　Ｖｏｌ．８　ＴＨＥ　ソリティア
SLPM_870.44|Simple 1500 Series Vol. 90: The Sensha||ＳＩＭＰＬＥ１５００シリーズ　Ｖｏｌ．９０　ＴＨＥ　戦車
SLPM_869.75|Simple 1500 Series Vol. 91: The Gambler: Honoo no Tobaku Densetsu||ＳＩＭＰＬＥ１５００シリーズ　Ｖｏｌ．９１　ＴＨＥ　ギャンブラー　～炎の賭博伝説～
SLPM_870.36|Simple 1500 Series Vol. 92: The Tozan RPG: Ginrei no Hasha||ＳＩＭＰＬＥ１５００シリーズ　Ｖｏｌ．９２　ＴＨＥ　登山ＲＰＧ　～銀嶺の覇者～
SLPM_870.57|Simple 1500 Series Vol. 93: The Puzzle Bobble: Puzzle Bobble 4||ＳＩＭＰＬＥ１５００シリーズ　Ｖｏｌ．９３　ＴＨＥ　パズルボブル　パズルボブル４
SLPM_870.76|Simple 1500 Series Vol. 94: The Cameraman: Gekisha Boy Omake Tsuki||ＳＩＭＰＬＥ１５００シリーズ　Ｖｏｌ．９４　ＴＨＥ　カメラマン　～激写ボーイ　おまけ付～
SLPM_870.70|Simple 1500 Series Vol. 95: The Hikouki||ＳＩＭＰＬＥ１５００シリーズ Ｖｏｌ．９５　ＴＨＥ　飛行機
SLPM_870.71|Simple 1500 Series Vol. 96: The Yakyuu 2: 2002 Pro Yakyuu||ＳＩＭＰＬＥ１５００シリーズ　Ｖｏｌ．９６　ＴＨＥ　野球２　～２００２　プロ野球～
SLPM_870.88|Simple 1500 Series Vol. 97: The Squash||ＳＩＭＰＬＥ１５００シリーズ　Ｖｏｌ．９７　ＴＨＥ　スカッシュ
SLPM_870.87|Simple 1500 Series Vol. 98: The Futsal||ＳＩＭＰＬＥ１５００シリーズ　Ｖｏｌ．９８　ＴＨＥ　フットサル
SLPM_871.40|Simple 1500 Series Vol. 99: The Kendou: Ken no Hanamichi||ＳＩＭＰＬＥ１５００シリーズ　Ｖｏｌ．９９　ＴＨＥ　剣道　～剣の花道～
SLPS_016.87|Simple 1500 Series Vol. 9: The Chess||ＳＩＭＰＬＥ１５００シリーズ　Ｖｏｌ．９　ＴＨＥ　チェス
SLPS_024.45|Simple 1500 Series Vol. 9: The Chess||ＳＩＭＰＬＥ１５００シリーズ　Ｖｏｌ．９　ＴＨＥ　チェス
SLPM_868.66|Simple 1500 Series: Hello Kitty Vol. 01: Bowling||ＳＩＭＰＬＥ１５００シリーズ　ハローキティ　Ｖｏｌ．０１　ボウリング
SLPM_868.67|Simple 1500 Series: Hello Kitty Vol. 02: Illust Puzzle||ＳＩＭＰＬＥ１５００シリーズ　ハローキティ　Ｖｏｌ．０２　イラストパズル
SLPM_869.11|Simple 1500 Series: Hello Kitty Vol. 03: Block Kuzushi||ＳＩＭＰＬＥ１５００シリーズ　ハローキティ　Ｖｏｌ．０３　ブロックくずし
SLPM_869.10|Simple 1500 Series: Hello Kitty Vol. 04: Trump||ＳＩＭＰＬＥ１５００シリーズ　ハローキティ　Ｖｏｌ．０４　トランプ
SLPM_804.72|Simple 1500 Series: The Demo (Taikenban)||ＴＨＥ　デモ　ＳＩＭＰＬＥ１５００シリーズ（体験版）
SLPS_033.09|Simple Character 2000 Series Vol. 01: Kidou Senshi Gundam: The Gunjin Shougi||ＳＩＭＰＬＥキャラクター２０００シリーズ　Ｖｏｌ．０１　機動戦士ガンダム　ＴＨＥ　軍人将棋
SLPS_033.07|Simple Character 2000 Series Vol. 02: Afro-ken: The Puzzle||ＳＩＭＰＬＥキャラクター２０００シリーズ　Ｖｏｌ．０２　アフロ犬　ＴＨＥ　パズル
SLPS_033.08|Simple Character 2000 Series Vol. 03: Kamen Rider: The Bike Race||ＳＩＭＰＬＥキャラクター２０００シリーズ　Ｖｏｌ．０３　仮面ライダー　ＴＨＥ　バイクレース
SLPS_033.50|Simple Character 2000 Series Vol. 04: Jarinko Chie: The Hanafuda||ＳＩＭＰＬＥキャラクター２０００シリーズ　Ｖｏｌ．０４　じゃりン子チエ　ＴＨＥ　花札
SLPS_033.62|Simple Character 2000 Series Vol. 05: High School! Kimengumi: The Table Hockey||ＳＩＭＰＬＥキャラクター２０００シリーズ　Ｖｏｌ．０５　ハイスクール！奇面組　ＴＨＥ　テーブルホッケー
SLPS_033.63|Simple Character 2000 Series Vol. 06: Dokonjou Gaeru: The Mahjong||ＳＩＭＰＬＥキャラクター２０００シリーズ　Ｖｏｌ．０６　ど根性ガエル　ＴＨＥ　麻雀
SLPS_034.18|Simple Character 2000 Series Vol. 07: Ikkyuu-san: The Quiz||ＳＩＭＰＬＥキャラクター２０００シリーズ　Ｖｏｌ．０７　一休さん　ＴＨＥ　クイズ
SLPS_034.44|Simple Character 2000 Series Vol. 08: Kagaku Ninja-tai Gatchaman: The Shooting||ＳＩＭＰＬＥキャラクター２０００シリーズ　Ｖｏｌ．０８　科学忍者隊ガッチャマン　ＴＨＥ　シューティング
SLPS_034.45|Simple Character 2000 Series Vol. 09: Tsurikichi Sanpei: The Tsuri||ＳＩＭＰＬＥキャラクター２０００シリーズ　Ｖｏｌ．０９　釣りキチ三平　ＴＨＥ　釣り
SLPS_034.57|Simple Character 2000 Series Vol. 10: Sakigake!! Otokojuku: The Dodgeball||ＳＩＭＰＬＥキャラクター２０００シリーズ　Ｖｏｌ．１０　魁！！男塾　ＴＨＥ　怒馳暴流
SLPS_034.58|Simple Character 2000 Series Vol. 11: Meitantei Conan: The Board Game||ＳＩＭＰＬＥキャラクター２０００シリーズ　Ｖｏｌ．１１　名探偵コナン　ＴＨＥ　ボードゲーム
SLPS_034.71|Simple Character 2000 Series Vol. 12: Kidou Butouden G Gundam: The Battle||ＳＩＭＰＬＥキャラクター２０００シリーズ　Ｖｏｌ．１２　機動武闘伝Ｇガンダム　ＴＨＥ　バトル
SLPS_034.72|Simple Character 2000 Series Vol. 13: Shin Kidou Senki Gundam W: The Battle||ＳＩＭＰＬＥキャラクター２０００シリーズ　Ｖｏｌ．１３　新機動戦記ガンダムＷ　ＴＨＥ　バトル
SLPS_034.73|Simple Character 2000 Series Vol. 14: Nante Tantei Idol: The Jigsaw Puzzle||ＳＩＭＰＬＥキャラクター２０００シリーズ　Ｖｏｌ．１４　なんてっ探偵アイドル　ＴＨＥ　ジグソーパズル
SLPS_034.74|Simple Character 2000 Series Vol. 15: Cyborg 009: The Block Kuzushi||ＳＩＭＰＬＥキャラクター２０００シリーズ　Ｖｏｌ．１５　サイボーグ００９　ＴＨＥ　ブロックくずし
SLPS_035.46|Simple Character 2000 Series Vol. 16: Gamba no Bouken: The Puzzle Action||ＳＩＭＰＬＥキャラクター２０００シリーズ　Ｖｏｌ．１６　ガンバの冒険　ＴＨＥ　パズルアクション
SLPS_035.47|Simple Character 2000 Series Vol. 17: Sentou Mecha Xabungle: The Race in Action||ＳＩＭＰＬＥキャラクター２０００シリーズ　Ｖｏｌ．１７　戦闘メカ　ザブングル　ＴＨＥ　レースインアクション
SLPS_021.02|Simulation Pro Yakyuu '99||シミュレーションプロ野球’９９
SLPS_008.76|Simulation RPG Tkool||シミュレーションＲＰＧツクール
SLPS_033.46|Simulation RPG Tkool||シミュレーションＲＰＧツクール
SLPS_004.58|Simulation Zoo||シミュレーションズー
SLPS_031.56|Sister Princess (Disc 1)||シスター・プリンセス（ディスク１）
SLPS_915.00|Sister Princess (Disc 1)||シスター・プリンセス（ディスク１）
SLPS_031.54|Sister Princess (Disc 1) (Shokai Genteiban)||シスター・プリンセス（ディスク１）
SLPS_031.57|Sister Princess (Disc 2)||シスター・プリンセス（ディスク２）
SLPS_915.01|Sister Princess (Disc 2)||シスター・プリンセス（ディスク２）
SLPS_031.55|Sister Princess (Disc 2) (Shokai Genteiban)||シスター・プリンセス（ディスク２）
SLPS_035.23|Sister Princess 2 (Disc 1)||シスター・プリンセス２（ディスク１）
SLPS_035.21|Sister Princess 2 (Disc 1) (Shokai Genteiban)||シスター・プリンセス２（ディスク１）
SLPS_915.27|Sister Princess 2 (Disc 1) (Shokai Genteiban)||シスター・プリンセス２（ディスク１）
SLPS_035.24|Sister Princess 2 (Disc 2)||シスター・プリンセス２（ディスク２）
SLPS_035.22|Sister Princess 2 (Disc 2) (Shokai Genteiban)||シスター・プリンセス２（ディスク２）
SLPS_915.28|Sister Princess 2 (Disc 2) (Shokai Genteiban)||シスター・プリンセス２（ディスク２）
SLPS_035.56|Sister Princess 2: Premium Fan Disc (Disc A)||シスター・プリンセス２　プレミアムファンディスク
SLPS_035.57|Sister Princess 2: Premium Fan Disc (Disc B)||シスター・プリンセス２　プレミアムファンディスク
SLPS_033.60|Sister Princess: Pure Stories||シスター・プリンセス　～ピュア・ストーリーズ～
SLES_041.52|Sitting Ducks||
SLES_003.41|Skeleton Warriors||
SLUS_002.09|Skeleton Warriors||
SLES_029.47|Ski Air Mix||
SLPS_014.76|Ski Air Mix||スキーエアーミックス
SLES_010.90|Skullmonkeys||
SLES_010.91|Skullmonkeys||
SLES_010.92|Skullmonkeys||
SLUS_006.01|Skullmonkeys||
SLES_037.76|Sky Sports Football Quiz||
SLES_038.56|Sky Sports Football Quiz: Season 02||
SLUS_013.92|Skydiving Extreme||
SLES_000.76|Slam 'n Jam '96 featuring Magic & Kareem||
SLUS_000.22|Slam 'n Jam '96 featuring Magic & Kareem||
SLPS_002.46|Slam Dragon||スラムドラゴン
SLES_004.27|Slamscape||
SLUS_000.80|Slamscape||
SLPS_027.89|Slap Happy Rhythm Busters||スラップ ハッピー リズム バスターズ
SLPS_914.60|Slap Happy Rhythm Busters||スラップ ハッピー リズム バスターズ
SLPS_013.63|Slayers Royal||スレイヤーズ ろいやる
SLPS_021.15|Slayers Royal 2||スレイヤーズろいやる２
SLPS_015.99|Slayers Wonderful||スレイヤーズ　わんだほ～
SLUS_009.55|Sled Storm||
SLES_021.94|Sled Storm||
SLUS_900.72|Sled Storm & Medal of Honor Demo CD||
SLED_023.00|Sled Storm (Demo)||
SCUS_944.72|Slim Jim Demo Disc (Demo)||
SLPS_005.04|Slime Shiyou!||すらいムしよう！
SLPS_031.79|Slot! Pro 2: Bakuretsu Oozumou Aka & Murasaki||スロット！プロ２　～爆裂大相撲・紅＆紫～
SLPS_032.53|Slot! Pro 3: Juggler Special||スロット！プロ３　～ジャグラースペシャル～
SLPS_033.94|Slot! Pro 4: Tairyou Special||スロット！プロ４　～大漁スペシャル～
SLPS_034.39|Slot! Pro 5: Naniwa Sakura Fubuki & Shimauta||スロット！プロ５　～浪花桜吹雪＆島唄～
SLPS_034.69|Slot! Pro 6: Hyper Juggler V||スロット！プロ６　～ハイパージャグラーＶ～
SLPS_034.85|Slot! Pro 7: Hana Densetsu||スロット！プロ７　～花伝説～
SLPS_035.51|Slot! Pro 8: Shimamusume 30 & Hana Densetsu 25||スロット！プロ８　～島娘３０＆花伝説２５～
SLPS_029.97|Slot! Pro: Ooedo Sakura Fubuki 2||スロット！プロ　～大江戸桜吹雪２～
SLUS_015.55|Slots||
SLPS_033.49|Slotter Mania 2: Chounetsu 30 Phi! Hana Hana & KingBary & Hai Hai Siosai||スロッターマニア２　超熱３０Φ！ハナハナ＆キンバリー＆ハイシオ
SLPS_034.14|Slotter Mania 3: Bakuryou Houshutsu! Uminchu & Fire Element||スロッターマニア３　爆量放出！　海人＆ファイアエレメント
SLPS_034.38|Slotter Mania 4: Gekiatsu Youkou! Siolar & King Castle & Kabuto||スロッターマニア４　 激熱妖光！シオラー＆キングキャッスル＆兜
SLPS_034.68|Slotter Mania 5: Gekiuchi Shinzui! Hyper Juggler V & Kita-chan Country & Wonder Review 2||スロッターマニア５激打真髄！　ハイパージャグラーＶ＆キタチャンカントリー＆ワンダーレビュー２
SLPS_034.83|Slotter Mania 6: Bakuretsu Sairai! Wadatsumi (2 Types) & Blue Lagoon||スロッターマニア６　～爆裂再来！海神（２タイプ）＆ブルー・ラグーン～
SLPS_035.11|Slotter Mania 7: Gekiatsu! Siosai-musume Seizoroi DX + Apache A||スロッターマニア７　激熱！シオサイ姫勢揃いＤＸ＋アパッチＡ
SLPS_035.20|Slotter Mania 8: Miwaku no Takarabako! Jewel Magic 2 & Gold & Silver||スロッターマニア８　魅惑の宝箱！ジュエルマジック２＆ゴールドアンドシルバー
SLPS_035.33|Slotter Mania 9: Gokunetsu 30 Phi! Haibi & Splash Seven||スロッターマニア９　極熱３０φ！ハイビ＆スプラッシュセブン
SLPS_029.60|Slotter Mania Core: Tokonatsu no Atsusa! Oasis||スロッターマニア　ｃｏｒｅ　常夏の熱さ！オアシス
SLPS_034.67|Slotter Mania Gaiden: Chouatsu Densetsu! Golden Rookie & Fire V & Ryuuou||スロッターマニア外伝　超熱伝説！ゴールデンルーキー＆ファイアーＶ＆琉王
SLPS_031.92|Slotter Mania: Gekinetsu Oki-Slot! Siosai Special||スロッターマニア　激熱　沖スロ！　シオサイスペシャル
SLES_015.80|Small Soldiers||
SLES_015.81|Small Soldiers||
SLES_015.82|Small Soldiers||
SLUS_007.81|Small Soldiers||
SLPS_004.50|Smash Court||スマッシュコート
SLPS_910.53|Smash Court||スマッシュコート
SLPS_914.07|Smash Court||スマッシュコート
SLPS_016.93|Smash Court 2||スマッシュコート２
SLPS_030.01|Smash Court 3||スマッシュコート３
SLUS_013.59|Smurf Racer!||
SLPS_001.54|Snatcher||スナッチャー
SLPS_026.50|Sno Pokeler||スノ・ポケラー
SLES_027.63|SnoCross Championship Racing||
SLUS_010.93|SnoCross Championship Racing||
SLPS_018.23|Snobow Kids Plus||スノボ・キッズ・プラス
SCPS_451.57|Snow Break||スノー・ブレイク
SLPS_011.70|Snow Break||スノー・ブレイク
SLES_011.06|Snow Racer 98||
SLES_039.60|Snowboard Racer||
SLUS_012.87|Snowboarding||
SLES_006.91|Soccer '97||
SLES_040.22|Soccer Kid||
SCPS_452.60|Sol Divide||ソルディバイド
SLPS_014.63|Sol Divide||ソルディバイド
SLUS_015.19|Sol Divide||
SLPS_005.97|Sold Out||ソールドアウト
SLPS_030.28|Solid Link: Dungeon Side||ソリッドリンク　ダンジョンサイド
SLPS_030.27|Solid Link: Tower Side||ソリッドリンク　タワーサイド
SLPM_803.18|Sonata||ソナタ
SLPS_018.43|Sonata (Disc 1)||ソナタ（ディスク１）
SLPS_018.44|Sonata (Disc 2)||ソナタ（ディスク２）
SLPM_803.81|Sonata (Taikenban)||ソナタ（体験版）
SLES_041.02|Sonic Wings Special||
SLPS_003.07|Sonic Wings Special||ソニック・ウィングス・スペシャル
SLPM_803.55|Sony Computer Entertainment Hyper Fan Book||ソニーコンピューターエンターテイメント　ハイパーファンブック
PCPX_961.54|Sony Computer Entertainment Inc. Monthly Software Information: 6-gatsu Hatsubai Yotei Title (Taikenban)||Ｓｏｎｙ　Ｃｏｍｐｕｔｅｒ　Ｅｎｔｅｒｔａｉｎｍｅｎｔ　Ｉｎｃ．　Ｍｏｎｔｈｌｙ　Ｓｏｆｔｗａｒｅ　Ｉｎｆｏｒｍａｔｉｏｎ　６月発売予定タイトル（体験版）
SCED_022.04|Sony Double Impact Games||
SLPM_801.48|Sony Music Entertainment: PlayStation Title Digest||
SLES_040.86|Sorcerer's Maze||
SLUS_014.95|Sorcerer's Maze||
SLPS_018.27|Soreike Flyfishing: Let's Go Flyfishing||それ行けフライフィッシング
SLPS_004.84|Soreike no Kokology: Kokoro ga Oshieru Koi, Kekkon, Jinsei||それいけ×ココロジー　心が教える　恋・結婚・人生
SLPS_001.13|Sotsugyou II: Neo Generation||卒業ＩＩ　ネオジェネレーション
SLPS_013.32|Sotsugyou III: Wedding Bell||卒業Ⅲ　－Ｗｅｄｄｉｎｇ　Ｂｅｌｌ－
SLPS_014.44|Sotsugyou M: Seito Kaichou no Karei naru Inbou (Disc 1)||卒業Ｍ　～生徒会長の華麗なる陰謀～（ディスク１）
SLPS_014.45|Sotsugyou M: Seito Kaichou no Karei naru Inbou (Disc 2)||卒業Ｍ　～生徒会長の華麗なる陰謀～（ディスク２）
SLPM_802.33|Sotsugyou M: Seito Kaichou no Karei naru Inbou (Taikenban)||卒業Ｍ　～生徒会長の華麗なる陰謀～（体験版）
SLPS_002.61|Sotsugyou R: Graduation Real||卒業Ｒ Ｇｒａｄｕａｔｉｏｎ Ｒｅａｌ
SLPS_009.89|Sotsugyou Vacation||卒業　ＶＡＣＡＴＩＯＮ
SLPS_002.73|Sotsugyou: Crossworld||卒業 クロスワールド
SLPS_017.22|Sougaku Toshi Osaka (Disc 1) (Method)||騒楽都市　ＯＳＡＫＡ（ディスク１）
SLPS_017.23|Sougaku Toshi Osaka (Disc 2) (Object)||騒楽都市　ＯＳＡＫＡ（ディスク２）
SLPS_012.91|Soukaigi (Disc 1)||双界儀（ディスク１）
SLPS_012.92|Soukaigi (Disc 2)||双界儀（ディスク２）
SLPS_012.93|Soukaigi (Disc 3)||双界儀（ディスク３）
SLPS_009.24|Soukoban Basic||倉庫番ベーシック
SLPS_015.19|Soukoban Basic 2||倉庫番ベーシック２
SLPS_020.10|Soukoban: Nanmon Shinan||倉庫番　難問指南
SLPM_804.32|Soukou Kidoutai L.A.P.D.||装甲機動隊　Ｌ．Ａ．Ｐ．Ｄ．
SLPS_020.91|Soukou Kidoutai L.A.P.D.||装甲機動隊　Ｌ．Ａ．Ｐ．Ｄ．
SCPS_451.15|Soukou Kihei Votoms Gaiden: Ao no Kishi Berserga Monogatari||装甲騎兵ボトムズ外伝　～青の騎士　ベルゼルガ物語～
SLPS_009.82|Soukou Kihei Votoms Gaiden: Ao no Kishi Berserga Monogatari||装甲騎兵ボトムズ外伝　～青の騎士　ベルゼルガ物語～
SLPS_009.81|Soukou Kihei Votoms Gaiden: Ao no Kishi Berserga Monogatari (Limited Edition)||装甲騎兵ボトムズ外伝　～青の騎士　ベルゼルガ物語～
SLPS_023.15|Soukou Kihei Votoms: Koutetsu no Gunzei||装甲騎兵ボトムズ　鋼鉄の軍勢
SLPS_023.13|Soukou Kihei Votoms: Koutetsu no Gunzei (Shokai Seisan Genteiban)||装甲騎兵ボトムズ 鋼鉄の軍勢
SLPS_019.61|Soukou Kihei Votoms: Lightning Slash||装甲騎兵ボトムズ　ライトニング・スラッシュ
SLPS_019.60|Soukou Kihei Votoms: Lightning Slash (Limited Edition)||装甲騎兵ボトムズ　ライトニング・スラッシュ
SLPM_803.60|Soukou Kihei Votoms: Lightning Slash (Taikenban)||装甲騎兵ボトムズ　ライトニングスラッシュ（体験版）
SLPS_013.31|Soukou Kihei Votoms: Woodo Kummen||装甲騎兵ボトムズ　～ウド・クメン編～
SLPS_013.30|Soukou Kihei Votoms: Woodo Kummen (Limited Edition)||装甲騎兵ボトムズ　～ウド・クメン編～
SLPS_010.41|Soukuu no Tsubasa: Gotha World (Disc 1)||蒼空の翼　－ＧＯＴＨＡ　ＷＯＲＬＤ－（ディスク１）
SLPS_010.42|Soukuu no Tsubasa: Gotha World (Disc 2)||蒼空の翼　－ＧＯＴＨＡ　ＷＯＲＬＤ－（ディスク２）
SLPS_011.72|Soukyuu Gurentai: Oubu Shutsugeki||蒼穹紅蓮隊　黄武出撃
SCES_005.77|Soul Blade||
SLUS_002.40|Soul Blade||
SLPS_005.55|Soul Edge||ソウルエッジ
SLPS_911.68|Soul Edge||ソウルエッジ
SLPS_914.54|Soul Edge||ソウルエッジ
SLPS_005.45|Soul Edge (Gentei)||ソウルエッジ
SLUS_008.22|Soul of the Samurai||
SLPM_861.70|Soulmaster||ソウルマスター
SLPS_010.90|Soulmaster||ソウルマスター
SLPS_024.79|Soumatou||蒼魔灯
SLPM_805.07|Soumatou (Taikenban)||蒼魔灯（体験版）
SLPS_016.45|Sound Novel Evolution 1: Otogirisou: Sosei-hen||サウンドノベル・エボリューション１　弟切草　蘇生篇
SLPS_912.25|Sound Novel Evolution 1: Otogirisou: Sosei-hen||サウンドノベル・エボリューション１　弟切草　蘇生篇
SLPS_017.94|Sound Novel Evolution 2: Kamaitachi no Yoru Tokubetsu-hen||サウンドノベル・エボリューション２　かまいたちの夜　特別編
SLPS_911.87|Sound Novel Evolution 2: Kamaitachi no Yoru Tokubetsu-hen||サウンドノベル・エボリューション２　かまいたちの夜　特別編
SLPS_018.45|Sound Novel Evolution 3: Machi: Unmei no Kousaten (Disc 1)||サウンドノベル・エボリューション３　街　～運命の交差点～（ディスク１）
SLPS_914.89|Sound Novel Evolution 3: Machi: Unmei no Kousaten (Disc 1)||サウンドノベル・エボリューション３　街　～運命の交差点～（ディスク１）
SLPS_018.46|Sound Novel Evolution 3: Machi: Unmei no Kousaten (Disc 2)||サウンドノベル・エボリューション３　街　～運命の交差点～（ディスク２）
SLPS_914.90|Sound Novel Evolution 3: Machi: Unmei no Kousaten (Disc 2)||サウンドノベル・エボリューション３　街　～運命の交差点～（ディスク２）
SLPS_008.82|Sound Novel Tkool 2||サウンドノベルツクール２
SLPS_013.09|Sound Qube||サウンド・キューブ
SLPS_027.16|Sound Qube||サウンド・キューブ
SLPS_006.42|Souryuu||創龍
SLPS_016.17|Souryuu||創龍
SCPS_100.58|Souten no Shiroki Kami no Kura: Great Peak||蒼天の白き神の座　－ＧＲＥＡＴ　ＰＥＡＫ－
SLES_021.58|South Park||
SLUS_009.36|South Park||
SLES_023.52|South Park Rally||
SLES_026.90|South Park Rally||
SLUS_009.84|South Park Rally||
SLES_019.72|South Park: Chef's Luv Shack||
SLUS_009.97|South Park: Chef's Luv Shack||
SLED_025.76|South Park: Chef's Luv Shack (Demo)||
SLPM_864.08|Southern All Stars: Space MOSA ;Space Museum of Southern Art; (Disc 1) (Museum)||サザンオールスターズ　ＳＰＡＣＥ　ＭＯＳＡ　＂ＳＰＡＣＥ　ＭＵＳＥＵＭ　ＯＦ　ＳＯＵＴＨＥＲＮ　ＡＲＴ＂（ディスク１）
SLPM_864.09|Southern All Stars: Space MOSA ;Space Museum of Southern Art; (Disc 2) (Library)||サザンオールスターズ　ＳＰＡＣＥ　ＭＯＳＡ　＂ＳＰＡＣＥ　ＭＵＳＥＵＭ　ＯＦ　ＳＯＵＴＨＥＲＮ　ＡＲＴ＂（ディスク２）
SLPM_864.10|Southern All Stars: Space MOSA ;Space Museum of Southern Art; (Disc 3) (Theater)||サザンオールスターズ　ＳＰＡＣＥ　ＭＯＳＡ　＂ＳＰＡＣＥ　ＭＵＳＥＵＭ　ＯＦ　ＳＯＵＴＨＥＲＮ　ＡＲＴ＂（ディスク３）
SLES_005.07|Soviet Strike||
SLES_005.08|Soviet Strike||
SLES_005.09|Soviet Strike||
SLPS_007.35|Soviet Strike||ソビエトストライク
SLUS_000.61|Soviet Strike||
SLPS_003.12|Space Adventure Cobra: The Shooting||コブラ・ザ・シューティング
SCES_022.90|Space Debris||
SCES_024.30|Space Debris||
SCES_024.31|Space Debris||
SCES_024.32|Space Debris||
SCES_024.33|Space Debris||
SLPS_000.12|Space Griffon VF-9||スペースグリフォンＶＦ‐９
SLUS_001.53|Space Griffon VF-9||
SLES_002.07|Space Hulk: Vengeance of the Blood Angels||
SLUS_002.05|Space Hulk: Vengeance of the Blood Angels||
SLES_021.44|Space Invaders||
SLPS_009.40|Space Invaders||スペースインベーダー
SLUS_009.28|Space Invaders||
SLPM_861.53|Space Invaders 2000||スペースインベーダー２０００
SLPM_864.19|Space Invaders X||スペース・インベーダーＸ
SLES_002.84|Space Jam||
SLPS_006.97|Space Jam||スペースジャム
SLUS_002.43|Space Jam||
SLES_041.26|Space Rider||
SLUS_013.08|Space Shot||
SLPS_000.74|Sparrow Garden: Namco Mahjong||ナムコマージャン スパローガーデン
SCES_010.56|Spawn: The Eternal||
SCUS_942.04|Spawn: The Eternal||
SLPS_014.00|Spawn: The Eternal||スポーン ジ・エターナル
SLES_038.91|Spec Ops: Airborne Commando||
SLUS_014.47|Spec Ops: Airborne Commando||
SLES_035.15|Spec Ops: Covert Assault||
SLUS_014.20|Spec Ops: Covert Assault||
SLES_031.57|Spec Ops: Ranger Elite||
SLUS_012.99|Spec Ops: Ranger Elite||
SLES_008.44|Spec Ops: Stealth Patrol||
SLUS_011.31|Spec Ops: Stealth Patrol||
SLPS_025.26|Spectral Blade||スペクトラルブレイド
SLPS_031.53|Spectral Blade||スペクトラルブレイド
SLPS_010.56|Spectral Force||スペクトラルフォース
SLPS_018.98|Spectral Force||スペクトラルフォース
SLPS_009.69|Spectral Force (Shokai Gentei)||スペクトラルフォース
SLPS_016.28|Spectral Force 2||スペクトラルフォース２
SLPS_027.84|Spectral Force 2||スペクトラルフォース２
SLPS_022.33|Spectral Force: Itoshiki Jaaku||スペクトラルフォース　～愛しき邪悪～
SLPS_031.52|Spectral Force: Itoshiki Jaaku||スペクトラルフォース　～愛しき邪悪～
SLPS_004.76|Spectral Tower||スペクトラルタワー
SLPS_011.79|Spectral Tower II||スペクトラルタワーⅡ
SLPS_020.55|Spectral Tower II||スペクトラルタワーⅡ
SLPM_802.09|Spectral Tower II (Taikenban)||スペクトラルタワーⅡ（体験版）
SCES_017.63|Speed Freaks||
SLPM_860.13|Speed King: Neo Kobe 2045||スピードキング
SLES_039.30|Speed Machines||
SCUS_945.63|Speed Punks||
SCUS_945.72|Speed Punks (Demo)||
SLUS_006.13|Speed Racer||
SLES_027.82|Speedball 2100||
SLUS_012.18|Speedball 2100||
SLES_005.75|Speedster||
SLED_017.11|Sphere 360°||
SCES_008.83|Spice World||
SCES_012.31|Spice World||
SCES_012.32|Spice World||
SCES_012.33|Spice World||
SCES_012.34|Spice World||
SLUS_007.23|Spice World||
SLES_028.86|Spider-Man||
SLES_028.87|Spider-Man||
SLES_028.88|Spider-Man||
SLES_028.89|Spider-Man||
SLES_028.90|Spider-Man||
SLPM_867.39|Spider-Man||スパイダーマン
SLPM_871.63|Spider-Man||スパイダーマン
SLUS_008.75|Spider-Man||
SLES_036.23|Spider-Man 2: Enter: Electro||
SLES_036.25|Spider-Man 2: Enter: Electro||
SLPM_870.73|Spider-Man 2: Enter: Electro||スパイダーマン２　～エンター：エレクトロ～
SLUS_013.78|Spider-Man 2: Enter: Electro||
SLES_036.24|Spider-Man 2: La Revanche d'Electro||
SLES_001.17|Spider: The Video Game||
SLES_006.81|Spider: The Video Game||
SLES_006.82|Spider: The Video Game||
SLPS_008.52|Spider: The Video Game||スパイダー
SLUS_002.30|Spider: The Video Game||
SLES_027.90|Spin Jam||
SLUS_012.50|Spin Jam||
SLPS_014.61|Spin Tail||スピン・テイル
SLES_013.61|Sports Car GT||
SLES_019.15|Sports Car GT||
SLES_019.16|Sports Car GT||
SLUS_006.55|Sports Car GT||
SLES_030.57|Sports Superbike||
SLES_038.27|Sports Superbike 2||
SLUS_014.59|Sports Superbike 2||
SLES_026.16|Sportweek Player Manager 2000||
SLES_035.69|Sportweek Player Manager 2001||
SLES_003.30|Spot Goes to Hollywood||
SLPS_003.94|Spot Goes to Hollywood||スポット・ゴーズ・トゥー・ハリウッド
SLUS_000.14|Spot Goes to Hollywood||
SLPS_021.17|Spriggan: Lunar Verse||スプリガン　～ルナ・ヴァース～
PAPX_900.34|Spring Special (Demo)||
SCES_021.04|Spyro 2: Gateway to Glimmer|Sony Computer Entertainment|
SCUS_944.25|Spyro 2: Ripto's Rage!|Sony Computer Entertainment|
SCUS_944.60|Spyro 2: Ripto's Rage! (Demo)|Sony Computer Entertainment|
SCUS_946.32|Spyro 2: Ripto's Rage! / Crash Team Racing (Demo)|Sony Computer Entertainment|
SCES_014.38|Spyro the Dragon|Sony Computer Entertainment|
SCPS_100.85|Spyro the Dragon|Sony Computer Entertainment|スパイロ・ザ・ドラゴン
SCUS_942.28|Spyro the Dragon|Sony Computer Entertainment|
SCUS_942.90|Spyro the Dragon (Demo)|Sony Computer Entertainment|
SCUS_944.39|Spyro the Dragon (Demo)|Sony Computer Entertainment|
SCPS_100.83|Spyro the Dragon (Shokai Genteiban)|Sony Computer Entertainment|スパイロ・ザ・ドラゴン
SCPS_453.95|Spyro the Dragon (Shokai Genteiban)|Sony Computer Entertainment|スパイロ・ザ・ドラゴン
PAPX_900.77|Spyro the Dragon (Taikenban)|Sony Computer Entertainment|スパイロ・ザ・ドラゴン（体験版）
PAPX_900.78|Spyro the Dragon (Taikenban)|Sony Computer Entertainment|スパイロ・ザ・ドラゴン（体験版）
SCED_016.37|Spyro the Dragon Speciale (Demo)|Sony Computer Entertainment|
SCPS_101.28|Spyro x Sparx: Tondemo Tours|Sony Computer Entertainment|スパイロｘスパークス　～トンでもツアーズ～
PCPX_961.91|Spyro x Sparx: Tondemo Tours (Taikenban)|Sony Computer Entertainment|スパイロｘスパークス　～トンでもツアーズ～（体験版）
SCES_028.35|Spyro: Year of the Dragon|Sony Computer Entertainment|
SCUS_944.67|Spyro: Year of the Dragon|Sony Computer Entertainment|
SCUS_946.15|Spyro: Year of the Dragon (Demo)|Sony Computer Entertainment|
SLPM_803.06|Square Maniacs '98||スクウェアマニアックス’９８
SLPM_805.56|Square Memory Card Data Collection||スクウェア メモリーカード データコレクション
SLPS_004.01|Square's Preview (Demo)||
SLPS_007.71|Square's Preview 2 (Demo)||
SLPS_014.91|Square's Preview 3 (Demo)||
SCPS_454.17|Square's Preview 5||
SLPS_021.71|Square's Preview 5||
SLPM_800.48|Square's Preview Extra: FF VII Sample & SIGGRAPH '95 Works (Demo)||
SCPS_454.01|Square's Preview Vol. 4 (Demo)||
SLPS_019.91|Square's Preview Vol. 4 (Demo)||
SLUS_900.28|Squaresoft on PlayStation 1998 Collector's CD Vol. 1||
SLUS_900.29|Squaresoft on PlayStation 1998 Collector's CD Vol. 2 (Final Fantasy VIII Demo) (Demo)||
SLUS_900.75|Squaresoft on PlayStation 2000 Collector's CD Vol. 3||
SCUS_942.56|Squaresoft on PlayStation Collector's CD||
SLPS_009.57|St. Andrews Old Course: Eikou no St. Andrews||栄光のセントアンドリュース
SLPS_026.38|St. Luminous Jogakuin||聖ルミナス女学院
SLPS_001.62|Stahlfeder: Tekkou Hikuudan||シュタールフェーダー　～鉄甲飛空団～
SLPS_008.50|Stakes Winner 2: Saikyouba Densetsu||ステークスウィイナー２ 最強馬伝説
SLPS_004.68|Stakes Winner: G1 Kanzen Seiha e no Michi||ステークスウィナー　Ｇ１完全制覇への道
SLPS_007.83|Standby Say You!||スタンバイ　セイ　ユー
SLUS_002.41|Star Fighter||
SLED_005.53|Star Gladiator (Demo)||
SLES_004.95|Star Gladiator: Episode I: Final Crusade||
SLPS_005.39|Star Gladiator: Episode I: Final Crusade||スターグラディエイター
SLUS_003.72|Star Gladiator: Episode I: Final Crusade||
SLPM_800.56|Star Gladiator: Episode I: Final Crusade (Demo)||スターグラディエイター　デモムービーＣＤ‐ＲＯＭ
SCES_017.07|Star Ixiom||
SLPS_016.80|Star Ixiom||スターイクシオン
SLPS_013.90|Star Monja||すたあ　もんじゃ
SLPM_802.74|Star Ocean: The Second Story & Hello Charlie!! (Taikenban)||スターオーシャン セカンドストーリー　＆　ハローチャーリー！！（体験版）
SCES_021.59|Star Ocean: The Second Story (Disc 1)||
SCES_021.60|Star Ocean: The Second Story (Disc 1)||
SCES_021.61|Star Ocean: The Second Story (Disc 1)||
SCUS_944.21|Star Ocean: The Second Story (Disc 1)||
SLPM_861.05|Star Ocean: The Second Story (Disc 1)||スターオーシャン セカンドストーリー（ディスク１）
SLPM_873.57|Star Ocean: The Second Story (Disc 1)||スターオーシャン セカンドストーリー（ディスク１）
SCES_121.59|Star Ocean: The Second Story (Disc 2)||
SCES_121.60|Star Ocean: The Second Story (Disc 2)||
SCES_121.61|Star Ocean: The Second Story (Disc 2)||
SCUS_944.22|Star Ocean: The Second Story (Disc 2)||
SLPM_861.06|Star Ocean: The Second Story (Disc 2)||スターオーシャン セカンドストーリー（ディスク２）
SLPM_873.58|Star Ocean: The Second Story (Disc 2)||スターオーシャン セカンドストーリー（ディスク２）
SLUS_013.07|Star Sweep||
SLES_020.68|Star Trek: Invasion||
SLES_028.84|Star Trek: Invasion||
SLUS_009.24|Star Trek: Invasion||
SLES_005.85|Star Wars: Dark Forces||
SLES_006.40|Star Wars: Dark Forces||
SLES_006.46|Star Wars: Dark Forces||
SLPS_006.85|Star Wars: Dark Forces||スター・ウォーズ　～ダーク・フォース～
SLUS_002.97|Star Wars: Dark Forces||
SLES_032.73|Star Wars: Demolition||
SLES_032.74|Star Wars: Demolition||
SLES_032.75|Star Wars: Demolition||
SLUS_011.83|Star Wars: Demolition||
SLUS_900.88|Star Wars: Demolition (Demo)||
SLED_020.46|Star Wars: Episode I: Die Dunkle Bedrohung (Demo)||
SLES_020.36|Star Wars: Episode I: Die dunkle Bedrohung||
SLES_026.07|Star Wars: Episode I: Jedi Power Battles||
SLES_026.08|Star Wars: Episode I: Jedi Power Battles||
SLES_026.09|Star Wars: Episode I: Jedi Power Battles||
SLUS_010.46|Star Wars: Episode I: Jedi Power Battles||
SLES_020.35|Star Wars: Episode I: La Menace Fantôme||
SLED_020.45|Star Wars: Episode I: La Menace Fantôme (Demo)||
SLES_020.34|Star Wars: Episode I: The Phantom Menace||
SLPS_021.53|Star Wars: Episode I: The Phantom Menace||ＳＴＡＲ　ＷＡＲＳ　エピソード１　ファントム・メナス
SLUS_008.84|Star Wars: Episode I: The Phantom Menace||
SLED_020.44|Star Wars: Episode I: The Phantom Menace (Demo)||
SLUS_808.84|Star Wars: Episode I: The Phantom Menace (Trade Demo)||
SLES_026.10|Star Wars: Episodio I: Jedi Power Battles||
SLES_026.11|Star Wars: Episodio I: Jedi Power Battles||
SLES_020.38|Star Wars: Episodio I: La Amenaza Fantasma||
SLED_020.48|Star Wars: Episodio I: La Amenaza Fantasma (Demo)||
SLES_020.37|Star Wars: Episodio I: La Minaccia Fantasma||
SLES_011.11|Star Wars: Masters of Teras Kasi||
SLPS_014.64|Star Wars: Masters of Teras Kasi||スター・ウォーズ マスターズ オブ テラス・カシ
SLUS_005.62|Star Wars: Masters of Teras Kasi||
SLES_005.84|Star Wars: Rebel Assault II: The Hidden Empire (Disc 1)||
SLES_006.43|Star Wars: Rebel Assault II: The Hidden Empire (Disc 1)||
SLES_006.44|Star Wars: Rebel Assault II: The Hidden Empire (Disc 1)||
SLES_006.54|Star Wars: Rebel Assault II: The Hidden Empire (Disc 1)||
SLES_006.56|Star Wars: Rebel Assault II: The Hidden Empire (Disc 1)||
SLPS_006.38|Star Wars: Rebel Assault II: The Hidden Empire (Disc 1)||スター・ウォーズ　レベルアサルトⅡ　ＴＨＥ　ＨＩＤＤＥＮ　ＥＭＰＩＲＥ（ディスク１）
SLUS_003.81|Star Wars: Rebel Assault II: The Hidden Empire (Disc 1)||
SLES_105.84|Star Wars: Rebel Assault II: The Hidden Empire (Disc 2)||
SLES_106.43|Star Wars: Rebel Assault II: The Hidden Empire (Disc 2)||
SLES_106.44|Star Wars: Rebel Assault II: The Hidden Empire (Disc 2)||
SLES_106.54|Star Wars: Rebel Assault II: The Hidden Empire (Disc 2)||
SLES_106.56|Star Wars: Rebel Assault II: The Hidden Empire (Disc 2)||
SLPS_006.39|Star Wars: Rebel Assault II: The Hidden Empire (Disc 2)||スター・ウォーズ　レベルアサルトⅡ　ＴＨＥ　ＨＩＤＤＥＮ　ＥＭＰＩＲＥ（ディスク２）
SLUS_003.86|Star Wars: Rebel Assault II: The Hidden Empire (Disc 2)||
SLES_002.93|StarFighter 3000||
SLPS_004.87|StarFighter 3000||スターファイター３０００
SLES_029.21|StarSweep||
SLPS_010.40|StarSweep||スタースイープ
SLPM_801.36|StarSweep (Taikenban)||スタースイープ（体験版）
SLPM_801.51|StarSweep (Taikenban)||スタースイープ（体験版）
SCES_000.34|Starblade a||
SLPS_000.22|Starblade a||スターブレードα
SLUS_000.57|Starblade a||
SLPS_009.58|Starborders||スターボーダーズ
SLUS_013.02|Starfighter Sanvein||
SLPS_014.07|Starlight Scramble: Ren'ai Kouhosei||―スターライトスクランブル―恋愛候補生
SLPM_868.09|Startling Adventures: Kuusou 3x Daibouken||スタートリング・アドベンチャーズ～空想３×大冒険～
SLPS_020.43|Startling Odyssey 1: Blue Evolution||スタートリング・オデッセイ１ ブルーエヴォリューション
SLES_000.90|Starwinder: The Ultimate Space Race||
SLPS_009.88|Starwinder: The Ultimate Space Race||スターワインダー
SLUS_000.94|Starwinder: The Ultimate Space Race||
SLED_015.53|Station 1||
SLED_016.34|Station 2||
SLED_016.96|Station 3||
SLED_017.31|Station 4||
SLED_017.82|Station 5||
SLED_018.95|Station 6||
SLED_019.69|Station 7||
SLED_020.33|Station 8||
SLED_020.77|Station 9||
SLES_003.73|Steel Harbinger|Mindscape|
SLUS_000.93|Steel Harbinger|Mindscape|
SCES_010.23|Steel Reign||
SCUS_949.02|Steel Reign||
SLES_039.95|Stock Car Racer||
SLPS_004.72|Stone Walkers||ストーンウォーカーズ
SLPS_017.31|Stone Walkers||ストーンウォーカーズ
SLPS_032.96|Stone Walkers||ストーンウォーカーズ
LSP99014.101|Story Lane Theater 1||
LSP99014.201|Story Lane Theater 2||
LSP99014.301|Story Lane Theater 3||
LSP99014.401|Story Lane Theater 4||
LSP99014.501|Story Lane Theater 5||
LSP03010.101|Str.at.e.s. 1: Match-A-Batch||
LSP03010.201|Str.at.e.s. 2: Matchamania!||
LSP03010.301|Str.at.e.s. 3: Title This! Title That!||
LSP03010.401|Str.at.e.s. 4: Titlerama!||
LSP03010.501|Str.at.e.s. 5: Parallel Lives!||
LSP03010.601|Str.at.e.s. 6: Analogy-ology!||
LSP03010.701|Str.at.e.s. 7: Riddle Roundup!||
LSP03010.801|Str.at.e.s. 8: Riddle Wrangler!||
SLPS_013.10|Straight Victory: Hoshino Kazuyoshi e no Chousen||ストレートビクトリー ～星野一義への挑戦～
SCED_015.28|Strategie Speziale '98 (Demo)||
SLPM_865.47|Stray Sheep: The Adventure of Poe & Merry||ストレイシープポーとメリーの大冒険
SLPS_020.35|Stray Sheep: The Adventure of Poe & Merry||ストレイシープポーとメリーの大冒険
SLPS_034.98|Stray Sheep: The Adventure of Poe & Merry||ストレイシープポーとメリーの大冒険
SLES_014.37|Streak Hoverboard Racing||
SLUS_006.29|Streak Hoverboard Racing||
SLPS_016.22|Street Boarders||ストリートボーダーズ
SLPS_027.44|Street Boarders 2||ストリートボーダーズ２
SLES_004.96|Street Fighter Alpha 2||
SLUS_002.58|Street Fighter Alpha 2||
SLES_018.63|Street Fighter Alpha 3||
SLUS_008.21|Street Fighter Alpha 3||
SLES_001.99|Street Fighter Alpha: Warriors' Dreams||
SLUS_001.97|Street Fighter Alpha: Warriors' Dreams||
SLES_009.98|Street Fighter Collection (Disc 1)||
SLPS_008.00|Street Fighter Collection (Disc 1)||ストリートファイターコレクション（ディスク１）
SLUS_004.23|Street Fighter Collection (Disc 1)||
SLES_109.98|Street Fighter Collection (Disc 2)||
SLPS_008.01|Street Fighter Collection (Disc 2)||ストリートファイターコレクション（ディスク２）
SLUS_005.84|Street Fighter Collection (Disc 2)||
SLPM_801.54|Street Fighter Collection (Taikenban)||ストリートファイターコレクション（体験版）
SLES_017.21|Street Fighter Collection 2||
SLUS_007.46|Street Fighter Collection 2||
SLED_004.73|Street Fighter EX + a (Demo)||
SLES_009.39|Street Fighter EX Plus Alpha||
SLPM_860.41|Street Fighter EX Plus Alpha||ストリートファイターＥＸ ｐｌｕｓ α
SLPS_910.88|Street Fighter EX Plus Alpha||ストリートファイターＥＸ ｐｌｕｓ α
SLUS_005.48|Street Fighter EX Plus Alpha||
SLES_025.98|Street Fighter EX2 Plus||
SLPS_025.08|Street Fighter EX2 Plus||ストリートファイターＥＸ２　ＰＬＵＳ
SLUS_011.05|Street Fighter EX2 Plus||
SLPM_805.17|Street Fighter EX2 Plus (Taikenban)||ストリート・ファイターＥＸ２　ＰＬＵＳ（体験版）
SLPS_000.80|Street Fighter II Movie (Disc 1)||ストリートファイターＩＩ ムービー（ディスク１）
SLPS_000.81|Street Fighter II Movie (Disc 2)||ストリートファイターＩＩ ムービー（ディスク２）
SLPS_001.76|Street Fighter Zero||ストリートファイターＺＥＲＯ
SLPS_004.15|Street Fighter Zero 2||ストリートファイターＺＥＲＯ２
SLPM_800.43|Street Fighter Zero 2 (Taikenban)||ストリートファイターＺＥＲＯ２（体験版）
SLPS_911.05|Street Fighter Zero 2'||ストリートファイターＺＥＲＯ２＇
SLPM_868.77|Street Fighter Zero 3||ストリートファイターＺＥＲＯ３
SLPS_017.77|Street Fighter Zero 3||ストリートファイターＺＥＲＯ３
SLPS_000.70|Street Fighter: Real Battle on Film||ストリート ファイター　リアル バトル オン フィルム
SLES_000.50|Street Fighter: The Movie||
SLUS_000.41|Street Fighter: The Movie||
PCPX_960.67|Street Games '97||ストリート・ゲームス’９７
SIPS_600.19|Street Games '97||ストリート・ゲームス’９７
SLES_002.96|Street Racer||
SLUS_000.99|Street Racer||
SLPS_006.10|Street Racer Extra||ストリート・レーサー・エクストラ
SLUS_014.50|Street Racquetball||
SLES_025.28|Street Scooters||
SLPS_021.86|Street Scooters||ストリートスクーターズ
SLUS_008.18|Street Sk8er||
SLUS_010.83|Street Sk8er 2||
SLES_017.59|Street Skater||
SLES_027.03|Street Skater 2||
SLPS_008.85|Stressless Lesson: Les Les||Ｓｔｒｅｓｓｌｅｓｓ　Ｌｅｓｓｏｎ　～れすれす～
SLES_128.67|Strider||
SLUS_011.42|Strider||
SLES_028.67|Strider 2||
SLUS_011.63|Strider 2||
SLPS_026.20|Strider Hiryuu 1 & 2 (Disc 1) (Strider Hiryuu)||ストライダー飛竜１＆２（ストライダー飛竜）（ディスク１）
SLPS_026.21|Strider Hiryuu 1 & 2 (Disc 2) (Strider Hiryuu 2)||ストライダー飛竜１＆２（ストライダー飛竜）（ディスク２）
SLPM_805.37|Strider Hiryuu 1 & 2 (Taikenban)||ストライダー飛竜１＆２（体験版）
SLES_040.46|Strike Force Hydra||
SLUS_001.39|Strike Point||
SLES_004.25|Strikepoint: The Hex Missions||
SLES_000.23|Striker 96||
SLUS_002.10|Striker 96||
SLUS_010.78|Striker Pro 2000||
SLPS_001.27|Striker: World Cup Premiere Stage||ストライカー　ワールドカッププレミアムステージ
SLPS_004.07|Strikers 1945||ストライカーズ１９４５
SLUS_013.37|Strikers 1945||
SLES_035.10|Strikers 1945 II||
SLKA_020.01|Strikers 1945 II||
SLPS_016.37|Strikers 1945 II||ストライカーズ１９４５Ⅱ
SCES_038.19|Stuart Little 2||
SCES_038.20|Stuart Little 2||
SCES_038.21|Stuart Little 2||
SCES_038.48|Stuart Little 2||
SCES_038.49|Stuart Little 2||
SCES_038.50|Stuart Little 2||
SCES_038.51|Stuart Little 2||
SCES_038.52|Stuart Little 2||
SCES_038.53|Stuart Little 2||
SCES_038.54|Stuart Little 2||
SCES_038.55|Stuart Little 2||
SCUS_946.69|Stuart Little 2||
SLPS_004.03|Studio P||スタジオＰ
SLPS_027.25|Study Quest: Keisan-jima no Daibouken||スタディクエスト　計算島の大冒険
SCES_012.23|Sub||
SLPS_034.13|Subete ga F ni Naru: The Perfect Insider||すべてがＦになる
SLES_027.28|Submarine Commander||
SLPS_022.34|Submarine Hunter Shachi||サブマリンハンター鯱
SLPS_032.94|Submarine Hunter Shachi||サブマリンハンター鯱
SLPS_012.64|Suchie-Pai Adventure: Doki Doki Nightmare (Disc 1)||スーチーパイ・アドベンチャー　～ドキドキナイトメア～（ディスク１）
SLPS_012.65|Suchie-Pai Adventure: Doki Doki Nightmare (Disc 2)||スーチーパイ・アドベンチャー　～ドキドキナイトメア～（ディスク２）
SLPS_001.37|Suiko Enbu||水滸演武
SCPS_451.84|Suikoden||幻想水滸伝
SLES_005.27|Suikoden||
SLUS_002.92|Suikoden||
SLES_024.42|Suikoden II||
SLES_024.43|Suikoden II||
SLES_024.44|Suikoden II||
SLES_024.45|Suikoden II||
SLES_024.46|Suikoden II||
SLUS_009.58|Suikoden II||
SLED_027.42|Suikoden II (Demo)||
SLPM_863.08|Suikoden: Tendou Hyaku Hachi-sei||水滸伝　～天導一〇八星～
SLPS_013.05|Suikoden: Tendou Hyaku Hachi-sei||水滸伝　～天導一〇八星～
SLPS_005.21|Suikoden: Tenmei no Chikai||水滸伝　～天命の誓い～
SLPS_018.09|Suizokukan Project: Fish Hunter e no Michi||水族館プロジェクト～フィッシュハンターへの道～
SLPS_025.42|Summon Night||サモンナイト
SLPS_915.07|Summon Night||サモンナイト
SLPM_805.09|Summon Night (Taikenban)||サモンナイト（体験版）
SLPS_032.37|Summon Night 2 (Disc 1)||サモンナイト２（ディスク１）
SLPS_915.17|Summon Night 2 (Disc 1)||サモンナイト２（ディスク１）
SLPS_032.38|Summon Night 2 (Disc 2)||サモンナイト２（ディスク２）
SLPS_915.18|Summon Night 2 (Disc 2)||サモンナイト２（ディスク２）
SLPS_028.58|Suna no Embrace: Edin no Sato no Navel||砂のエンブレイス ～エディンの里のネーブル～
SLPS_010.51|Super Adventure Rockman (Disc 1) (Episode 1 ;Tsuki no Shinden;)||スーパーアドベンチャーロックマン（ディスク１）
SLPS_010.52|Super Adventure Rockman (Disc 2) (Episode 2 ;Shitou! Wily Numbers;)||スーパーアドベンチャーロックマン（ディスク２）
SLPS_010.53|Super Adventure Rockman (Disc 3) (Episode 3 ;Saigo no Tatakai!!;)||スーパーアドベンチャーロックマン（ディスク３）
SLPS_022.19|Super Bass Fishing||スーパー・バス・フィッシング
SLPS_028.67|Super Bass Fishing||スーパー・バス・フィッシング
SLPS_008.39|Super Black Bass X||スーパーブラックバスＸ
SLPS_020.53|Super Black Bass X||スーパーブラックバスＸ
SLPM_867.17|Super Blackbass X2||スーパー・ブラックバス　Ｘ２
SLPS_023.92|Super Blackbass X2||スーパー・ブラックバス　Ｘ２
SLUS_015.28|Super Bubble Pop||
SLPS_004.67|Super Casino Special||スーパーカジノスペシャル
SLES_040.45|Super Dropzone: Intergalactic Rescue Mission||
SLES_007.15|Super Football Champ||
SLPS_005.69|Super Football Champ||スーパーフットボールチャンプ
SLPM_871.35|Super Gals! Kotobuki Ran Special: Ikemen Get You Gals Party||超ＧＡＬＳ！寿蘭すぺしゃる イケメンゲッチュ→ギャルズパ→ティ→
SLPS_017.76|Super Hero Sakusen||スーパーヒーロー作戦
SLPM_803.58|Super Hero Sakusen (Taikenban)||スーパーヒーロー作戦（体験版）
SLPS_030.20|Super Hero Sakusen: Diedal no Yabou||スーパーヒーロー作戦　ダイダルの野望
SLPS_030.19|Super Hero Sakusen: Diedal no Yabou (Genteiban)||スーパーヒーロー作戦　ダイダルの野望
SLKA_020.02|Super Lite Best Vol. 1: Cotton Original & Block Keeper||
SLKA_020.03|Super Lite Best Vol. 2: Sanvein & Bomb Boat||
SLPM_860.19|Super Live Stadium||スーパーライブスタジアム
SLES_011.75|Super Match Soccer||
SLES_000.43|Super Pang Collection||
SLPS_003.60|Super Pang Collection||スーパー・パン・コレクション
SLPS_032.26|Super Price Series: Billiards||スーパープライスシリーズ　「ビリヤード」
SLPS_033.86|Super Price Series: Block & Switch||スーパープライスシリーズ　「ブロック＆スイッチ」
SLPS_033.87|Super Price Series: Hanafuda||スーパープライスシリーズ　「花札」
SLPS_032.25|Super Price Series: Mahjong||スーパープライスシリーズ　「麻雀」
SLPS_032.27|Super Price Series: Paipai||スーパープライスシリーズ　「牌牌」
SLPS_033.85|Super Price Series: Reversi||スーパープライスシリーズ　「リバーシ」
SLES_006.05|Super Puzzle Fighter II Turbo||
SLUS_004.18|Super Puzzle Fighter II Turbo||
SLPS_006.11|Super Puzzle Fighter II X||スーパーパズルファイターⅡＸ
SLPS_005.54|Super Robot Shooting||スーパーロボットシューティング
SLPS_005.53|Super Robot Shooting (Genteiban)||スーパーロボットシューティング
SLPS_026.36|Super Robot Taisen Alpha||スーパーロボット大戦α
SLPS_914.08|Super Robot Taisen Alpha||スーパーロボット大戦α
SLPS_025.28|Super Robot Taisen Alpha (Limited Edition)||スーパー・ロボット大戦α
SLPS_035.76|Super Robot Taisen Alpha (Limited Edition)||スーパー・ロボット大戦α
SLPS_031.48|Super Robot Taisen Alpha Gaiden||スーパーロボット大戦α外伝
SLPS_035.77|Super Robot Taisen Alpha Gaiden||スーパーロボット大戦α外伝
SLPS_915.06|Super Robot Taisen Alpha Gaiden||スーパーロボット大戦α外伝
SLPS_031.47|Super Robot Taisen Alpha Gaiden (Shokai Genteiban)||スーパーロボット大戦α外伝
SLPS_025.29|Super Robot Taisen EX||スーパーロボット大戦ＥＸ
SLPS_017.27|Super Robot Taisen F||スーパーロボット大戦Ｆ
SLPS_912.16|Super Robot Taisen F||スーパーロボット大戦Ｆ
SLPS_019.24|Super Robot Taisen F: Kanketsu-hen||スーパーロボット大戦Ｆ　完結編
SLPS_912.17|Super Robot Taisen F: Kanketsu-hen||スーパーロボット大戦Ｆ　完結編
SLPS_020.70|Super Robot Taisen: Complete Box (Disc 1) (Super Robot Wars Complete Box)||スーパーロボット大戦 コンプリートボックス（ディスク１）
SLPS_020.71|Super Robot Taisen: Complete Box (Disc 2) (History of Super Robot Wars)||スーパーロボット大戦 コンプリートボックス（ディスク２）
SLUS_014.64|Super Shot Soccer||
SCKA_010.01|Super Shot Soccer||
SLES_039.61|Super Slammin' Dodgeball||
SLPS_028.63|Super Tokusatsu Taisen 2001||スーパー特撮大戦２００１
SCUS_944.53|SuperCross Circuit||
SCUS_943.96|SuperCross Circuit (Demo)||
SLPM_872.31|SuperLite 1500 Series: A Ressha de Ikou 4: Evolution Global||ＳｕｐｅｒＬｉｔｅ　１５００　シリーズ　Ａ列車で行こう４ エボリューショングローバル
SLPM_872.82|SuperLite 1500 Series: A Ressha de Ikou Z: Mezase! Tairiku Oudan||ＳｕｐｅｒＬｉｔｅ １５００ シリーズ Ａ列車でいこうＺ めざせ！大陸横断
SLPM_872.38|SuperLite 1500 Series: A5: A Ressha de Ikou 5||ＳｕｐｅｒＬｉｔｅ　１５００　シリーズ　Ａ５ Ａ列車で行こう５
SLPM_872.27|SuperLite 1500 Series: Advanced V.G.||ＳｕｐｅｒＬｉｔｅ　１５００　シリーズ　アドヴァンスト　ヴァリアブル・ジオ
SLPM_872.26|SuperLite 1500 Series: Advanced V.G. 2||ＳｕｐｅｒＬｉｔｅ　１５００　シリーズ　アドヴァンスト ＶＧ２
SLPM_862.78|SuperLite 1500 Series: Angolmois 99||ＳｕｐｅｒＬｉｔｅ １５００ シリーズ アンゴルモア９９
SLPM_862.59|SuperLite 1500 Series: Ano Ko Doko no Ko: Endless Season||ＳｕｐｅｒＬｉｔｅ １５００ あのこどこのこ エンドレス・シーズン
SLPM_862.39|SuperLite 1500 Series: Asteroids||ＳｕｐｅｒＬｉｔｅ １５００ シリーズ アステロイド
SLPM_871.52|SuperLite 1500 Series: Asuka 120% Final: Burning Fest. Final||ＳｕｐｅｒＬｉｔｅ　１５００　シリーズ　あすか１２０％ファイナル　ＢＵＲＮＩＮＧ　Ｆｅｓｔ．　ＦＩＮＡＬ
SLPM_871.65|SuperLite 1500 Series: Battle Qix||ＳｕｐｅｒＬｉｔｅ　１５００　シリーズ　バトルクイックス
SLPM_864.00|SuperLite 1500 Series: Battle Sugoroku the Hunter: A.R.0062||ＳｕｐｅｒＬｉｔｅ　１５００　シリーズ バトルすごろく ハンター Ａ．Ｒ．００６２
SLPM_870.90|SuperLite 1500 Series: Bomboat||ＳｕｐｅｒＬｉｔｅ　１５００　シリーズ　ボンボート
SLPM_865.98|SuperLite 1500 Series: Burn Out||ＳｕｐｅｒＬｉｔｅ　１５００　シリーズ　～バーンアウト～
SLPM_862.98|SuperLite 1500 Series: Card II||ＳｕｐｅｒＬｉｔｅ　１５００　シリーズ カードＩＩ
SLPM_872.39|SuperLite 1500 Series: Carnage Heart||ＳｕｐｅｒＬｉｔｅ　１５００　シリーズ カルネージハート
SLPM_872.81|SuperLite 1500 Series: Carnage Heart EZ (Easy Zapping)||ＳｕｐｅｒＬｉｔｅ　１５００　シリーズ カルネージハートＥＺ
SLPM_864.89|SuperLite 1500 Series: Castrol Honda Super Bike Racing||ＳｕｐｅｒＬｉｔｅ　１５００　シリーズ　～Ｃａｓｔｒｏｌ ＨＯＮＤＡ　スーパーバイクレーシング～
SLPM_869.22|SuperLite 1500 Series: Castrol Honda VTR||ＳｕｐｅｒＬｉｔｅ　１５００　シリーズ　～Ｃａｓｔｒｏｌ ＨＯＮＤＡ　ＶＴＲ～
SLPM_866.30|SuperLite 1500 Series: Chitty Chitty Chicken||ＳｕｐｅｒＬｉｔｅ １５００ シリーズ チキチキちきん
SLPM_866.60|SuperLite 1500 Series: Crazy Balloon 2000||ＳｕｐｅｒＬｉｔｅ １５００ シリーズ クレージーバルーン２０００
SLPM_864.26|SuperLite 1500 Series: Crossword||ＳｕｐｅｒＬｉｔｅ １５００ シリーズ クロスワード
SLPM_865.35|SuperLite 1500 Series: Crossword 2||ＳｕｐｅｒＬｉｔｅ １５００ シリーズ クロスワード２
SLPM_867.96|SuperLite 1500 Series: Crossword 3||ＳｕｐｅｒＬｉｔｅ　１５００シリーズ　～クロスワード３～
SLPM_865.80|SuperLite 1500 Series: Cyber Daisenryaku: Shutsugeki! Haruka-tai||ＳｕｐｅｒＬｉｔｅ　１５００　シリーズ　サイバー大戦略　出撃！はるか隊
SLPM_864.97|SuperLite 1500 Series: Deep Freeze||ＳｕｐｅｒＬｉｔｅ １５００ シリーズ ディープフリーズ
SLPM_871.15|SuperLite 1500 Series: Densetsu-juu no Ana: Monster Complete World Ver. 2||ＳｕｐｅｒＬｉｔｅ　１５００　シリーズ 伝説獣の穴 モンスターコンプリワールドＶｅｒ．２
SLPM_865.82|SuperLite 1500 Series: Dezaemon Kids!||ＳｕｐｅｒＬｉｔｅ　１５００　シリーズ デザエモンＫｉｄｓ！
SLPM_870.43|SuperLite 1500 Series: Emmyrea||ＳｕｐｅｒＬｉｔｅ １５００ シリーズ エミーリア
SLPM_863.66|SuperLite 1500 Series: F1 Grand Prix 1996: Team Un'ei Simulation||ＳｕｐｅｒＬｉｔｅ １５００ シリーズ Ｆ１ ＧＲＡＮＤ ＰＲＩＸ １９９６ チーム運営シミュレーション
SLPM_864.61|SuperLite 1500 Series: Fantastic Night Dreams: Cotton Original||ＳｕｐｅｒＬｉｔｅ　１５００　シリーズ　コットン　オリジナル
SLPM_872.37|SuperLite 1500 Series: Farland Saga: Toki no Michishirube||ＳｕｐｅｒＬｉｔｅ　１５００　シリーズ　ファーランドサーガ　時の道標
SLPM_872.45|SuperLite 1500 Series: Farland Story: Yottsu no Fuuin||ＳｕｐｅｒＬｉｔｅ　１５００　シリーズ　ファーランドストーリー　四つの封印
SLPM_866.22|SuperLite 1500 Series: Fishing Club: Boat no Tsuri-hen||ＳｕｐｅｒＬｉｔｅ １５００ シリーズ フィッシング倶楽部 ボートの釣り篇
SLPM_866.23|SuperLite 1500 Series: Fishing Club: Bouhatei no Tsuri-hen||ＳｕｐｅｒＬｉｔｅ　１５００　シリーズ　フィッシング倶楽部　～防波堤の釣り篇～
SLPM_866.24|SuperLite 1500 Series: Fishing Club: Hama no Tsuri-hen||ＳｕｐｅｒＬｉｔｅ １５００ シリーズ フィッシング倶楽部 浜の釣り篇
SLPM_867.11|SuperLite 1500 Series: Flamberge no Seirei||ＳｕｐｅｒＬｉｔｅ １５００ シリーズ フランベルジュの精霊
SLPM_862.97|SuperLite 1500 Series: Game de Seishun||ＳｕｐｅｒＬｉｔｅ １５００ シリーズ ゲームで青春
SLPM_863.19|SuperLite 1500 Series: Hanafuda II||ＳｕｐｅｒＬｉｔｅ　１５００　シリーズ 花札ＩＩ
SLPM_864.88|SuperLite 1500 Series: Hooockey!!||ＳｕｐｅｒＬｉｔｅ １５００ シリーズ ホッケー！！
SLPM_863.20|SuperLite 1500 Series: Kaette kita Pachio-kun: Dream Collection||ＳｕｐｅｒＬｉｔｅ １５００ シリーズ 帰ってきたパチ夫くん ＤＲＥＡＭ ＣＯＬＬＥＣＴＩＯＮ
SLPM_868.32|SuperLite 1500 Series: Kaiteiban Mark Yazaki no Seiyou Senseijutsu||ＳｕｐｅｒＬｉｔｅ１５００シリーズ　改訂版　マーク矢崎の西洋占星術
SLPM_868.33|SuperLite 1500 Series: Kaiteiban Shichuu Suimei: Mark Yazaki Kanshuu||ＳｕｐｅｒＬｉｔｅ １５００ シリーズ 改訂版 四柱推命 マーク矢崎監修
SLPM_871.61|SuperLite 1500 Series: KeePer||ＳｕｐｅｒＬｉｔｅ １５００シリーズ Ｋｅｅｐｅｒ
SLPM_871.70|SuperLite 1500 Series: Kouyasai: A Sherd of Youthful Memories||ＳｕｐｅｒＬｉｔｅ　１５００シリーズ　「後夜祭」　－ａ　ｓｈｅｒｄ　ｏｆ　ｙｏｕｔｈｆｕｌ　ｍｅｍｏｒｉｅｓ－
SLPM_864.60|SuperLite 1500 Series: Lode Runner 2||ＳｕｐｅｒＬｉｔｅ　１５００　シリーズ　ロードランナー２
SLPM_862.38|SuperLite 1500 Series: Lode Runner: The Legend Returns||ＳｕｐｅｒＬｉｔｅ　１５００　シリーズ　ロードランナー　レジェンドリターンズ
SLPM_872.19|SuperLite 1500 Series: Lunar Wing: Toki o Koeta Seisen||ＳｕｐｅｒＬｉｔｅ １５００ シリーズ ルナ・ウィング 時を越えた聖戦
SLPM_862.58|SuperLite 1500 Series: Mahjong II||ＳｕｐｅｒＬｉｔｅ １５００ シリーズ： 麻雀ＩＩ
SLPM_868.56|SuperLite 1500 Series: Mahjong Senjutsu: Andou Mitsuru Pro no Akuukan Sappou||ＳｕｐｅｒＬｉｔｅ　１５００シリーズ　麻雀戦術　安藤満プロの亜空間殺法
SLPM_871.43|SuperLite 1500 Series: Mahjong Uranai Fortuna: Tsuki no Megami-tachi||ＳｕｐｅｒＬｉｔｅ １５００ シリーズ　麻雀占い　フォルトゥーナ　～月の女神たち～
SLPM_868.17|SuperLite 1500 Series: Makikou||ＳｕｐｅｒＬｉｔｅ １５００ シリーズ 魔紀行
SLPM_864.43|SuperLite 1500 Series: Mawatte Mucho!||ＳｕｐｅｒＬｉｔｅ １５００ シリーズ まわってムーチョ！
SLPM_865.83|SuperLite 1500 Series: Memories Off||ＳｕｐｅｒＬｉｔｅ １５００ シリーズ： メモリーズオフ
SLPM_871.20|SuperLite 1500 Series: Monster Complete World||ＳｕｐｅｒＬｉｔｅ １５００ シリーズ モンスターコンプリートワールド
SLPM_872.11|SuperLite 1500 Series: Marchen Adventure: Cotton 100%||ＳｕｐｅｒＬｉｔｅ　１５００　シリーズ コットン１００％
SLPM_871.62|SuperLite 1500 Series: Naniwa Wangan Battle||ＳｕｐｅｒＬｉｔｅ　１５００　シリーズ　大阪湾岸バトル
SLPM_872.40|SuperLite 1500 Series: Neo Atlas||ＳｕｐｅｒＬｉｔｅ　１５００　シリーズ　ネオアトラス
SLPM_872.83|SuperLite 1500 Series: Neo Atlas II||ＳｕｐｅｒＬｉｔｅ　１５００　シリーズ　ネオアトラスＩＩ
SLPM_866.32|SuperLite 1500 Series: Nobunaga Hiroku: Geten no Yume||ＳｕｐｅｒＬｉｔｅ　１５００　シリーズ　信長秘録　下天の夢
SLPS_020.67|SuperLite 1500 Series: NumCro||ＳｕｐｅｒＬｉｔｅ １５００ シリーズ ナンクロ
SLPM_864.27|SuperLite 1500 Series: NumCro 2||ＳｕｐｅｒＬｉｔｅ １５００ シリーズ ナンクロ２
SLPM_865.34|SuperLite 1500 Series: NumCro 3||ＳｕｐｅｒＬｉｔｅ １５００ シリーズ ナンクロ３
SLPM_867.95|SuperLite 1500 Series: NumCro 4||ＳｕｐｅｒＬｉｔｅ １５００ シリーズ ナンクロ４
SLPS_020.68|SuperLite 1500 Series: Oekaki Puzzle||ＳｕｐｅｒＬｉｔｅ １５００ シリーズ おえかきパズル
SLPM_864.28|SuperLite 1500 Series: Oekaki Puzzle 2||ＳｕｐｅｒＬｉｔｅ　１５００ シリーズ　おえかきパズル２
SLPM_865.33|SuperLite 1500 Series: Oekaki Puzzle 3||ＳｕｐｅｒＬｉｔｅ １５００ シリーズ おえかきパズル３
SLPM_866.75|SuperLite 1500 Series: Oekaki Puzzle 4||ＳｕｐｅｒＬｉｔｅ １５００ シリーズ おえかきパズル４
SLPM_868.00|SuperLite 1500 Series: Oekaki Puzzle 5||ＳｕｐｅｒＬｉｔｅ　１５００ シリーズ おえかきパズル５
SLPM_871.64|SuperLite 1500 Series: Option: Tuning Car Battle Spec R||ＳｕｐｅｒＬｉｔｅ １５００ シリーズ オプション チューニングカーバトル スペックＲ
SLPM_863.18|SuperLite 1500 Series: Pachi-Slot Hisshouhou! Sammy Revolution||ＳｕｐｅｒＬｉｔｅ １５００ シリーズ パチスロ必勝法！サミーレヴォリューション
SLPM_862.76|SuperLite 1500 Series: Pangaea||ＳｕｐｅｒＬｉｔｅ １５００ シリーズ パンゲア
SLPM_870.69|SuperLite 1500 Series: Pao Leeming Kanshuu: Fuusui Nyuumon||ＳｕｐｅｒＬｉｔｅ １５００ シリーズ 鮑黎明監修 風水入門
SLPM_862.60|SuperLite 1500 Series: Pinball: Golden Logres||ＳｕｐｅｒＬｉｔｅ　１５００　シリーズ　ピンボール　ゴールデンログレス
SLPM_871.94|SuperLite 1500 Series: Prismaticallization||ＳｕｐｅｒＬｉｔｅ　１５００　プリズマティカリゼーション
SLPM_866.59|SuperLite 1500 Series: Qix 2000||ＳｕｐｅｒＬｉｔｅ １５００ シリーズ クイックス２０００
SLPM_865.17|SuperLite 1500 Series: Quiz Master: Blue||ＳｕｐｅｒＬｉｔｅ １５００ シリーズ クイズマスター ブルー
SLPM_865.16|SuperLite 1500 Series: Quiz Master: Red||ＳｕｐｅｒＬｉｔｅ １５００ シリーズ クイズマスター レッド
SLPM_865.18|SuperLite 1500 Series: Quiz Master: Yellow||ＳｕｐｅｒＬｉｔｅ １５００ シリーズ クイズマスター イエロー
SLPM_862.82|SuperLite 1500 Series: Reversi II||ＳｕｐｅｒＬｉｔｅ １５００ シリーズ リバーシＩＩ
SLPM_865.79|SuperLite 1500 Series: Ring of Sias||ＳｕｐｅｒＬｉｔｅ １５００ シリーズ リング オブ サイアス
SLPM_864.59|SuperLite 1500 Series: Sanvein||ＳｕｐｅｒＬｉｔｅ １５００ シリーズ ザンファイン
SLPM_867.10|SuperLite 1500 Series: Screen||ＳｕｐｅｒＬｉｔｅ １５００ シリーズ スクリーン
SLPM_862.61|SuperLite 1500 Series: Seiyou Senseijutsu: Mark Yazaki Kanshuu||ＳｕｐｅｒＬｉｔｅ １５００ シリーズ 西洋占星術 マーク矢崎監修
SLPM_867.64|SuperLite 1500 Series: Shanghai: Dynasty||ＳｕｐｅｒＬｉｔｅ １５００ シリーズ 上海ダイナスティ
SLPM_862.79|SuperLite 1500 Series: Shichuu Suimei: Mark Yazaki Kanshuu||ＳｕｐｅｒＬｉｔｅ １５００ シリーズ 四柱推命 マーク矢崎監修
SLPM_863.64|SuperLite 1500 Series: Shinsei Toilet no Hanako-san||ＳｕｐｅｒＬｉｔｅ　１５００シリーズ　～新生トイレの花子さん～
SLPM_862.75|SuperLite 1500 Series: Shougi II||ＳｕｐｅｒＬｉｔｅ １５００ シリーズ： 将棋ＩＩ
SLPM_868.39|SuperLite 1500 Series: Slither Link||ＳｕｐｅｒＬｉｔｅ １５００ シリーズ スリザーリンク
SLPM_866.61|SuperLite 1500 Series: Space Chaser 2000||ＳｕｐｅｒＬｉｔｅ １５００ シリーズ スペースチェイサー２０００
SLPM_864.40|SuperLite 1500 Series: StarSweep||ＳｕｐｅｒＬｉｔｅ　１５００　シリーズ　スタースイープ
SLPM_866.31|SuperLite 1500 Series: Strikers 1945 II||ＳｕｐｅｒＬｉｔｅ １５００ シリーズ ストライカーズ１９４５ＩＩ
SLPM_863.65|SuperLite 1500 Series: Super Casino Special||ＳｕｐｅｒＬｉｔｅ １５００ シリーズ スーパーカジノスペシャル
SLPS_020.66|SuperLite 1500 Series: Suudoku||ＳｕｐｅｒＬｉｔｅ １５００ シリーズ 数独
SLPM_864.25|SuperLite 1500 Series: Suudoku 2||ＳｕｐｅｒＬｉｔｅ　１５００シリーズ　数独２
SLPM_865.36|SuperLite 1500 Series: Suudoku 3||ＳｕｐｅｒＬｉｔｅ　１５００　シリーズ　数独３
SLPM_866.76|SuperLite 1500 Series: Suudoku 4||ＳｕｐｅｒＬｉｔｅ　１５００シリーズ　数独４
SLPM_867.41|SuperLite 1500 Series: Suudoku 5||ＳｕｐｅｒＬｉｔｅ １５００ シリーズ 数独５
SLPM_862.40|SuperLite 1500 Series: Tenant Wars Alpha: SuperLite 1500 Version||ＳｕｐｅｒＬｉｔｅ １５００ シリーズ テナントウォーズα スーパーライト１５００バージョン
SLPM_862.37|SuperLite 1500 Series: The Curling||ＳｕｐｅｒＬｉｔｅ １５００ シリーズ ザ・カーリング
SLPM_872.53|SuperLite 1500 Series: The FamiRes||ＳｕｐｅｒＬｉｔｅ　１５００　シリーズ　ザ・ファミレス
SLPM_864.41|SuperLite 1500 Series: The Game Maker||ＳｕｐｅｒＬｉｔｅ　１５００シリーズ ザ・ゲームメーカー
SLPM_865.81|SuperLite 1500 Series: The Tetris||ＳｕｐｅｒＬｉｔｅ １５００ シリーズ ザ・テトリス
SLPM_864.42|SuperLite 1500 Series: Tower Dream 2||ＳｕｐｅｒＬｉｔｅ １５００ シリーズ タワードリーム２
SLPM_864.01|SuperLite 1500 Series: Uno||ＳｕｐｅｒＬｉｔｅ １５００ シリーズ ウノ
SLPM_871.89|SuperLite 1500 Series: Wizard's Harmony||ＳｕｐｅｒＬｉｔｅ　１５００シリーズ　ウィザーズハーモニー
SLPM_871.88|SuperLite 1500 Series: Wizard's Harmony 2||ＳｕｐｅｒＬｉｔｅ　１５００　シリーズ　ウィザーズハーモニー２
SLPM_871.90|SuperLite 1500 Series: Wizard's Harmony R||ＳｕｐｅｒＬｉｔｅ　１５００　シリーズ　ウィザーズハーモニーＲ
SLPM_866.33|SuperLite 1500 Series: Yoshimoto Mahjong Club||ＳｕｐｅｒＬｉｔｅ　１５００　シリーズ　よしもと麻雀倶楽部
SLPM_869.84|SuperLite 3in1 Series: Arcade Classic-shuu||ＳｕｐｅｒＬｉｔｅ　３ｉｎ１　シリーズ　～アーケード・クラシック・集～
SLPM_869.82|SuperLite 3in1 Series: Board Game-shuu||ＳｕｐｅｒＬｉｔｅ　３ｉｎ１　シリーズ　ボードゲーム集
SLPM_869.83|SuperLite 3in1 Series: Card Game-shuu||ＳｕｐｅｒＬｉｔｅ　３ｉｎ１　シリーズ カードゲーム集
SLPM_869.54|SuperLite 3in1 Series: Crossword-shuu||ＳｕｐｅｒＬｉｔｅ　３ｉｎ１　シリーズ　～クロスワード集～
SLPM_869.57|SuperLite 3in1 Series: NumCro-shuu||ＳｕｐｅｒＬｉｔｅ　３ｉｎ１　シリーズ　ナンクロ集
SLPM_869.55|SuperLite 3in1 Series: Oekaki Puzzle-shuu||ＳｕｐｅｒＬｉｔｅ　３ｉｎ１　シリーズ　おえかきパズル集
SLPM_869.87|SuperLite 3in1 Series: Quiz-shuu||ＳｕｐｅｒＬｉｔｅ　３ｉｎ１　シリーズ　クイズ集
SLPM_869.56|SuperLite 3in1 Series: Suudoku-shuu||ＳｕｐｅｒＬｉｔｅ　３ｉｎ１　シリーズ 数独集
SLPM_869.81|SuperLite 3in1 Series: Tsuri-shuu||ＳｕｐｅｒＬｉｔｅ　３ｉｎ１　シリーズ 釣りゲーム集
SLPM_869.58|SuperLite Gold Series: Minna no Chess||ＳｕｐｅｒＬｉｔｅ Ｇｏｌｄ シリーズ みんなのチェス
SLPM_869.21|SuperLite Gold Series: Minna no Igo||ＳｕｐｅｒＬｉｔｅ Ｇｏｌｄ みんなの囲碁
SLPM_867.99|SuperLite Gold Series: Minna no Mahjong||ＳｕｐｅｒＬｉｔｅ Ｇｏｌｄ シリーズ みんなの麻雀
SLPM_869.19|SuperLite Gold Series: Minna no Othello||ＳｕｐｅｒＬｉｔｅ Ｇｏｌｄ みんなのオセロ
SLPM_870.09|SuperLite Gold Series: Minna no Shougi: Chuukyuu-hen||ＳｕｐｅｒＬｉｔｅ　Ｇｏｌｄ　シリーズ　みんなの将棋　中級編
SLPM_870.10|SuperLite Gold Series: Minna no Shougi: Joukyuu-hen||ＳｕｐｅｒＬｉｔｅ　Ｇｏｌｄ　シリーズ みんなの将棋　上級編
SLPM_869.20|SuperLite Gold Series: Minna no Shougi: Shokyuu-hen||ＳｕｐｅｒＬｉｔｅ Ｇｏｌｄ シリーズ みんなの将棋 初級編
SLPM_868.19|SuperLite Gold Series: Otenami Haiken||ＳｕｐｅｒＬｉｔｅ Ｇｏｌｄ シリーズ おてなみ拝見
SLPM_870.37|SuperLite Gold Series: Wizardry: Llylgamyn Saga||ＳｕｐｅｒＬｉｔｅ　Ｇｏｌｄ　シリーズ　ウィザードリィ　リルガミン　サーガ
SLPM_868.78|SuperLite Gold Series: Wizardry: New Age of Llylgamyn||ＳｕｐｅｒＬｉｔｅ　Ｇｏｌｄ　シリーズ　ウィザードリィ　ニューエイジオブリルガミン
SLES_041.54|Superbike Masters||
SLES_000.80|Supersonic Racers||
SLES_040.88|Superstar Dance Club: #1 Hits!!!||
SLUS_014.93|Superstar Dance Club: #1 Hits!!!||
SLES_028.38|Surf Riders||
SLUS_011.90|Surf Riders||
SLPS_017.37|Susume! Kaizoku: Be Pirates!||進め！海賊
SLPM_803.67|Susume! Kaizoku: Be Pirates! (Taikenban)||進め！海賊（体験版）
SLPS_002.55|Susume! Taisen Puzzle-dama||進め！対戦ぱずるだま
SLPS_027.30|Suzu Monogatari||鈴ものがたり
SLES_022.21|Suzuki Alstare Challenge||
SLPM_865.13|Suzuki Bakuhatsu||鈴木爆発
SLPM_805.65|Suzuki Bakuhatsu (Taikenban)||鈴木爆発（体験版）
SLES_038.67|Sven-Göran Eriksson's World Challenge||
SLES_038.26|Sven-Göran Eriksson's World Manager||
SLES_000.25|Swagman||
SLUS_001.51|Swagman||
SLED_006.65|Swagman (Demo)||
SLES_016.26|Swing||
SLES_020.32|Swing||
SLES_028.57|Sydney 2000||
SLES_028.58|Sydney 2000||
SLES_028.59|Sydney 2000||
SLES_028.60|Sydney 2000||
SLES_028.61|Sydney 2000||
SLES_028.62|Sydney 2000||
SLPM_866.26|Sydney 2000||シドニー２０００
SLUS_011.77|Sydney 2000||
SLES_002.12|Syndicate Wars||
SLES_002.13|Syndicate Wars||
SLUS_002.62|Syndicate Wars||
SCES_019.10|Syphon Filter||
SCES_019.11|Syphon Filter||
SCES_019.12|Syphon Filter||
SCES_019.13|Syphon Filter||
SCES_019.14|Syphon Filter||
SCUS_942.40|Syphon Filter||
SLPS_022.16|Syphon Filter||サイフォン・フィルター
SLPS_031.38|Syphon Filter||サイフォン・フィルター
SCUS_943.62|Syphon Filter (Demo)||
SLPM_804.48|Syphon Filter (Taikenban)||サイフォン・フィルター（体験版）
SCUS_943.93|Syphon Filter 2 (Demo)||
SCES_022.85|Syphon Filter 2 (Disc 1)||
SCES_022.86|Syphon Filter 2 (Disc 1)||
SCES_022.87|Syphon Filter 2 (Disc 1)||
SCES_022.88|Syphon Filter 2 (Disc 1)||
SCUS_944.51|Syphon Filter 2 (Disc 1)||
SCES_122.85|Syphon Filter 2 (Disc 2)||
SCES_122.86|Syphon Filter 2 (Disc 2)||
SCES_122.87|Syphon Filter 2 (Disc 2)||
SCES_122.88|Syphon Filter 2 (Disc 2)||
SCUS_944.92|Syphon Filter 2 (Disc 2)||
SCES_022.89|Syphon Filter 2: Conspiración Mortal (Disc 1)||
SCES_122.89|Syphon Filter 2: Conspiración Mortal (Disc 2)||
SCES_036.97|Syphon Filter 3||
SCES_036.98|Syphon Filter 3||
SCES_036.99|Syphon Filter 3||
SCES_037.00|Syphon Filter 3||
SCUS_946.40|Syphon Filter 3||
SCUS_946.61|Syphon Filter 3 (Demo)||
SCES_037.01|Syphon Filter 3: Sentencia Final||
SCED_037.80|Syphon Filter 3: Sentencia Final (Demo)||
SLPM_862.34|Söldnerschild Special||ゼルドナーシルト Ｓｐｅｃｉａｌ
SLPS_013.19|Söldnerschild Special||ゼルドナーシルト Ｓｐｅｃｉａｌ
SLPS_013.50|T kara Hajimaru Monogatari||Ｔから始まる物語
SLES_014.73|T'ai Fu: Die Rache des Tigers||
SLES_014.60|T'ai Fu: Wrath of the Tiger||
SLES_014.72|T'ai Fu: Wrath of the Tiger||
SLES_014.74|T'ai Fu: Wrath of the Tiger||
SLUS_007.87|T'ai Fu: Wrath of the Tiger||
SLED_016.09|T'ai Fu: Wrath of the Tiger (Demo)||
SLUS_008.13|T.R.A.G.: Mission of Mercy||
SLPS_005.10|TFX: Tactical Fighter eXperiment||
SLPS_005.11|TFX: Tactical Fighter eXperiment||
SLPS_001.23|TIZ: Tokyo Insect Zoo||ティズ　トウキョウインセクトズー
SLUS_000.89|TNN Motor Sports HardCore 4X4||
SLUS_009.80|TNN Motorsports HardCore TR||
SLES_015.42|TOCA 2 Touring Cars||
SLES_015.47|TOCA 2 Touring Cars||
SLUS_009.96|TOCA 2: Touring Car Challenge||
SLUS_006.11|TOCA Championship Racing||
SLES_003.76|TOCA Touring Car Championship||
SLPS_014.10|TOCA Touring Car Championship||トカ・ツーリング・カー・チャンピオンシップ
SLPM_802.60|TOCA Touring Car Championship (Taikenban)||トカ・ツーリング・カー・チャンピオンシップ（体験版）
SLES_025.72|TOCA World Touring Cars||
SLES_025.73|TOCA World Touring Cars||
SLPS_026.26|TRL: The Rail Loaders||
SLPS_034.59|TV Animation X: Unmei no Sentaku||ＴＶ　Ａｎｉｍａｔｉｏｎ　エックス　～運命の選択～
SLPS_021.81|Tactical Armor Custom Gasaraki||タクティカ・ルアーマー・カスタム・ガサラキ
SLUS_005.60|Tactics Ogre||
SLPS_007.67|Tactics Ogre: Let Us Cling Together||タクティクス　オウガ
SLPS_025.24|Tactics Ogre: Let Us Cling Together||タクティクス　オウガ
SLPS_001.16|Tadaima Wakusei Kaitaku-chuu!||ただいま惑星開拓中！
SLPM_867.82|Taiho Shichau zo: You're Under Arrest (Disc 1)||逮捕しちゃうぞ　Ｙｏｕ’ｒｅ　Ｕｎｄｅｒ　Ａｒｒｅｓｔ（ディスク１）
SLPM_867.80|Taiho Shichau zo: You're Under Arrest (Disc 1) (Shokai Genteiban)||逮捕しちゃうぞ　Ｙｏｕ’ｒｅ　Ｕｎｄｅｒ　Ａｒｒｅｓｔ（ディスク１）
SLPM_867.83|Taiho Shichau zo: You're Under Arrest (Disc 2)||逮捕しちゃうぞ　Ｙｏｕ’ｒｅ　Ｕｎｄｅｒ　Ａｒｒｅｓｔ（ディスク２）
SLPM_867.81|Taiho Shichau zo: You're Under Arrest (Disc 2) (Shokai Genteiban)||逮捕しちゃうぞ　Ｙｏｕ’ｒｅ　Ｕｎｄｅｒ　Ａｒｒｅｓｔ（ディスク２）
SLPM_804.15|Taiken Bandai Vol. 2 (Taikenban)||体験バンダイＶｏｌ．２（体験版）
SLPM_803.05|Taiken Bandai! Vol. 1 (Taikenban)||体験バンダイ！Ｖｏｌ．１（体験版）
SLPS_002.02|Taiketsu Rumiizu! Meruhen Land||対決　るみーず！　メルヘンランド
SLPM_867.89|Taikou Risshiden II||太閤立志伝Ⅱ
SLPS_002.34|Taikou Risshiden II||太閤立志伝Ⅱ
SLPS_910.42|Taikou Risshiden II||太閤立志伝Ⅱ
SLPM_862.68|Taikou Risshiden III||太閤立志伝Ⅲ
SLPM_866.08|Taikou Risshiden III||太閤立志伝Ⅲ
SLPM_872.75|Taikou Risshiden III||太閤立志伝Ⅲ
SLPS_011.31|Taikyoku Igo: Heisei Kiin||対局囲碁 平成棋院
SLPS_004.57|Taikyoku Igo: Shinzui Gosennin||対局囲碁 真髄・碁仙人
SLPM_864.67|Taikyoku Igo: Shinzui Gosennin: Nigou||対局囲碁　真髄・碁仙人 弐號
SLPS_000.59|Taikyoku Shougi: Kiwame||対局将棋　極
SLES_013.90|Tail Concerto||
SLPS_012.99|Tail Concerto||テイルコンチェルト
SLUS_006.60|Tail Concerto||
SLUS_900.60|Tail Concerto (Demo)||
SCUS_946.07|Tail of the Sun||
SLPS_026.72|Taisen Ren'ai Simulation: Trifers Mahou Gakuen||対戦恋愛シミュレーション　トリフェルズ魔法学園
SLPS_020.29|Taiyo no Otsuge||太陽のお告げ
SLPS_003.30|Taiyou no Shippo: Wild, Pure, Simple Life||太陽のしっぽ
SLPS_910.34|Taiyou no Shippo: Wild, Pure, Simple Life||太陽のしっぽ
SLPS_914.11|Taiyou no Shippo: Wild, Pure, Simple Life||太陽のしっぽ
SLPS_005.93|Taklamakan: Tonkou Denki||タクラマカン　～敦煌傅奇～
SLPS_011.00|Tales of Destiny||テイルズ　オブ　デスティニー
SLPS_911.11|Tales of Destiny||テイルズ　オブ　デスティニー
SLUS_006.26|Tales of Destiny||
SLUS_013.55|Tales of Destiny II (Disc 1)||
SLUS_013.67|Tales of Destiny II (Disc 2)||
SLUS_013.68|Tales of Destiny II (Disc 3)||
SLPS_030.45|Tales of Eternia (Disc 1)||テイルズ オブ エターニア（ディスク１）
SLPS_030.50|Tales of Eternia (Disc 1)||テイルズ オブ エターニア（ディスク１）
SLPS_912.47|Tales of Eternia (Disc 1)||テイルズ オブ エターニア（ディスク１）
SLPS_030.46|Tales of Eternia (Disc 2)||テイルズ オブ エターニア（ディスク２）
SLPS_030.51|Tales of Eternia (Disc 2)||テイルズ オブ エターニア（ディスク２）
SLPS_912.48|Tales of Eternia (Disc 2)||テイルズ オブ エターニア（ディスク２）
SLPS_030.47|Tales of Eternia (Disc 3)||テイルズ オブ エターニア（ディスク３）
SLPS_030.52|Tales of Eternia (Disc 3)||テイルズ オブ エターニア（ディスク３）
SLPS_912.49|Tales of Eternia (Disc 3)||テイルズ オブ エターニア（ディスク３）
SLPM_805.86|Tales of Eternia (Taikenban)||テイルズ・オブ・エターニア（体験版）
SLPS_033.75|Tales of Fandom Vol. 1: Cless Version||テイルズ オブ ファンダム Ｖｏｌ．１ クレスバージョン
SLPS_033.76|Tales of Fandom Vol. 1: Mint Version||テイルズ オブ ファンダム Ｖｏｌ．１ ミントバージョン
SLPS_017.70|Tales of Phantasia||テイルズ・オブ・ファンタジア
SLPS_912.10|Tales of Phantasia||テイルズ・オブ・ファンタジア
SLPM_871.16|Tall Unlimited||トールアンリミテッド
SLPS_023.66|Tall Unlimited||トールアンリミテッド
SLUS_015.47|Tall: Infinity||
SLPS_030.21|Tall: Twins Tower||トール　ツインズ・タワー
SLPS_000.03|Tama: Adventurous Ball in Giddy Labyrinth||
SCPS_100.44|Tamago de Puzzle||たまごＤＥパズル
PCPX_961.53|Tamago de Puzzle (Taikenban)||たまごＤＥパズル（体験版）
SLPS_017.29|Tamamayu Monogatari||玉繭物語
SLPS_911.54|Tamamayu Monogatari||玉繭物語
PAPX_900.65|Tamamayu Monogatari: Dennou Bijutsukan||玉繭物語　～電脳美術館～
SLPM_803.25|Tamamayu Monogatari: Dennou Bijutsukan||玉繭物語　～電脳美術館～
SLPS_022.61|Tanaka Torahiko no Ultra-ryuu Shougi: Ibisha Anaguma-hen||田中寅彦のウル寅流将棋　～居飛車穴熊編～
SLES_012.48|Tank Racer||
SLED_019.42|Tank Racer (Demo)||
SLPM_861.72|Tanoshii Mahjong||たのしい麻雀
SLPS_021.57|Tantei Jinguuji Saburou: Early Collection||探偵 神宮寺三郎 アーリーコレクション
SLPS_031.37|Tantei Jinguuji Saburou: Early Collection||探偵 神宮寺三郎 アーリーコレクション
SLPS_005.44|Tantei Jinguuji Saburou: Mikan no Report||探偵 神宮寺三郎 未完のルポ
SLPS_030.16|Tantei Jinguuji Saburou: Mikan no Report||探偵 神宮寺三郎 未完のルポ
SLPS_024.27|Tantei Jinguuji Saburou: Tomoshibi ga Kienu Ma ni||探偵神宮寺三郎 灯火が消えぬ間に
SLPS_030.15|Tantei Jinguuji Saburou: Tomoshibi ga Kienu Ma ni||探偵神宮寺三郎 灯火が消えぬ間に
SLPS_013.56|Tantei Jinguuji Saburou: Yume no Owari ni||探偵 神宮寺三郎 夢の終わりに
SLPS_030.14|Tantei Jinguuji Saburou: Yume no Owari ni||探偵 神宮寺三郎 夢の終わりに
SLPS_028.83|Taregoro: Tarepanda no Iru Nichijou||たれごろ　～たれぱんだのいる日常～
SLPS_005.32|Tasogare no Ode: Ode to the Sunset Era||黄昏のオード　ＯＤＥ　ＴＯ　ＴＨＥ　ＳＵＮＳＥＴ　ＥＲＡ
SLPS_028.84|Tasogare no Ode: Ode to the Sunset Era||黄昏のオード　ＯＤＥ　ＴＯ　ＴＨＥ　ＳＵＮＳＥＴ　ＥＲＡ
SLPS_029.39|Tatsunoko Fight||タツノコファイト
SLES_035.97|Taxi 2||
SCES_019.23|Team Buddies||
SCES_029.86|Team Buddies||
SLUS_008.69|Team Buddies||
SLUS_006.66|Team Losi RC Racer||
SLPM_801.40|Tech PlayStation 97-10||
SLPM_800.84|Tech PlayStation 97-4||
SLPM_800.89|Tech PlayStation 97-5||
SLPM_801.00|Tech PlayStation 97-6||
SLPM_801.08|Tech PlayStation 97-7||
SLPM_801.17|Tech PlayStation 97-8||
SLPM_801.28|Tech PlayStation 97-9||
SLPM_801.88|Tech PlayStation Vol. 1||
SLPM_867.38|Techno BB||テクノビービー
SLES_032.45|TechnoMage: De Terugkeer der Eeuwigheid||
SLES_028.31|TechnoMage: Die Rückkehr der Ewigkeit||
SLES_032.42|TechnoMage: En Quête de L'Eternité||
SLES_032.41|TechnoMage: Return of Eternity||
SLES_032.43|TechnoMage: Ritorno all'Eternità||
SLES_032.44|Technomage: El Retorno de la Eternidad||
SLUS_003.15|Tecmo Stackers||
SLPS_005.65|Tecmo Super Bowl||テクモスーパーボウル
SLUS_000.70|Tecmo Super Bowl||
SLUS_002.99|Tecmo World Golf: Japan||
SLUS_003.40|Tecmo's Deception: Invitation to Darkness||
SLPM_861.78|Teitoku no Ketsudan II||提督の決断Ⅱ
SLPM_867.86|Teitoku no Ketsudan II||提督の決断Ⅱ
SLPS_004.48|Teitoku no Ketsudan II||提督の決断Ⅱ
SLPM_862.04|Teitoku no Ketsudan III||提督の決断Ⅲ
SLPS_007.88|Teitoku no Ketsudan III||提督の決断Ⅲ
SLPS_012.16|Teitoku no Ketsudan III with Power-Up Kit||提督の決断Ⅲ　ｗｉｔｈ　パワーアップ・キット
SCES_000.05|Tekken|Namco|
SLPS_000.40|Tekken|Namco|鉄拳
SLPS_910.20|Tekken|Namco|鉄拳
SLUS_000.06|Tekken|Namco|
SCES_002.55|Tekken 2|Namco|
SLPS_003.00|Tekken 2|Namco|鉄拳２
SLPS_910.55|Tekken 2|Namco|鉄拳２
SLUS_002.13|Tekken 2|Namco|
SCED_004.94|Tekken 2 + Fade to Black + F1 + V-CD||
SCED_004.67|Tekken 2 + Fade to Black + V-CD||
SCPS_452.13|Tekken 3|Namco|鉄拳３
SCPS_452.15|Tekken 3|Namco|鉄拳３
SLPS_013.00|Tekken 3|Namco|鉄拳３
SLPS_912.02|Tekken 3|Namco|鉄拳３
SLUS_004.02|Tekken 3|Namco|
SCES_012.37|Tekken 3|Namco|
SCED_013.84|Tekken 3 (Demo)|Namco|
SLPS_003.65|Tekkyuu: True Pinball||鉄球　トゥルー・ピンボール
SLES_003.16|Tempest X3||
SLUS_002.83|Tempest X3||
SLES_005.34|Ten Pin Alley||
SLUS_003.77|Ten Pin Alley||
SLPM_863.68|Ten made Jack: Odoroki Mamenoki Daitoubou!!||天までジャック　～オドロキマメノキ大登亡！！～
SLPS_012.43|Tenant Wars||テナントウォーズ
SLPS_004.51|Tenchi Muyou! Toukou Muyou (Disc 1)||天地無用！登校無用（ディスク１）
SLPS_004.52|Tenchi Muyou! Toukou Muyou (Disc 2)||天地無用！登校無用（ディスク２）
SLPM_874.00|Tenchi o Kurau II: Sekiheki no Tatakai||天地を喰らうⅡ　～赤壁の戦い～
SLPS_002.03|Tenchi o Kurau II: Sekiheki no Tatakai||天地を喰らうⅡ　～赤壁の戦い～
SLES_024.52|Tenchu 2: Birth of the Stealth Assassins||
SLES_024.62|Tenchu 2: Birth of the Stealth Assassins||
SLES_024.63|Tenchu 2: Birth of the Stealth Assassins||
SLES_024.64|Tenchu 2: Birth of the Stealth Assassins||
SLES_024.65|Tenchu 2: Birth of the Stealth Assassins||
SLUS_009.39|Tenchu 2: Birth of the Stealth Assassins||
SLES_013.74|Tenchu: Stealth Assassins||
SLUS_007.06|Tenchu: Stealth Assassins||
SLED_014.67|Tenchu: Stealth Assassins (Demo)||
SLPS_007.12|Tenga Seiha||天下制覇
SLPS_016.78|Tenka Touitsu||天下統一
SLPS_010.15|Tenkuu no Escaflowne||天空のエスカフローネ
SLPS_010.14|Tenkuu no Escaflowne (Genteiban)||天空のエスカフローネ
SLPM_865.84|Tenkuu no Restaurant||天空のレストラン
SLPS_914.52|Tenkuu no Restaurant||天空のレストラン
SLPM_867.34|Tenkuu no Restaurant: Hello! Project Ver.||天空のレストラン　Ｈｅｌｌｏ！　Ｐｒｏｊｅｃｔ　Ｖｅｒ．
SLUS_013.48|Tennis||
SLES_009.35|Tennis Arena||
SLPS_013.03|Tennis Arena||テニス・アリーナ
SLUS_005.96|Tennis Arena||
SLPM_870.28|Tennis no Oujisama||テニスの王子様
SLPM_872.87|Tennis no Oujisama||テニスの王子様
SLPM_871.55|Tennis no Oujisama: Sweat & Tears||テニスの王子様 スウェットアンドティアーズ
SLPM_872.96|Tennis no Oujisama: Sweat & Tears||テニスの王子様 スウェットアンドティアーズ
SLPS_012.78|Tensen Nyannyan Gekijouban||天仙娘々　～劇場版～
SLPS_012.28|Tenshi Doumei||天使同盟
SLPS_034.66|Tenshi na Konamaiki||天使な小生意気
SLPS_031.32|Tentama||てんたま
SCES_028.36|Terracon||
SCES_000.12|Terry Pratchett's Discworld||
SCUS_946.00|Terry Pratchett's Discworld||
SLES_001.93|Terry Pratchett's Discworld||
SLES_009.48|Test Drive 4||
SLPS_012.88|Test Drive 4||テストドライブ４
SLUS_004.87|Test Drive 4||
SLES_011.79|Test Drive 4x4||
SLES_011.65|Test Drive 5||
SLPS_019.64|Test Drive 5||テスト・ドライブ５
SLUS_006.10|Test Drive 5||
SLES_027.52|Test Drive 6||
SLUS_008.39|Test Drive 6||
SLUS_010.77|Test Drive Le Mans||
SLES_001.94|Test Drive Off-Road||
SLUS_003.96|Test Drive Off-Road||
SLPS_019.65|Test Drive Off-Road 2||テスト・ドライブ・オフロード２
SLUS_006.09|Test Drive Off-Road 2||
SLUS_008.40|Test Drive Off-Road 3||
SCES_021.79|Tetris Magiska Utmaning||
SLES_004.42|Tetris Plus||
SLPS_004.66|Tetris Plus||テトリス・プラス
SLPS_017.20|Tetris Plus||テトリス・プラス
SLUS_003.38|Tetris Plus||
SLPS_003.21|Tetris X||テトリスＸ
SLPS_910.36|Tetris X||テトリスＸ
SLPS_028.86|Tetris with Card Captor Sakura: Eternal Heart||テトリス ｗｉｔｈ カードキャプターさくら エターナルハート
SLPS_001.64|Tetsudou-ou '96: Iku ze Okuman Chouja!!||鉄道王’９６　～いくぜ億万長者！！～
SLPS_010.12|Tetsudou-ou 2: Sekai Seifuku no Yabou!!||鉄道王２　～世界征服の野望！！～
SLPS_006.75|Tetsuya Komuro: Gaball Screen||小室哲哉　ガボールスクリーン
SLPS_006.76|Tetsuya Komuro: Gaball Screen||小室哲哉　ガボールスクリーン
SLPS_017.18|Tettei Kaiseki: Hisshou Pachi-Slot Doujou: Yamasa & Pioneer||徹底解析　必勝パチスロ道場　～山佐＆パイオニア～
SLPM_863.40|That's QT||ザッツキューティ
SCUS_949.06|The Adventures of Lomax||
SLPS_019.16|The Airs||エアーズ
SLES_038.58|The Amazing Virtual Sea-Monkeys||
SLUS_014.75|The Amazing Virtual Sea-Monkeys||
SCED_023.27|The Best PlayStation Games Ever: No. 1 of 4||
SCUS_942.61|The Best of PlayStation Underground Year One||
SLPS_022.94|The Bistro: Ryouri & Wine no Shokunin-tachi||ザ・ビストロ　～料理＆ワインの職人たち～
SLPM_867.18|The Blue Marlin||ザ・ブルー・マーリン
SLPS_027.52|The Blue Marlin||ザ・ブルー・マーリン
SLES_031.63|The Bombing Islands||
SLPS_008.66|The Bombing Islands||ボンビンアイランド
SLPS_914.49|The Bombing Islands||ボンビンアイランド
SLUS_012.92|The Bombing Islands||
SCPS_100.94|The Book of Watermarks (Disc 1)||ザ・ブック・オブ・ウォーターマークス（ディスク１）
SCPS_100.95|The Book of Watermarks (Disc 2)||ザ・ブック・オブ・ウォーターマークス（ディスク２）
SLUS_015.79|The Cat in the Hat||
SLPS_003.31|The Chessmaster||チェスマスター
SLES_001.87|The Chessmaster 3-D||
SLUS_000.52|The Chessmaster 3-D||
SCUS_941.50|The City of Lost Children||
SLES_001.70|The City of Lost Children||
SLPM_866.91|The Conveni 2: Zenkoku Chain Tenkai da!||ザ・コンビニ２　全国チェーン展開だ！
SLPS_011.46|The Conveni 2: Zenkoku Chain Tenkai da!||ザ・コンビニ２　全国チェーン展開だ！
SLPS_013.01|The Conveni Special: 3-tsu no Sekai o Dokusen seyo||ザ・コンビニ　スペシャル　～３つの世界を独占せよ～
SLPM_866.55|The Conveni: Ano Machi o Dokusen seyo||ザ・コンビニ　～あの町を独占せよ～
SLPS_007.82|The Conveni: Ano Machi o Dokusen seyo||ザ・コンビニ　～あの町を独占せよ～
SLPS_911.04|The Conveni: Ano Machi o Dokusen seyo||ザ・コンビニ　～あの町を独占せよ～
SLES_002.79|The Crow: City of Angels||
SLES_006.48|The Crow: City of Angels||
SLPS_007.69|The Crow: City of Angels||ザ・クロウ
SLUS_002.42|The Crow: City of Angels||
SLPS_015.58|The Crown Knights: Jaja-uma! Quartet: Mega Dream Destruction+||Ｔｈｅ　Ｃｒｏｗｎ　Ｋｎｉｇｈｔｓ　Ｊａｊａ馬！　カルテット　Ｍｅｇａ　Ｄｒｅａｍ　Ｄｅｓｔｒｕｃｔｉｏｎ＋
SLPM_804.22|The Cybernetic Tuning Master: Exhaust King||エキゾーストキング
SLES_029.59|The Dalmatians||
SLPS_005.01|The Deep: Ushinawareta Shinkai||ＴＨＥ ＤＥＥＰ 　失われた深海
SLUS_003.17|The Divide: Enemies Within||
SLPM_872.52|The Dog Master||ザ・ドッグ　マスター
SLPM_871.75|The Dog Master (Shokai Genteiban)||ザ・ドッグ　マスター
SLPM_866.78|The Drug Store||ザ・ドラッグストア
SLPS_015.16|The Drug Store: MatsumotoKiyoshi de Okaimono!||ザ・ドラッグストア ～マツモトキヨシでお買い物！～
SLES_033.93|The Dukes of Hazzard II: Daisy Dukes It Out||
SLUS_012.43|The Dukes of Hazzard II: Daisy Dukes It Out||
SLES_023.43|The Dukes of Hazzard: Racing for Home||
SLUS_008.59|The Dukes of Hazzard: Racing for Home||
SLES_022.54|The F.A. Premier League Football Manager 2000||
SLES_030.61|The F.A. Premier League Football Manager 2001||
SLES_021.42|The F.A. Premier League Stars||
SLES_030.63|The F.A. Premier League Stars 2001||
SLPS_017.36|The Famires||ザ・ファミレス
SLPM_872.54|The Famires: Shijou Saikyou no Menu||ザ・ファミレス　～史上最強のメニュー～
SLPS_017.63|The Famires: Shijou Saikyou no Menu||ザ・ファミレス　～史上最強のメニュー～
SCES_012.85|The Fifth Element||
SLPS_015.55|The Fifth Element||フィフス・エレメント
SLUS_007.11|The Fifth Element||
SLUS_000.64|The Final Round||
SLPS_001.48|The Firemen 2: Pete & Danny||ザ・ファイヤーメン２　ピート＆ダニー
SLPS_020.90|The Firemen 2: Pete & Danny||ザ・ファイヤーメン２　ピート＆ダニー
SLES_023.45|The Flintstones: Bedrock Bowling||
SLUS_009.31|The Flintstones: Bedrock Bowling||
SLPS_015.83|The Game Maker: Ureyuki 100-manbon Get da ze!||ザ・ゲームメーカー：売れ行き１００万本げっとだゼ！
SLUS_007.69|The Game of Life||
SLPS_001.55|The Game of Life: DX Jinsei Game||ＤＸ人生ゲーム
SLPS_910.25|The Game of Life: DX Jinsei Game||ＤＸ人生ゲーム
SLPS_009.18|The Game of Life: DX Jinsei Game II||ＤＸ人生ゲームⅡ
SLPS_910.95|The Game of Life: DX Jinsei Game II||ＤＸ人生ゲームⅡ
SLPM_870.98|The Game of Life: DX Jinsei Game III||ＤＸ人生ゲームⅢ
SLPS_024.69|The Game of Life: DX Jinsei Game III||ＤＸ人生ゲームⅢ
SLPM_869.63|The Game of Life: DX Jinsei Game IV||ＤＸ人生ゲームⅣ
SLPM_871.87|The Game of Life: DX Jinsei Game V||ＤＸ人生ゲームⅤ
SCES_011.07|The Granstream Saga||
SCES_013.21|The Granstream Saga||
SCES_013.22|The Granstream Saga||
SLUS_005.97|The Granstream Saga||
SLPS_007.19|The Great Battle VI||ザ・グレイトバトルⅥ
SLES_029.74|The Grinch||
SLUS_011.97|The Grinch||
SLES_017.76|The Guardian of Darkness||
SLPS_031.78|The Heiwa: Otenki Studio||ＴＨＥ　ＨＥＩＷＡ　～お天気スタジオ～
SLUS_001.20|The Hive (Disc 1)||
SLUS_001.82|The Hive (Disc 2)||
SLPS_003.25|The Hive Wars (Disc 1)||ザ・ハイヴウォーズ（ディスク１）
SLPS_003.26|The Hive Wars (Disc 2)||ザ・ハイヴウォーズ（ディスク２）
SLPM_869.61|The Housoukyoku: SatelliTV||ザ・放送局　サテライトＴＶ
SLES_032.10|The Hunter||
SLES_001.09|The Incredible Hulk: The Pantheon Saga||
SLUS_001.50|The Incredible Hulk: The Pantheon Saga||
SLES_034.89|The Italian Job||
SLES_036.26|The Italian Job||
SLES_036.48|The Italian Job||
SLUS_014.57|The Italian Job||
SLED_036.79|The Italian Job (Demo)||
SCES_005.62|The King of Fighters '95||
SCUS_942.05|The King of Fighters '95||
SLPS_003.51|The King of Fighters '95||ザ・キング・オブ・ファイターズ’９５
SLPS_910.26|The King of Fighters '95||ザ・キング・オブ・ファイターズ’９５
SLPM_861.10|The King of Fighters '96||ザ・キング・オブ・ファイターズ’９６
SLPS_008.34|The King of Fighters '96||ザ・キング・オブ・ファイターズ’９６
SLPM_860.84|The King of Fighters '97||ザ・キング・オブ・ファイターズ’９７
SLPM_862.45|The King of Fighters '97||ザ・キング・オブ・ファイターズ’９７
SLPS_915.11|The King of Fighters '97||ザ・キング・オブ・ファイターズ’９７
SLPM_802.42|The King of Fighters '97 (Taikenban)||ザ・キング・オブ・ファイターズ’９７（体験版）
SLPM_862.01|The King of Fighters '98: Dream Match Never Ends||ザ・キング・オブ・ファイターズ’９８　～ドリーム・マッチ・ネバー・エンズ～
SLPM_864.35|The King of Fighters '98: Dream Match Never Ends||ザ・キング・オブ・ファイターズ’９８　～ドリーム・マッチ・ネバー・エンズ～
SLPM_864.62|The King of Fighters '99||ザ・キング・オブ・ファイターズ’９９
SLPM_867.84|The King of Fighters '99||ザ・キング・オブ・ファイターズ’９９
SLUS_013.32|The King of Fighters '99||
SLPM_860.95|The King of Fighters Kyou||ザ・キング・オブ・ファイターズ 京
SLPM_802.45|The King of Fighters Kyou (Taikenban)||ザ・キング・オブ・ファイターズ　京（体験版）
SLES_040.55|The Land Before Time: Big Water Adventure||
SLUS_014.81|The Land Before Time: Big Water Adventure||
SLPM_885.04|The Land Before Time: Great Valley Racing Adventure||
SLUS_012.13|The Land Before Time: Great Valley Racing Adventure||
SLES_034.48|The Land Before Time: Racing Adventure||
SLES_029.81|The Land Before Time: Return to the Great Valley||
SLUS_010.43|The Land Before Time: Return to the Great Valley||
SLES_000.20|The Last Report||
SLES_000.29|The Last Report||
SLES_008.89|The Last Report||
SLPS_009.23|The Last Report||ラストレポート
SLED_013.65|The Last Report (Demo)||
PAPX_900.91|The Legend of Dragoon||レジェンド・オブ・ドラグーン
SCES_030.43|The Legend of Dragoon (Disc 1)||
SCES_030.44|The Legend of Dragoon (Disc 1)||
SCES_030.45|The Legend of Dragoon (Disc 1)||
SCES_030.46|The Legend of Dragoon (Disc 1)||
SCES_030.47|The Legend of Dragoon (Disc 1)||
SCPS_101.19|The Legend of Dragoon (Disc 1)||レジェンド・オブ・ドラグーン（ディスク１）
SCPS_454.61|The Legend of Dragoon (Disc 1)||レジェンド・オブ・ドラグーン（ディスク１）
SCUS_944.91|The Legend of Dragoon (Disc 1)||
SCES_130.43|The Legend of Dragoon (Disc 2)||
SCES_130.44|The Legend of Dragoon (Disc 2)||
SCES_130.45|The Legend of Dragoon (Disc 2)||
SCES_130.46|The Legend of Dragoon (Disc 2)||
SCES_130.47|The Legend of Dragoon (Disc 2)||
SCPS_101.20|The Legend of Dragoon (Disc 2)||レジェンド・オブ・ドラグーン（ディスク２）
SCPS_454.62|The Legend of Dragoon (Disc 2)||レジェンド・オブ・ドラグーン（ディスク２）
SCUS_945.84|The Legend of Dragoon (Disc 2)||
SCES_230.43|The Legend of Dragoon (Disc 3)||
SCES_230.44|The Legend of Dragoon (Disc 3)||
SCES_230.45|The Legend of Dragoon (Disc 3)||
SCES_230.46|The Legend of Dragoon (Disc 3)||
SCES_230.47|The Legend of Dragoon (Disc 3)||
SCPS_101.21|The Legend of Dragoon (Disc 3)||レジェンド・オブ・ドラグーン（ディスク３）
SCPS_454.63|The Legend of Dragoon (Disc 3)||レジェンド・オブ・ドラグーン（ディスク３）
SCUS_945.85|The Legend of Dragoon (Disc 3)||
SCES_330.43|The Legend of Dragoon (Disc 4)||
SCES_330.44|The Legend of Dragoon (Disc 4)||
SCES_330.45|The Legend of Dragoon (Disc 4)||
SCES_330.46|The Legend of Dragoon (Disc 4)||
SCES_330.47|The Legend of Dragoon (Disc 4)||
SCPS_101.22|The Legend of Dragoon (Disc 4)||レジェンド・オブ・ドラグーン（ディスク４）
SCPS_454.64|The Legend of Dragoon (Disc 4)||レジェンド・オブ・ドラグーン（ディスク４）
SCUS_945.86|The Legend of Dragoon (Disc 4)||
PAPX_901.03|The Legend of Dragoon (Taikenban)||レジェンド・オブ・ドラグーン（体験版）
PAPX_901.04|The Legend of Dragoon (Taikenban)||レジェンド・オブ・ドラグーン（体験版）
PCPX_961.84|The Legend of Dragoon (Taikenban)||レジェンド・オブ・ドラグーン（体験版）
SLPS_013.23|The Legend of Heroes I & II: Eiyuu Densetsu||Ｔｈｅ　Ｌｅｇｅｎｄ　ｏｆ　Ｈｅｒｏｅｓ　Ⅰ＆Ⅱ　～英雄伝説～
SLPS_012.01|The Legend of Heroes III: Shiroki Majo: Mou Hitotsu no Eiyuu-tachi no Monogatari||Ｔｈｅ　Ｌｅｇｅｎｄ　ｏｆ　Ｈｅｒｏｅｓ　Ⅲ　白き魔女　もうひとつの英雄たちの物語
SLPS_015.40|The Legend of Heroes IV: Akai Shizuku||Ｔｈｅ　Ｌｅｇｅｎｄ　ｏｆ　Ｈｅｒｏｅｓ　ＩＶ　朱紅い雫
SLES_009.03|The Lost World: Jurassic Park||
SLPS_010.99|The Lost World: Jurassic Park||ロスト・ワールド　～ジュラシック・パーク～
SLUS_005.15|The Lost World: Jurassic Park||
SLUS_805.15|The Lost World: Jurassic Park (Trade Demo)||
SLPM_865.85|The Maestromusic||ザ・マエストロムジーク
SLPM_865.86|The Maestromusic||ザ・マエストロムジーク
SLPM_866.79|The Maestromusic: Encore Disc||ザ・マエストロムジーク　アンコール・ディスク
SLPM_866.84|The Maestromusic: Merry Christmas||ザ・マエストロムジーク　～メリークリスマス～
SCED_039.93|The Magical World of Disney on PlayStation||
SLPS_005.62|The Making of Nightruth||ザ・メイキング・オブ・ナイトゥルース
SLPS_007.22|The Masters Fighter||ザ・マスターズ・ファイター
SLPS_001.78|The Match Golf||ザ・マッチ・ゴルフ
SLES_027.95|The Misadventures of Tron Bonne||
SLUS_008.96|The Misadventures of Tron Bonne||
SLES_032.34|The Mission||
SLES_029.73|The Mummy||
SLUS_011.87|The Mummy||
SLPS_020.72|The Mystic Dragoons||ミスティックドラグーン
SLPS_021.03|The Mystic Dragoons||ミスティックドラグーン
SLPS_028.45|The Mystic Dragoons||ミスティックドラグーン
SLES_019.87|The Next Tetris||
SLPS_017.74|The Next Tetris||ザ ネクスト テトリス
SLPS_027.01|The Next Tetris||ザ ネクスト テトリス
SLUS_008.62|The Next Tetris||
SLPM_803.68|The Next Tetris (Taikenban)||ザ　ネクスト　テトリス（体験版）
SLPS_025.07|The Next Tetris DLX||ザ　ネクスト　テトリス　デラックス
SLES_007.49|The Note||
SLPM_869.89|The Oni Taiji!!: Mezase! Nidaime Momotarou||Ｔｈｅ鬼退治！！　目指せ！二代目桃太郎
SLPS_000.89|The Oni Taiji!!: Mezase! Nidaime Momotarou||Ｔｈｅ鬼退治！！　目指せ！二代目桃太郎
SLPS_004.18|The Open Golf: History of Turnberry||ジ・オープンゴルフ Ｈｉｓｔｏｒｙ ｏｆ Ｔｕｒｎｂｅｒｒｙ
SLPS_000.87|The Perfect Golf||パーフェクトゴルフ
SLES_036.29|The Powerpuff Girls: Chemical X-Traction||
SLUS_014.23|The Powerpuff Girls: Chemical X-Traction||
SLPM_861.39|The Pro Mahjong: Menkyo Kaiden||ＴＨＥ プロ麻雀免許皆伝
LSP06010.101|The Quaddle Family Mysteries 1: The Case of the Scarce Scarab: Lobby / Kitchen||
LSP06010.201|The Quaddle Family Mysteries 2: The Case of the Scarce Scarab: Garden||
LSP06010.301|The Quaddle Family Mysteries 3: The Case of the Scarce Scarab: Parlor / Family Room||
SCUS_944.02|The Raiden Project||
SLES_000.51|The Raiden Project||
SLES_000.39|The Raven Project (Disc 1)||
SLES_005.18|The Raven Project (Disc 1)||
SLES_005.19|The Raven Project (Disc 1)||
SLES_100.39|The Raven Project (Disc 2)||
SLES_105.18|The Raven Project (Disc 2)||
SLES_105.19|The Raven Project (Disc 2)||
SLPS_027.02|The Rong Rong||Ｔｈｅ　龍龍
LSP02016.001|The Secret of Googol 1a: Reshaping Googol: The Submarine||
LSP02015.001|The Secret of Googol 1b: Reshaping Googol: The Tower||
LSP02018.001|The Secret of Googol 2a: Reshaping Googol: The Castle||
LSP02017.001|The Secret of Googol 2b: Reshaping Googol: Under the Ocean||
LSP02026.001|The Secret of Googol 3: The Googol Counting Fair: Midways||
LSP02028.001|The Secret of Googol 4: The Googol Counting Fair: Corral / Fun House||
LSP02045.001|The Secret of Googol 5: Googolfest: Party Isle / Toy Isle||
LSP02057.001|The Secret of Googol 6: Googolfest: Arcade Isle / Moon Feast Isle||
LSP02065.001|The Secret of Googol 7: Eggs All Around: Egg Trek / Balloon Picnic||
LSP02078.001|The Secret of Googol 8: Googol Gulch: General Store / Math Arcade||
SLPS_001.69|The Shinri Game||ザ・心理ゲーム
SLPS_020.48|The Shinri Game||ザ・心理ゲーム
SLPS_031.74|The Shinri Game 10||ザ・心理ゲーム１０
SLPS_008.51|The Shinri Game 2||ザ・心理ゲーム２
SLPS_020.49|The Shinri Game 2||ザ・心理ゲーム２
SLPS_011.04|The Shinri Game 3||ザ・心理ゲーム３
SLPS_022.56|The Shinri Game 3||ザ・心理ゲーム３
SLPS_025.18|The Shinri Game 5||ザ・心理ゲーム５
SLPS_026.68|The Shinri Game 6||ザ・心理ゲーム６
SLPS_028.09|The Shinri Game 7||ザ・心理ゲーム７
SLPS_029.46|The Shinri Game 8||ザ・心理ゲーム８
SLPS_031.09|The Shinri Game 9||ザ・心理ゲーム９
SLPS_016.70|The Shinri Game IV: Itsu mo Kokoro ni Hoshizora o||ザ・心理ゲームⅣ　いつも心に星空を
SLPS_022.57|The Shinri Game IV: Itsu mo Kokoro ni Hoshizora o||ザ・心理ゲームⅣ　いつも心に星空を
SLES_034.01|The Simpsons Wrestling||
SLUS_012.27|The Simpsons Wrestling||
SLES_017.49|The Smurfs||
SLUS_010.08|The Smurfs||
SLPS_001.40|The Snowman (Shokai Genteiban)||スノーマン
SLPS_011.96|The Star Bowling DX (Disc 1)||ザ・スター・ボーリングＤＸ（ディスク１）
SLPS_011.97|The Star Bowling DX (Disc 2)||ザ・スター・ボーリングＤＸ（ディスク２）
SLPS_011.98|The Star Bowling DX (Disc 3)||ザ・スター・ボーリングＤＸ（ディスク３）
SLPS_011.99|The Star Bowling DX (Disc 4)||ザ・スター・ボーリングＤＸ（ディスク４）
SLES_029.56|The Sword of Camelot||
LSP90317.401|The Three Decoders 1: Riddle of the Ring||
LSP90318.101|The Three Decoders 2: Key to the Carousel||
SLUS_014.86|The Three Stooges||
SLPS_005.08|The Tower: Bonus Edition||高層ビルシミュレーション［ザ・タワー］　ボーナスエディション
SLPS_006.06|The Tower: Bonus Edition||高層ビルシミュレーション［ザ・タワー］　ボーナスエディション
SLES_013.00|The Unholy War||
SLUS_006.76|The Unholy War||
SLED_015.57|The Unholy War (Demo)||
SLUS_900.30|The Unholy War (Demo)||
SLPS_008.46|The Unsolved: Hyper Science Adventure (Disc 1)||ジ アンソルブド（ディスク１）
SLPS_008.47|The Unsolved: Hyper Science Adventure (Disc 2)||ジ アンソルブド（ディスク２）
SLPS_008.48|The Unsolved: Hyper Science Adventure (Disc 3)||ジ アンソルブド（ディスク３）
SLPS_023.99|The Uranai 2: Mainichi no Tarot Uranai||ザ・占い２　～毎日のタロット占い～
SLPS_028.98|The Uranai 3: Mainichi no Houi Uranai||ザ・占い３　～毎日の方位占い～
SLPS_028.99|The Uranai 4: Harapeko Kuma no Kaiun Kabbalah Uranai||ザ・占い４ 　～はらぺこクマの開運カバラ占い～
SLPS_030.53|The Uranai 5: Shinpi no Rune Uranai||ザ・占い５　～神秘のルーン占い～
SLPS_030.54|The Uranai 6: Suisei-san no Tottemo Kyuusei Senseijutsu||ザ・占い６　～水星さんのとっても九星占星術～
SLPS_023.62|The Uranai: Ren'ai Seiza Uranai||ザ・占い　～恋愛星座占い～
SLES_035.51|The Weakest Link||
SLUS_014.13|The Weakest Link||
SLUS_011.28|The Wild Thornberrys: Animal Adventures||
SLPS_008.72|The Witch of Salzburg||ザルツブルグの魔女
SCES_015.65|The X-Files (Disc 1)||
SCES_015.66|The X-Files (Disc 1)||
SCES_015.67|The X-Files (Disc 1)||
SCES_015.68|The X-Files (Disc 1)||
SCES_015.69|The X-Files (Disc 1)||
SLUS_009.15|The X-Files (Disc 1)||
SCES_115.65|The X-Files (Disc 2)||
SCES_115.66|The X-Files (Disc 2)||
SCES_115.67|The X-Files (Disc 2)||
SCES_115.68|The X-Files (Disc 2)||
SCES_115.69|The X-Files (Disc 2)||
SLUS_009.49|The X-Files (Disc 2)||
SCES_215.65|The X-Files (Disc 3)||
SCES_215.66|The X-Files (Disc 3)||
SCES_215.67|The X-Files (Disc 3)||
SCES_215.68|The X-Files (Disc 3)||
SCES_215.69|The X-Files (Disc 3)||
SLUS_009.50|The X-Files (Disc 3)||
SCES_315.65|The X-Files (Disc 4)||
SCES_315.66|The X-Files (Disc 4)||
SCES_315.67|The X-Files (Disc 4)||
SCES_315.68|The X-Files (Disc 4)||
SCES_315.69|The X-Files (Disc 4)||
SLUS_009.51|The X-Files (Disc 4)||
SLPM_864.73|The Yellow Monkey: Trancemission VJ Remix||
SLPS_017.68|Theme Aquarium||テーマアクアリウム
SLES_006.27|Theme Hospital||
SLPS_014.05|Theme Hospital||テーマホスピタル
SLUS_002.75|Theme Hospital||
SLES_000.72|Theme Park||
SLPS_001.75|Theme Park||テーマパーク
SLPS_910.13|Theme Park||テーマパーク
SLUS_000.17|Theme Park||
SLES_026.88|Theme Park World||
SLPS_026.43|Theme Park World||テーマパークワールド
SCES_017.00|This Is Football||
SCES_017.03|This Is Football||
SCES_018.82|This Is Football||
SCES_030.70|This Is Football 2||
SCES_030.72|This Is Football 2||
SCES_030.75|This Is Football 2||
SCES_032.36|This Is Football 2||
SCED_031.99|This Is Football 2 (Demo)||
SCED_032.01|This Is Football 2 (Demo)||
SCED_032.04|This Is Football 2 (Demo)||
SCED_032.37|This Is Football 2 (Demo)||
SCES_022.69|This Is Soccer||
SCES_030.71|This Is Soccer 2||
SCED_032.00|This Is Soccer 2 (Demo)||
SLPS_000.53|Thoroughbred Breeder II Plus||サラブレッドブリーダーＩＩプラス
SLPM_801.78|Thoroughbred Breeder: Sekai Seiha-hen||サラブレッドブリーダー　～世界制覇編～
SLPM_802.31|Thoroughbred Breeder: Sekai Seiha-hen||サラブレッドブリーダー　～世界制覇編～
SLPS_013.24|Thoroughbred Breeder: Sekai Seiha-hen||サラブレッドブリーダー　～世界制覇編～
SLPS_001.77|Thoroughbred-tachi no Eikan: The Victorious Thoroughbreds||サラブレッド達の栄冠
SLUS_900.59|Thousand Arms (Demo)||
SLPS_017.80|Thousand Arms (Disc 1)||サウザンドアームズ（ディスク１）
SLUS_008.45|Thousand Arms (Disc 1)||
SLPS_017.81|Thousand Arms (Disc 2)||サウザンドアームズ（ディスク２）
SLUS_008.58|Thousand Arms (Disc 2)||
SLPS_025.89|Thrasher: SK8||スラッシャー　ＳＫ８
SLES_023.40|Thrasher: Skate and Destroy||
SLES_025.56|Thrasher: Skate and Destroy||
SLUS_009.35|Thrasher: Skate and Destroy||
SLUS_900.67|Thrasher: Skate and Destroy (Demo)||
SLUS_010.19|Threads of Fate||
SLES_008.76|Three Lions||
SLPS_014.06|Thunder Force V: Perfect System||サンダー・フォースＶ　～パーフェクト・システム～
SLPS_022.11|Thunder Force V: Perfect System||サンダー・フォースＶ　～パーフェクト・システム～
SLUS_007.27|Thunder Force V: Perfect System||
SLPS_000.94|Thunder Storm & Road Blaster (Disc 1) (Thunder Storm)||サンダーストーム＆ロードブラスター（ディスク１）
SLPS_000.95|Thunder Storm & Road Blaster (Disc 2) (Road Blaster)||サンダーストーム＆ロードブラスター（ディスク２）
SCUS_943.52|Thunder Truck Rally||
SLPS_003.57|Thunderhawk II||サンダーホークＩＩ
SLUS_001.91|Thunderstrike 2||
SLES_016.74|Tiger Woods 99 PGA Tour Golf||
SLPS_020.12|Tiger Woods 99 PGA Tour Golf||タイガー・ウッズ９９　ＰＧＡ　ＴＯＵＲ　ＧＯＬＦ
SLUS_007.85|Tiger Woods 99 PGA Tour Golf||
SLES_016.75|Tiger Woods 99 USA Tour Golf||
SLES_025.51|Tiger Woods PGA Tour 2000||
SLUS_010.54|Tiger Woods PGA Tour 2000||
SLES_031.48|Tiger Woods PGA Tour Golf||
SLUS_012.73|Tiger Woods PGA Tour Golf||
SLES_025.95|Tiger Woods USA Tour 2000||
SLES_033.37|Tiger Woods USA Tour 2001||
SLES_007.28|Tigershark||
SLPS_010.17|Tigershark||タイガーシャーク
SLUS_003.46|Tigershark||
SLPS_007.17|Tilk: Aoi Umi kara Kita Shoujo||ティルク　～青い海から来た少女～
SLES_001.52|Tilt!||
SLPS_031.33|Time Bokan Series: Bokan GoGoGo||タイムボカンシリーズ　ボカンＧｏＧｏＧｏ
SLPS_012.11|Time Bokan Series: Bokan desu yo||タイムボカンシリーズ　ボカンですよ
SLPS_006.09|Time Bokan Series: Bokan to Ippatsu! Doronbow||タイムボカンシリーズ　ボカンと一発！ドロンボー
SLPS_910.51|Time Bokan Series: Bokan to Ippatsu! Doronbow||タイムボカンシリーズ　ボカンと一発！ドロンボー
SLPM_800.64|Time Bokan Series: Bokan to Ippatsu! Doronbow (Taikenban)||タイムボカンシリーズ　ボカンと一発！ドロンボー（体験版）
SLES_036.51|Time Bokan: Yattaman||
SLES_002.24|Time Commando||
SLES_004.88|Time Commando||
SLPS_005.56|Time Commando||タイムコマンドー
SLUS_003.42|Time Commando||
SCES_006.57|Time Crisis||
SLPS_006.35|Time Crisis||タイムクライシス
SLPS_006.66|Time Crisis||タイムクライシス
SLPS_910.87|Time Crisis||タイムクライシス
SLUS_004.05|Time Crisis||
SCES_027.76|Time Crisis: Project Titan||
SLPS_031.88|Time Crisis: Project Titan||タイムクライシス　プロジェクト　タイタン
SLUS_013.36|Time Crisis: Project Titan||
SLPS_003.83|Time Gal & Ninja Hayate (Disc 1) (Time Gal)||タイムギャル＆忍者ハヤテ（ディスク１）
SLPS_003.84|Time Gal & Ninja Hayate (Disc 2) (Ninja Hayate)||タイムギャル＆忍者ハヤテ（ディスク２）
LSP90738.700|Timeless Jade Trade||
LSP90738.701|Timeless Jade Trade||
LSP04011.001|Timeless Math 1: Maya, Search and Rescue||
LSP04013.001|Timeless Math 2: Maya, Observatory||
LSP04012.001|Timeless Math 3: Maya, King Jaguar's Village||
LSP04041.001|Timeless Math 4: Lunar Base||
LSP04051.001|Timeless Math 5: Space Flight Rescue||
LSP90736.300|Timeless Math 6: Brainswarm||
LSP90737.001|Timeless Math 7: Rover Recovery||
SLES_034.59|Tintin: Destination Adventure||
SCPS_101.30|Tiny Bullets||タイニーバレット
SCES_013.38|Tiny Tank||
SCES_020.72|Tiny Tank||
SCES_020.73|Tiny Tank||
SCES_020.74|Tiny Tank||
SCES_020.75|Tiny Tank||
SCUS_944.27|Tiny Tank||
SCES_019.96|Tiny Toon Adventures: Buster and the Beanstalk||
SCES_019.97|Tiny Toon Adventures: Buster and the Beanstalk||
SCES_019.98|Tiny Toon Adventures: Buster and the Beanstalk||
SLES_035.47|Tiny Toon Adventures: Plucky's Big Adventure||
SLUS_013.93|Tiny Toon Adventures: Plucky's Big Adventure||
SLUS_006.38|Tiny Toon Adventures: The Great Beanstalk||
SLES_029.23|Tiny Toon Adventures: Toonenstein: Dare to Scare!||
SLUS_009.67|Tiny Toon Adventures: Toonenstein: Dare to Scare!||
SLES_029.27|Tiny Toon Adventures: Toonenstein: Geisterstunde!||
SLES_029.26|Tiny Toon Adventures: Toonenstein: Le Château hanté||
SLUS_900.82|Titan A.E. (Demo)||
SLES_002.75|Titan Wars||
SLPS_019.19|ToHeart (Disc 1)||トゥハート（ディスク１）
SLPS_019.20|ToHeart (Disc 2)||トゥハート（ディスク２）
SLPS_006.20|ToPoLo||トポロ
SLPM_800.59|ToPoLo (Taikenban)||トポロ（体験版）
SLPS_004.36|Toaplan Shooting Battle 1||東亜プランシューティング・バトル１
SLPS_027.49|Tobaku Mokushiroku Kaiji||賭博黙示録カイジ
SCPS_450.25|Tobal 2||トバル２
SLPM_860.33|Tobal 2||トバル２
SLPM_874.06|Tobal 2||トバル２
SCES_004.97|Tobal No. 1||
SCUS_942.08|Tobal No. 1||
SLES_004.97|Tobal No. 1||
SLPM_800.44|Tobal No. 1||トバルナンバーワン
SLPM_874.05|Tobal No. 1||トバルナンバーワン
SLPS_004.00|Tobal No. 1||トバルナンバーワン
PCPX_960.35|Tobal No. 1 (Taikenban)||トバルナンバーワン（体験版）
SLPS_016.51|Todd McFarlane's Spawn: The Ultimate||
SLPM_863.50|Tokimeki Memorial 2 (Disc 1)||ときめきメモリアル２（ディスク１）
SLPM_863.55|Tokimeki Memorial 2 (Disc 1)||ときめきメモリアル２（ディスク１）
SLPM_867.23|Tokimeki Memorial 2 (Disc 1)||ときめきメモリアル２（ディスク１）
SLPM_863.51|Tokimeki Memorial 2 (Disc 2)||ときめきメモリアル２（ディスク２）
SLPM_863.56|Tokimeki Memorial 2 (Disc 2)||ときめきメモリアル２（ディスク２）
SLPM_867.24|Tokimeki Memorial 2 (Disc 2)||ときめきメモリアル２（ディスク２）
SLPM_863.52|Tokimeki Memorial 2 (Disc 3)||ときめきメモリアル２（ディスク３）
SLPM_863.57|Tokimeki Memorial 2 (Disc 3)||ときめきメモリアル２（ディスク３）
SLPM_867.25|Tokimeki Memorial 2 (Disc 3)||ときめきメモリアル２（ディスク３）
SLPM_863.53|Tokimeki Memorial 2 (Disc 4)||ときめきメモリアル２（ディスク４）
SLPM_863.58|Tokimeki Memorial 2 (Disc 4)||ときめきメモリアル２（ディスク４）
SLPM_867.26|Tokimeki Memorial 2 (Disc 4)||ときめきメモリアル２（ディスク４）
SLPM_863.54|Tokimeki Memorial 2 (Disc 5)||ときめきメモリアル２（ディスク５）
SLPM_863.59|Tokimeki Memorial 2 (Disc 5)||ときめきメモリアル２（ディスク５）
SLPM_867.27|Tokimeki Memorial 2 (Disc 5)||ときめきメモリアル２（ディスク５）
SLPM_805.27|Tokimeki Memorial 2 Emotional Voice System Append Disc (Disc 1) (Minadzuki - Kotobuki - Sakura)||ときめきメモリアル２　Ｅｍｏｔｉｏｎａｌ　Ｖｏｉｃｅ　Ｓｙｓｔｅｍ　Ａｐｐｅｎｄ　Ｄｉｓｃ（ディスク１）
SLPM_805.44|Tokimeki Memorial 2 Emotional Voice System Append Disc (Disc 2) (Akai - Ichimonji - Yae)||ときめきメモリアル２　Ｅｍｏｔｉｏｎａｌ　Ｖｏｉｃｅ　Ｓｙｓｔｅｍ　Ａｐｐｅｎｄ　Ｄｉｓｃ（ディスク２）
SLPM_805.50|Tokimeki Memorial 2 Emotional Voice System Append Disc (Disc 3) (Shirayuki - Ijuin - Nozaki)||ときめきメモリアル２　Ｅｍｏｔｉｏｎａｌ　Ｖｏｉｃｅ　Ｓｙｓｔｅｍ　Ａｐｐｅｎｄ　Ｄｉｓｃ（ディスク３）
SLPM_865.49|Tokimeki Memorial 2 Substories: Dancing Summer Vacation (Disc 1)||ときめきメモリアル２　Ｓｕｂｓｔｏｒｉｅｓ　～Ｄａｎｃｉｎｇ　Ｓｕｍｍｅｒ　Ｖａｃａｔｉｏｎ～（ディスク１）
SLPM_865.50|Tokimeki Memorial 2 Substories: Dancing Summer Vacation (Disc 2)||ときめきメモリアル２　Ｓｕｂｓｔｏｒｉｅｓ　～Ｄａｎｃｉｎｇ　Ｓｕｍｍｅｒ　Ｖａｃａｔｉｏｎ～（ディスク２）
SLPM_867.75|Tokimeki Memorial 2 Substories: Leaping School Festival (Disc 1)||ときめきメモリアル２　Ｓｕｂｓｔｏｒｉｅｓ　～Ｌｅａｐｉｎｇ　Ｓｃｈｏｏｌ　Ｆｅｓｔｉｖａｌ～（ディスク１）
SLPM_869.41|Tokimeki Memorial 2 Substories: Leaping School Festival (Disc 1)||ときめきメモリアル２　Ｓｕｂｓｔｏｒｉｅｓ　～Ｌｅａｐｉｎｇ　Ｓｃｈｏｏｌ　Ｆｅｓｔｉｖａｌ～（ディスク１）
SLPM_867.76|Tokimeki Memorial 2 Substories: Leaping School Festival (Disc 2)||ときめきメモリアル２　Ｓｕｂｓｔｏｒｉｅｓ　～Ｌｅａｐｉｎｇ　Ｓｃｈｏｏｌ　Ｆｅｓｔｉｖａｌ～（ディスク２）
SLPM_869.42|Tokimeki Memorial 2 Substories: Leaping School Festival (Disc 2)||ときめきメモリアル２　Ｓｕｂｓｔｏｒｉｅｓ　～Ｌｅａｐｉｎｇ　Ｓｃｈｏｏｌ　Ｆｅｓｔｉｖａｌ～（ディスク２）
SLPM_868.81|Tokimeki Memorial 2 Substories: Memories Ringing On (Disc 1)||ときめきメモリアル２　Ｓｕｂｓｔｏｒｉｅｓ　～Ｍｅｍｏｒｉｅｓ　Ｒｉｎｇｉｎｇ　Ｏｎ～（ディスク１）
SLPM_868.82|Tokimeki Memorial 2 Substories: Memories Ringing On (Disc 2)||ときめきメモリアル２　Ｓｕｂｓｔｏｒｉｅｓ　～Ｍｅｍｏｒｉｅｓ　Ｒｉｎｇｉｎｇ　Ｏｎ～（ディスク２）
SLPM_867.53|Tokimeki Memorial 2: Taisen Puzzledama||ときめきメモリアル２　対戦ぱずるだま
SLPM_860.39|Tokimeki Memorial Drama Series Vol. 1: Nijiiro no Seishun||ときめきメモリアル ドラマシリーズ ｖｏｌ．１ 虹色の青春
SLPM_863.60|Tokimeki Memorial Drama Series Vol. 1: Nijiiro no Seishun||ときめきメモリアル ドラマシリーズ ｖｏｌ．１ 虹色の青春
SLPM_801.23|Tokimeki Memorial Drama Series Vol. 1: Nijiiro no Seishun (Taikenban)||ときめきメモリアル　ドラマシリーズ　ｖｏｌ．１　～虹色の青春～（体験版）
SLPM_860.70|Tokimeki Memorial Drama Series Vol. 2: Irodori no Love Song (Disc 1)||ときめきメモリアル　ドラマシリーズｖｏｌ．２　彩のラブソング（ディスク１）
SLPM_863.61|Tokimeki Memorial Drama Series Vol. 2: Irodori no Love Song (Disc 1)||ときめきメモリアル　ドラマシリーズｖｏｌ．２　彩のラブソング（ディスク１）
SLPM_860.71|Tokimeki Memorial Drama Series Vol. 2: Irodori no Love Song (Disc 2)||ときめきメモリアル　ドラマシリーズｖｏｌ．２　彩のラブソング（ディスク２）
SLPM_863.62|Tokimeki Memorial Drama Series Vol. 2: Irodori no Love Song (Disc 2)||ときめきメモリアル　ドラマシリーズｖｏｌ．２　彩のラブソング（ディスク２）
SLPM_862.24|Tokimeki Memorial Drama Series Vol. 3: Tabidachi no Uta (Disc 1)||ときめきメモリアル　ドラマ・シリーズ　Ｖｏｌ．３　～旅立ちの詩～（ディスク１）
SLPM_862.25|Tokimeki Memorial Drama Series Vol. 3: Tabidachi no Uta (Disc 2)||ときめきメモリアル　ドラマ・シリーズ　Ｖｏｌ．３　～旅立ちの詩～（ディスク２）
SLPM_860.29|Tokimeki Memorial Selection: Fujisaki Shiori||ときめきメモリアル　ＳＥＬＥＣＴＩＯＮ　藤崎詩織
SLPM_860.05|Tokimeki Memorial Taisen Puzzledama||ときめきメモリアル 対戦ぱずるだま
SLPM_860.53|Tokimeki Memorial: Forever with You||ときめきメモリアル　～ｆｏｒｅｖｅｒ　ｗｉｔｈ　ｙｏｕ～
SLPS_000.65|Tokimeki Memorial: Forever with You||ときめきメモリアル　～ｆｏｒｅｖｅｒ　ｗｉｔｈ　ｙｏｕ～
SLPS_000.64|Tokimeki Memorial: Forever with You (Shokai Genteiban)||ときめきメモリアル　～ｆｏｒｅｖｅｒ　ｗｉｔｈ　ｙｏｕ～
SLPM_860.36|Tokimeki Memorial: Taisen Tokkaedama||ときめきメモリアル 対戦とっかえだま
SLPM_860.94|Tokimeki no Houkago: Ne Quiz Shiyo||ときめきの放課後 ～ねっ★クイズしよ～
SLPM_863.47|Tokimeki no Houkago: Ne Quiz Shiyo||ときめきの放課後 ～ねっ★クイズしよ～
SLPS_035.28|Toko Toko Trouble: Chikyuu Itadaki!||とことこトラブル ～地球イタダキ！～
SLPM_866.64|Tokoro-san no Daifugou||所さんの大富豪
SLPM_868.24|Tokoro-san no Daifugou||所さんの大富豪
SLPS_012.59|Tokyo 23-ku Seifuku Wars||東京２３区　制服　ＷＡＲＳ
SLPS_001.74|Tokyo Dungeon||東京ダンジョン
SLPM_803.20|Tokyo Game Show '98 Autumn: Sunsoft Shinsaku Title Taikenban (Taikenban)||ＴＯＫＹＯ　ＧＡＭＥ　ＳＨＯＷ´９８　ＡＵＴＵＭＮ　～サンソフト　新作タイトル体験版～（体験版）
PAPX_900.95|Tokyo Game Show '99 Aki Special Taikenban (Taikenban)||東京ゲームショウ’９９秋Ｓｐｅｃｉａｌ体験版（体験版）
SLPM_804.03|Tokyo Game Show '99 Spring Special Version: Tomy Paradise Taikenban (Taikenban)||東京ゲームショー’９９スプリング　スペシャルバージョン　トミーパラダイス　体験版（体験版）
SLES_004.13|Tokyo Highway Battle||
SLUS_002.29|Tokyo Highway Battle||
SLPS_028.37|Tokyo Majin Gakuen Denki: Jin no Shou: Tokyo Majin Gakuen Kenpuuchou Emaki (Bonus Disc)||～東京魔人學園伝奇　人之章～　東京魔人學園剣風帖繪巻
SLPS_033.33|Tokyo Majin Gakuen: Gehouchou (Disc 1) (You)||東京魔人学園　外法帖（ディスク１）
SLPS_033.30|Tokyo Majin Gakuen: Gehouchou (Disc 1) (You) (Genteiban)||東京魔人学園　外法帖（ディスク１）
SLPS_033.34|Tokyo Majin Gakuen: Gehouchou (Disc 2) (In)||東京魔人学園　外法帖（ディスク２）
SLPS_033.31|Tokyo Majin Gakuen: Gehouchou (Disc 2) (In) (Genteiban)||東京魔人学園　外法帖（ディスク２）
SLPS_033.35|Tokyo Majin Gakuen: Gehouchou (Disc 3) (Ja)||東京魔人学園　外法帖（ディスク３）
SLPS_033.32|Tokyo Majin Gakuen: Gehouchou (Disc 3) (Ja) (Genteiban)||東京魔人学園　外法帖（ディスク３）
SLPM_806.22|Tokyo Majin Gakuen: Gehouchou (Taikenban)||東京魔人学園　外法帖（体験版）
SLPS_014.32|Tokyo Majin Gakuen: Kenpuuchou (Disc 1) (You)||東京魔人学園　剣風帖（ディスク１）
SLPS_028.34|Tokyo Majin Gakuen: Kenpuuchou (Disc 1) (You)||東京魔人学園　剣風帖（ディスク１）
SLPS_014.33|Tokyo Majin Gakuen: Kenpuuchou (Disc 2) (In)||東京魔人学園　剣風帖（ディスク２）
SLPS_028.35|Tokyo Majin Gakuen: Kenpuuchou (Disc 2) (In)||東京魔人学園　剣風帖（ディスク２）
SLPS_020.15|Tokyo Majin Gakuen: Oboro Kitan||東京魔人学園　朧綺譚
SLPS_028.36|Tokyo Majin Gakuen: Oboro Kitan||東京魔人学園　朧綺譚
SLPM_871.78|Tokyo Mew Mew: Toujou Shin Mew Mew! Minna Issho ni Gohoushi suru nyan||東京ミュウミュウ　～登場新ミュウミュウ！　みんないっしょにご奉仕するにゃん～
SLPM_800.21|Tokyo Shadow||東京シャドウ
SLPS_002.85|Tokyo Shadow (Disc 1)||東京シャドウ（ディスク１）
SLPS_002.86|Tokyo Shadow (Disc 2)||東京シャドウ（ディスク２）
SLPS_002.87|Tokyo Shadow (Disc 3)||東京シャドウ（ディスク３）
SLPS_021.82|Tokyo Wakusei Planetokio (Disc 1)||東京惑星プラネトキオ（ディスク１）
SLPS_021.83|Tokyo Wakusei Planetokio (Disc 2)||東京惑星プラネトキオ（ディスク２）
SLPS_021.84|Tokyo Wakusei Planetokio (Disc 3)||東京惑星プラネトキオ（ディスク３）
SLES_011.36|Tom Clancy's Rainbow Six||
SLES_023.72|Tom Clancy's Rainbow Six||
SLUS_009.47|Tom Clancy's Rainbow Six||
SLES_038.88|Tom Clancy's Rainbow Six: Lone Wolf||
SLUS_014.73|Tom Clancy's Rainbow Six: Lone Wolf||
SLES_026.96|Tom Clancy's Rainbow Six: Rogue Spear||
SLUS_011.08|Tom Clancy's Rainbow Six: Rogue Spear||
SLES_031.81|Tom and Jerry in House Trap||
SLPM_870.34|Tom and Jerry in House Trap||トムとジェリー・イン・ハウス・トラップ
SLUS_011.91|Tom and Jerry in House Trap||
SLES_000.24|Tomb Raider||
SLES_004.85|Tomb Raider||
SLES_004.86|Tomb Raider||
SLUS_001.52|Tomb Raider||
SLED_005.13|Tomb Raider & Blam! Machinehead||
SLED_005.71|Tomb Raider (Demo)||
SLPS_012.00|Tomb Raider 2||トゥームレイダー２
SLPS_911.19|Tomb Raider 2||トゥームレイダー２
SLPS_914.34|Tomb Raider 2||トゥームレイダー２
SLPM_801.68|Tomb Raider 2 (Taikenban)||トゥームレイダー２（体験版）
SLES_033.31|Tomb Raider Chronicles||
SLES_033.36|Tomb Raider Chronicles||
SLUS_013.11|Tomb Raider Chronicles||
SLES_033.35|Tomb Raider Chronicles: La Leggenda di Lara Croft||
SLES_001.07|Tomb Raider II: Starring Lara Croft||
SLES_007.18|Tomb Raider II: Starring Lara Croft||
SLES_007.19|Tomb Raider II: Starring Lara Croft||
SLES_007.20|Tomb Raider II: Starring Lara Croft||
SLUS_004.37|Tomb Raider II: Starring Lara Croft||
SLED_010.36|Tomb Raider II: Starring Lara Croft (Demo)||
SLES_016.49|Tomb Raider III: Adventures of Lara Croft||
SLES_016.83|Tomb Raider III: Adventures of Lara Croft||
SLES_016.84|Tomb Raider III: Adventures of Lara Croft||
SLES_016.85|Tomb Raider III: Adventures of Lara Croft||
SLUS_006.91|Tomb Raider III: Adventures of Lara Croft||
SCPS_453.85|Tomb Raider III: Adventures of Lara Croft (Disc 1) (Japanese Version)||トゥームレイダー３（ディスク１）
SLPM_861.96|Tomb Raider III: Adventures of Lara Croft (Disc 1) (Japanese Version)||トゥームレイダー３（ディスク１）
SCPS_453.86|Tomb Raider III: Adventures of Lara Croft (Disc 2) (International Version)||トゥームレイダー３（ディスク２）
SLPM_861.97|Tomb Raider III: Adventures of Lara Croft (Disc 2) (International Version)||トゥームレイダー３（ディスク２）
SLPM_803.85|Tomb Raider III: Adventures of Lara Croft (Taikenban)||トゥームレイダー３（体験版）
SLES_016.82|Tomb Raider III: Les Aventures de Lara Croft||
SLED_017.09|Tomb Raider III: Les Aventures de Lara Croft (Demo)||
SLES_022.40|Tomb Raider IV: The Last Revelation||
SLPM_868.96|Tomb Raider IV: The Last Revelation||トゥームレイダー４　ラスト　レベレーション
SLPS_028.03|Tomb Raider IV: The Last Revelation||トゥームレイダー４　ラスト　レベレーション
SLED_016.23|Tomb Raider Trilogy: Demo Disc (Demo)||
SLPM_867.79|Tomb Raider V: Chronicles||トゥームレイダー５　クロニクル
SLES_033.34|Tomb Raider: Die Chronik||
SLES_022.39|Tomb Raider: La Révélation Finale||
SLES_033.33|Tomb Raider: Sur les Traces de Lara Croft||
SLES_022.38|Tomb Raider: The Last Revelation||
SLES_022.41|Tomb Raider: The Last Revelation||
SLES_022.42|Tomb Raider: The Last Revelation||
SLUS_008.85|Tomb Raider: The Last Revelation||
SLED_024.18|Tomb Raider: The Last Revelation (Demo)||
SLPS_006.17|Tomb Raiders||トゥームレイダース
SLPS_910.49|Tomb Raiders||トゥームレイダース
SLPS_914.33|Tomb Raiders||トゥームレイダース
SCUS_942.36|Tomba!||
SCUS_942.55|Tomba! (Demo)||
SCUS_944.54|Tomba! 2: The Evil Swine Return||
SCUS_944.64|Tomba! 2: The Evil Swine Return (Demo)||
SLPS_023.50|Tomba! The Wild Adventures||トンバ！ ザ・ワイルドアドベンチャー
PAPX_900.96|Tomba! The Wild Adventures (Taikenban)||トンバ！　ザ・ワイルドアドベンチャー（体験版）
SLPM_804.76|Tomba! The Wild Adventures (Taikenban)||トンバ！　ザ・ワイルドアドベンチャー（体験版）
SCES_013.30|Tombi!||
SCES_013.31|Tombi!||
SCES_021.47|Tombi! 2||
SCES_026.84|Tombi! 2||
SCES_026.85|Tombi! 2||
SCES_026.86|Tombi! 2||
SCES_026.87|Tombi! 2: Contra los Cerdiablos||
SLPS_019.35|Tomica Town o Tsukurou!||トミカタウンをつくろう！
SLES_012.28|Tommi Makinen Rally||
SLES_012.35|Tommi Makinen Rally||
SLED_013.29|Tommi Makinen Rally (Demo)||
SCPS_180.07|Tomoyasu Hotei: Stolen Song (Disc 1)||布袋寅泰　～ストールンソング～（ディスク１）
SCPS_180.09|Tomoyasu Hotei: Stolen Song (Disc 1)||布袋寅泰　～ストールンソング～（ディスク１）
SCPS_180.08|Tomoyasu Hotei: Stolen Song (Disc 2)||布袋寅泰　～ストールンソング～（ディスク２）
SCPS_180.10|Tomoyasu Hotei: Stolen Song (Disc 2)||布袋寅泰　～ストールンソング～（ディスク２）
PCPX_961.05|Tomoyasu Hotei: Stolen Song (Taikenban)||布袋寅泰　～ストールンソング～（体験版）
PCPX_961.12|Tomoyasu Hotei: Stolen Song (Taikenban)||布袋寅泰　～ストールンソング～（体験版）
SLPS_033.47|Tonde! Tonde! Diet: Stepper Action Game||飛んで！飛んで！ダイエット　ステッパーアクションゲーム
SLPS_021.13|Tondemo Crisis!||とんでもクライシス！
SLPM_804.35|Tondemo Crisis! (Taikenban)||とんでもクライシス！（体験版）
SLUS_010.07|Tonka Space Station||
SLPM_864.29|Tony Hawk's Pro Skater||トニー・ホークのプロ・スケーター
SLPM_869.43|Tony Hawk's Pro Skater||トニー・ホークのプロ・スケーター
SLUS_008.60|Tony Hawk's Pro Skater||
SLES_029.08|Tony Hawk's Pro Skater 2||
SLES_029.09|Tony Hawk's Pro Skater 2||
SLES_029.10|Tony Hawk's Pro Skater 2||
SLPM_867.51|Tony Hawk's Pro Skater 2||トニー・ホークのプロ・スケーター２
SLUS_010.66|Tony Hawk's Pro Skater 2||
SLED_028.79|Tony Hawk's Pro Skater 2 (Demo)||
SLED_030.48|Tony Hawk's Pro Skater 2 (Demo)||
SLUS_900.86|Tony Hawk's Pro Skater 2 (Demo)||
SLES_036.45|Tony Hawk's Pro Skater 3||
SLES_036.46|Tony Hawk's Pro Skater 3||
SLES_036.47|Tony Hawk's Pro Skater 3||
SLUS_014.19|Tony Hawk's Pro Skater 3||
SLES_039.54|Tony Hawk's Pro Skater 4||
SLES_039.55|Tony Hawk's Pro Skater 4||
SLES_039.56|Tony Hawk's Pro Skater 4||
SLUS_014.85|Tony Hawk's Pro Skater 4||
SLES_020.55|Tony Hawk's Skateboarding||
SLED_020.54|Tony Hawk's Skateboarding (Demo)||
SLPS_004.30|Tonzura-kun||トンズラくん
SLES_003.52|Top Gun: Fire at Will!||
SLPS_006.65|Top Gun: Fire at Will!||トッポガン ファイヤー・アット・ウィル！
SLUS_000.32|Top Gun: Fire at Will!||
SLUS_013.33|Top Shop||
SCES_002.48|Topolino e le Sue Avventure||
SLPS_008.55|Tora! Tora! Tora!||トラ！トラ！トラ！
SLPS_016.97|Tora! Tora! Tora!||トラ！トラ！トラ！
PCPX_961.88|Toro Channel: Zoukangou nano nya! SCEI Nenmatsu Shinsaku Soft Information Movie Disc||トロ☆Ｃｈａｎｎｅｌ　増刊号なのニャ！　～ＳＣＥＩ年末新作ソフトインフォメーション～　ムー ビーディスク
SLPM_802.20|Toshiba Emi Egg & Zutto Issho Demo Disc (Taikenban)||「エッグ」「ずっといっしょ」（体験版）
SLES_024.93|Toshinden 4||
SLED_020.23|Total Activision Demo||
SLES_003.07|Total Drivin||
SLES_000.46|Total Eclipse Turbo||
SLPS_001.05|Total Eclipse Turbo||トータルエクリプス ターボ
SLUS_000.21|Total Eclipse Turbo||
PCPX_960.33|Total NBA '96||トータルＮＢＡ＇９６
SCES_000.67|Total NBA '96||
SIPS_600.08|Total NBA '96||トータルＮＢＡ＇９６
SCES_006.23|Total NBA '97||
SIPS_600.15|Total NBA '97||トータルＮＢＡ＇９７
SCES_010.79|Total NBA 98||
SLED_018.72|Total Play (Demo)||
SLED_021.26|Total Play (Demo)||
SLPM_870.93|Touge Max 2||峠ＭＡＸ２
SLPS_015.74|Touge Max 2||峠ＭＡＸ２
SLPS_911.53|Touge Max 2||峠ＭＡＸ２
SLPS_023.61|Touge Max G||峠ＭＡＸ Ｇ
SLPM_804.74|Touge Max G (Taikenban)||峠ＭＡＸ Ｇ（体験版）
SCPS_450.06|Touge Max: Saisoku Drift Master||峠ＭＡＸ　～最速・ドリフト・マスター～
SLPS_005.92|Touge Max: Saisoku Drift Master||峠ＭＡＸ　～最速・ドリフト・マスター～
SLPS_910.41|Touge Max: Saisoku Drift Master||峠ＭＡＸ　～最速・ドリフト・マスター～
SLPS_001.87|Touhaiden Akagi||闘牌伝アカギ
SLPS_005.57|Touhou Chinyuuki: Halfling Hearts||東方珍遊記　～はーふりんぐ・はーつ！！～
SLPS_011.68|Touki Denshou: Angel Eyes||闘姫伝承　ＡＮＧＥＬ　ＥＹＥＳ
SLPS_011.67|Tour Party: Sotsugyou Ryokou ni Ikou||ツアーパーティー　卒業旅行にいこう
SLPS_004.45|Tournament Leader||トーナメント・リーダー
SLPS_020.04|Tournament Leader||トーナメント・リーダー
SLPS_000.25|Toushinden||闘神伝
SLPM_800.01|Toushinden Otanoshimi-Ban (Taikenban)||闘神伝　おたのしみ版（体験版）
SLPS_020.22|Toushinden Subaru||闘神伝昴
SLPS_011.13|Toushinden: Card Quest||闘神伝 カードクエスト
SLPS_017.89|Tower Dream 2||タワードリーム２
SLPS_032.42|Toyomaru Club Vol. 1: CR Nanasy||豊丸倶楽部　Ｖｏｌ．１　～ＣＲナナシー～
SLPM_804.29|Toyota Netz Racing||ネッツ・レーシング
SLES_041.27|Toys||
SCUS_941.90|Toys "R" Us: "Test Drive" Promotion||
SCUS_942.66|Toys "R" Us Demo Disc (Demo)||
SCUS_946.11|Toys "R" Us Summer Demo Disc||
SCUS_943.97|Toys "R" Us: Attack of the Killer Demos! (Demo)||
SCUS_943.71|Toys "R" Us: Interactive CD Sampler Disc||
SLPS_017.04|Toys Dream||トイズドリーム
SLPS_010.76|Transformers: Beast Wars||トランスフォーマー ビーストウォーズ
SLPS_022.08|Transformers: Beast Wars||トランスフォーマー ビーストウォーズ
SLPS_024.68|Transformers: Beast Wars Metals||トランスフォーマー ビーストウォーズメタルス
SLUS_011.60|Transformers: Beast Wars Transmetals||
SLES_002.62|Transport Tycoon||
SLPS_006.94|Transport Tycoon 3D: SL Kara Hajimeyou!!||トランスポートタイクーン３Ｄ　ＳＬからはじめよう！！
SLPS_014.94|Trap Gunner||トラップガンナー
SLUS_006.79|Trap Gunner||
SLPM_802.63|Trap Gunner (Taikenban)||トラップガンナー（体験版）
SLES_016.28|Trap Runner||
SLES_002.56|Trash It||
SLPS_008.19|Treasure Gear||トレジャーギア
SCES_008.50|Treasures of the Deep||
SCES_010.70|Treasures of the Deep||
SCES_010.71|Treasures of the Deep||
SCES_010.72|Treasures of the Deep||
SCES_010.73|Treasures of the Deep||
SLUS_004.30|Treasures of the Deep||
SLES_023.04|Trick'n Snowboarder||
SLUS_009.79|Trick'n Snowboarder||
SLES_040.62|Trickshot||
SLPS_018.60|Tricky Sliders: Freestyle Snowboard||トリッキー　スライダーズ
SLUS_008.27|Triple Play 2000||
SLUS_010.82|Triple Play 2001||
SLPS_006.82|Triple Play 97||トリプルプレイベースボール
SLUS_002.37|Triple Play 97||
SLPS_008.87|Triple Play 98||メジャーリーグベースボール　ＴＲＩＰＬＥ　ＰＬＡＹ　９８
SLUS_004.65|Triple Play 98||
SLPS_016.21|Triple Play 99||メジャーリーグベースボール　トリプルプレイ９９
SLUS_006.18|Triple Play 99||
SLUS_013.45|Triple Play Baseball||
SLES_017.91|Triple Play Baseball 2000||
SLPS_009.11|Tripuzz||トリパズ
SLPS_021.08|Tron ni Kobun||トロンにコブン
SLPS_912.03|Tron ni Kobun||トロンにコブン
SLES_039.53|Truck Racing||
SLES_041.28|Truck Rally||
SLPS_005.86|True Love Story||トゥルー・ラブストーリー
SLPS_911.13|True Love Story||トゥルー・ラブストーリー
SLPS_017.43|True Love Story 2 (Disc 1)||トゥルーラブストーリー２（ディスク１）
SLPS_017.44|True Love Story 2 (Disc 2)||トゥルーラブストーリー２（ディスク２）
SLPS_017.45|True Love Story 2 (Disc 3)||トゥルーラブストーリー２（ディスク３）
SLPS_024.04|True Love Story Fan Disc||トゥルーラブストーリー ファンディスク
SLPS_011.51|True Love Story: Remember My Heart||トゥルー・ラブストーリー ～Ｒｅｍｅｍｂｅｒ Ｍｙ Ｈｅａｒｔ～
SLES_000.52|True Pinball||
SLUS_003.37|True Pinball||
SLPS_014.40|Trump Shiyou yo!||トランプしようよ！
SLPS_022.25|Trump Shiyou yo!||トランプしようよ！
SLPS_026.12|Trump Shiyou yo!||トランプしようよ！
SLPS_017.46|Tsumu||つむ
SLPS_022.53|Tsumu Light||つむ　ＬＩＧＨＴ
SLPS_016.94|TsunTsun-gumi 2: MojiMoji Pakkun||つんつん組２　～もじもじぱっくん～
SLPS_018.39|TsunTsun-gumi 3: Kanji Vader||つんつん組３　～カンジベーダー～
SLPS_016.02|TsunTsun-gumi: Suuji de PuniPuni||つんつん組　～すうじでぷにぷに～
SLPS_004.40|Tsuri Baka Nisshi||釣りバカ日誌
SLPS_017.52|Tsuridou: Keiryuu Mizuumi-hen||釣道　渓流・湖編
SLPS_011.39|Tsuridou: Umizuri-hen||釣道　海釣り編
SLPS_911.25|Tsuridou: Umizuri-hen||釣道　海釣り編
SLPS_003.34|Tsuukai!! Slot Shooting||痛快！！スロット・シューティング
SLES_032.98|Tunguska: Legend of Faith||
SLES_003.22|Tunnel B1||
SLUS_001.88|Tunnel B1||
SLED_005.14|Tunnel B1 + X2: No Relief + Break Point + Cheesy||
SCUS_942.29|Turbo Prop Racing||
SLPS_003.88|Turf Wind '96: Take Yutaka Kyousouba Ikusei Game||ターフウィンド＇９６ 武豊 競走馬育成ゲーム
SLES_040.05|Turnabout||
SLUS_014.99|Turnabout||
SLES_034.12|Tweenies: Game Time||
SLPM_800.42|Twilight Syndrome (Taikenban)||トワイライト・シンドローム（体験版）
SLPS_004.05|Twilight Syndrome: Kyuumei-hen||トワイライトシンドローム　～究明編～
SLPS_014.43|Twilight Syndrome: Kyuumei-hen||トワイライトシンドローム　～究明編～
SLPS_028.50|Twilight Syndrome: Saikai||トワイライトシンドローム ～再会～
SLPS_914.66|Twilight Syndrome: Saikai||トワイライトシンドローム ～再会～
SLPS_001.02|Twilight Syndrome: Tansaku-hen||トワイライトシンドローム　～探索編～
SLPS_014.42|Twilight Syndrome: Tansaku-hen||トワイライトシンドローム　～探索編～
SLPM_800.35|Twilight Syndrome: The Memorize||トワイライトシンドローム　～メモリーズ～
SLPS_000.18|Twin Goddesses||ツインゴッデス
SCPS_452.08|TwinBee RPG||ツインビーＲＰＧ
SLPM_860.77|TwinBee RPG||ツインビーＲＰＧ
SLPS_000.15|TwinBee Taisen Puzzle-dama||ツインビー対戦ぱずるだま
SLPS_021.26|Twins Story: Kimi ni Tsutaetakute...||ツインズ・ストーリー　～きみにつたえたくて…～
SCES_000.61|Twisted Metal||
SCUS_943.04|Twisted Metal||
SIPS_600.07|Twisted Metal||ツイステッド・メタル
SCUS_943.06|Twisted Metal 2||
SCUS_945.60|Twisted Metal 4||
SCUS_943.89|Twisted Metal 4 (Demo)||
SIPS_600.21|Twisted Metal EX: World Tour||ツイステッド・メタルＥＸ
SCUS_942.49|Twisted Metal III||
SCUS_943.67|Twisted Metal III||
SCUS_943.78|Twisted Metal III (Demo)||
SCUS_946.42|Twisted Metal: Small Brawl||
SCES_005.67|Twisted Metal: World Tour||
SCED_025.40|Two Product Psygnosis Demo (Demo)||
SLPS_001.31|Two-Ten Kaku||通天閣
SLUS_010.74|Tyco R/C: Assault with a Battery||
SLUS_900.85|Tyco R/C: Assault with a Battery (Demo)||
SLES_021.31|Téléfoot Manager||
SLPS_026.93|U-SA||右左
SLPS_014.80|U.P.P.||
SLPS_009.94|U.S. Navy Fighters||Ｕ．Ｓ．ネイビー・ファイターズ
SLES_028.06|UEFA Challenge||
SLES_028.07|UEFA Challenge||
SLES_017.44|UEFA Champions League: Saison 1998/99||
SLES_017.45|UEFA Champions League: Saison 1998/99||
SLES_016.22|UEFA Champions League: Season 1998/99||
SLES_025.77|UEFA Champions League: Season 1999/2000||
SLES_025.78|UEFA Champions League: Season 1999/2000||
SLES_025.79|UEFA Champions League: Season 1999/2000||
SLES_025.80|UEFA Champions League: Season 1999/2000||
SLES_025.81|UEFA Champions League: Season 1999/2000||
SLES_032.62|UEFA Champions League: Season 2000/2001||
SLES_032.80|UEFA Champions League: Season 2000/2001||
SLES_032.81|UEFA Champions League: Season 2000/2001||
SLES_032.82|UEFA Champions League: Season 2000/2001||
SLES_032.83|UEFA Champions League: Season 2000/2001||
SLES_017.46|UEFA Champions League: Stagione 1998/99||
SLES_017.47|UEFA Champions League: Temporada 1998/99||
SLES_027.04|UEFA Euro 2000||
SLES_027.05|UEFA Euro 2000||
SLES_027.06|UEFA Euro 2000||
SLES_027.07|UEFA Euro 2000||
SLES_027.08|UEFA Euro 2000||
SLES_017.33|UEFA Striker||
SLPM_867.22|UFC: Ultimate Fighting Championship||ＵＦＣ：アルティメット ファイティング チャンピオンシップ
SLPS_020.32|UFO: A Day in the Life||
SLES_038.10|US Racer||
SLES_007.22|Ubik||
SLPM_861.90|Uchi ni Pochi ga Yattekita in my Pocket||家にポチがやってきた　ｉｎ　ｍｙ　ｐｏｃｋｅｔ
SLPS_002.36|Uchuu Goushouden: Bakuretsu Akindo||爆裂商人　宇宙豪商伝
SLPS_000.32|Uchuu Seibutsu Flopon-kun P!||宇宙生物フロポン君Ｐ！
SLPS_029.52|Uchuu Senkan Yamato: Eiyuu no Kiseki||宇宙戦艦ヤマト　英雄の軌跡
SLPS_019.00|Uchuu Senkan Yamato: Haruka naru Hoshi Iscandar||宇宙戦艦ヤマト　遥かなる星イスカンダル
SLPS_032.34|Uchuu Senkan Yamato: Haruka naru Hoshi Iscandar||宇宙戦艦ヤマト　遥かなる星イスカンダル
SLPS_008.26|Uchuu no Rendezvous: Rama (Disc 1)||宇宙のランデヴー～ＲＡＭＡ～（ディスク１）
SLPS_008.27|Uchuu no Rendezvous: Rama (Disc 2)||宇宙のランデヴー～ＲＡＭＡ～（ディスク２）
SLPS_003.91|Ugetsu Kitan||雨月奇譚
SLPS_023.84|Ugetsu Kitan||雨月奇譚
SLPS_025.79|Uki Uki Tsuri Tengoku: Gyoshin Densetsu o Oe||ウキウキ釣り天国　～魚神伝説を追え～
SLPS_015.21|Uki Uki Tsuri Tengoku: Kawa Monogatari||ウキウキ釣り天国　～川物語～
SLPS_009.83|Uki Uki Tsuri Tengoku: Ningyo Densetsu no Nazo||ウキウキ釣り天国 ～人魚伝説の謎～
SLPS_015.71|Uki Uki Tsuri Tengoku: Ningyo Densetsu no Nazo||ウキウキ釣り天国 ～人魚伝説の謎～
SLPS_007.42|Ultima Underworld: The Stygian Abyss||ウルティマ アンダーワールド
SLUS_008.64|Ultimate 8 Ball||
SLES_040.24|Ultimate Brain Games||
SLUS_015.77|Ultimate Brain Games||
SLES_029.03|Ultimate Fighting Championship||
SLUS_011.43|Ultimate Fighting Championship||
SLUS_811.43|Ultimate Fighting Championship (Trade Demo)||
SLPS_014.55|Ultraman Tiga & Ultraman Dyna: Arata naru Futatsu no Hikari||ウルトラマンティガ＆ウルトラマンダイナ　～新たなる二つの光～
SLPS_006.52|Ultraman Zearth||ウルトラマンゼアス
SLPS_012.48|Ultraman: Fighting Evolution||ウルトラマン　～ファイティング・エボリューション～
SLPS_911.45|Ultraman: Fighting Evolution||ウルトラマン　～ファイティング・エボリューション～
SLPM_802.18|Ultraman: Fighting Evolution (Taikenban)||ウルトラマン　～ファイティング・エボリューション～（体験版）
PCPX_961.50|Um Jammer Lammy|Sony Computer Entertainment|ウンジャマラミー
SCES_017.53|Um Jammer Lammy|Sony Computer Entertainment|
SCPS_180.11|Um Jammer Lammy|Sony Computer Entertainment|ウンジャマラミー
SCPS_912.26|Um Jammer Lammy|Sony Computer Entertainment|ウンジャマラミー
SCUS_944.48|Um Jammer Lammy|Sony Computer Entertainment|
SCUS_943.98|Um Jammer Lammy (Demo)|Sony Computer Entertainment|
SLPM_864.03|Umapoly||うまぽりぃ
SLPS_017.67|Umezawa Yukari no Taikyoku Igo: Heisei Kiin II||梅沢由香里の対局囲碁　平成棋院２
SLPS_021.72|Umi no Nushi-tsuri: Takarajima ni Mukatte||海のぬし釣り　−宝島に向かって−
SLPM_804.59|Umi no Nushi-tsuri: Takarajima ni Mukatte (Taikenban)||海のぬし釣り　－宝島に向かって－（体験版）
SLPS_016.23|Umi no Oh! Yah!||海のＯＨ！ＹＡＨ！
SLPM_803.22|Umi no Oh! Yah! (Taikenban)||海のＯＨ！ＹＡＨ！（体験版）
SLPS_006.43|Umihara Kawase Shun||海腹川背・旬
SLPS_025.49|Umihara Kawase Shun: Second Edition||海腹川背・旬～セカンドエディション～
SLPM_870.55|UnGro Walker||アングラ・ウォーカー
SLPS_033.80|Undou Busoku Kaishou! Punch de Diet||運動不足解消！　パンチＤＥダイエット
SLPS_012.25|Universal Nuts||ユニバーサル・ナッツ
SLPS_000.46|Universal Virtua Pachi-Slot: Hisshou Kouryakuhou||ＵＮＩＶＥＲＳＡＬユニバーサル・バーチャパチスロ　～必勝攻略法～
SLPS_001.01|Universal-ki Kanzen Kaiseki: Pachi-Slot Simulator||ＵＮＩＶＥＲＳＡＬユニバーサル機完全解析 パチスロシミュレーター
SLPS_013.49|Uno||ウノ
SLPS_003.02|Unstack||アンスタック
SLUS_006.86|Uprising X||
SLPS_028.07|Urawaza Mahjong: Korette Tenwatte Yatsukai||裏技麻雀　～これって天和ってやつかい～
SLES_020.71|Urban Chaos||
SLES_023.54|Urban Chaos||
SLES_023.55|Urban Chaos||
SLUS_010.91|Urban Chaos||
SLPM_864.37|Utauta Woo: Seirei-Songs||うたうたウ～ ＳＥＩＲＥＩ－ＳＯＮＧＳ
SLPS_013.17|Utchan Nanchan no Honoo no Challenger: Denryuu Iraira-bou Returns||ウッチャンナンチャンの炎のチャレンジャー　～電流イライラ棒　リターンズ～
SLPM_802.29|Utchan Nanchan no Honoo no Challenger: Denryuu Iraira-bou Returns (Taikenban)||ウッチャンナンチャンの炎のチャレンジャー　～電流イライラ棒　リターンズ～（体験版）
SLES_008.46|V-Ball: Beach Volley Heroes||
SLPM_806.35|V-Jump Soukan 9-shuunen Kinen Special Disc!! (Taikenban)||Ｖジャンプ　創刊９周年記念　スペシャルディスク！！（体験版）
SLES_002.50|V-Rally: 97 Championship Edition||
SLPM_801.91|V-Rally: Championship Edition||Ｖ－ラリー チャンピオンシップエディション
SLPS_011.49|V-Rally: Championship Edition||Ｖ－ラリー チャンピオンシップエディション
SLPS_910.99|V-Rally: Championship Edition||Ｖ－ラリー チャンピオンシップエディション
SLES_019.07|V-Rally: Championship Edition 2||
SLPS_025.16|V-Rally: Championship Edition 2||Ｖラリー２
SLPS_914.67|V-Rally: Championship Edition 2||Ｖラリー２
SLED_021.24|V-Rally: Championship Edition 2 (Demo)||
SLPM_805.00|V-Rally: Championship Edition 2 (Taikenban)||Ｖラリー２（体験版）
SLES_002.85|V-Tennis||
SLPS_001.03|V-Tennis||Ｖテニス
SLUS_002.18|V-Tennis||
SLPS_004.69|V-Tennis 2||Ｖテニス２
SLES_036.81|V.I.P.||
SLUS_012.28|V.I.P.||
SLES_005.45|V2000||
SLED_015.48|V2000 (Demo)||
SCES_002.36|VIP Demo||
SCES_002.37|VIP Demo||
SLES_005.52|VMX Racing||
SLUS_001.23|VMX Racing||
SLES_001.69|VR Baseball '97||
SLUS_002.81|VR Baseball '97||
SLES_013.25|VR Baseball 99||
SLUS_006.32|VR Baseball 99||
SLUS_001.98|VR Golf '97||
SLUS_001.99|VR Soccer '96||
SLES_009.31|VR Sports Powerboat Racing||
SLUS_006.25|VR Sports Powerboat Racing||
SLED_009.11|VR Sports Powerboat Racing (Demo)||
SLPS_003.52|Vadims||バディムス
SCPS_454.86|Vagrant Story||ベイグラントストーリー
SLES_027.54|Vagrant Story||
SLES_027.55|Vagrant Story||
SLES_027.56|Vagrant Story||
SLPM_873.93|Vagrant Story||ベイグラントストーリー
SLPS_023.77|Vagrant Story||ベイグラントストーリー
SLPS_914.57|Vagrant Story||ベイグラントストーリー
SLUS_010.40|Vagrant Story||
SLPM_863.79|Valkyrie Profile (Disc 1)||ヴァルキリープロファイル（ディスク１）
SLPM_873.54|Valkyrie Profile (Disc 1)||ヴァルキリープロファイル（ディスク１）
SLPM_873.72|Valkyrie Profile (Disc 1)||ヴァルキリープロファイル（ディスク１）
SLUS_011.56|Valkyrie Profile (Disc 1)||
SLPM_863.71|Valkyrie Profile (Disc 1) (Shokai Gentei)||ヴァルキリープロファイル（ディスク１）
SLPM_863.80|Valkyrie Profile (Disc 2)||ヴァルキリープロファイル（ディスク２）
SLPM_873.55|Valkyrie Profile (Disc 2)||ヴァルキリープロファイル（ディスク２）
SLPM_873.73|Valkyrie Profile (Disc 2)||ヴァルキリープロファイル（ディスク２）
SLUS_011.79|Valkyrie Profile (Disc 2)||
SLPM_863.72|Valkyrie Profile (Disc 2) (Shokai Gentei)||ヴァルキリープロファイル（ディスク２）
SLPS_027.03|Value 1500: The Shanghai||Ｖａｌｕｅ　１５００　Ｔｈｅ　上海
SLPS_027.04|Value 1500: The Shikinjou||Ｖａｌｕｅ　１５００　Ｔｈｅ　紫禁城
SLPS_019.32|Vampir: Kyuuketsuki Densetsu||ヴァンビール　～吸血鬼伝説～
SLES_027.31|Vampire Hunter D||
SLPS_024.77|Vampire Hunter D||バンパイアハンターＤ
SLPS_031.98|Vampire Hunter D||バンパイアハンターＤ
SLUS_011.38|Vampire Hunter D||
SLPS_017.00|Vampire Savior: EX Edition||ヴァンパイアセイヴァー　ＥＸエディション
SLPS_000.36|Vampire: The Night Warriors||ヴァンパイア －ザ ナイト ウォリアーズ－
SLUS_010.35|Vanark||
SCPS_451.83|Vandal Hearts||
SLES_002.04|Vandal Hearts||
SLUS_004.47|Vandal Hearts||
SLES_024.69|Vandal Hearts II||
SLES_024.96|Vandal Hearts II||
SLES_024.97|Vandal Hearts II||
SLUS_009.40|Vandal Hearts II||
SLPM_862.51|Vandal Hearts II: Tenjou no Mon||ヴァンダルハーツⅡ ～天上の門～
SLPM_860.07|Vandal Hearts: Ushinawareta Kodai Bunmei||ヴァンダルハーツ ～失われた古代文明～
SLPM_860.67|Vandal Hearts: Ushinawareta Kodai Bunmei||ヴァンダルハーツ ～失われた古代文明～
SLPM_800.57|Vandal Hearts: Ushinawareta Kodai Bunmei (Demo)||ヴァンダルハーツ　～失われた古代文明～
SLUS_010.70|Vanguard Bandits||
SLES_025.34|Vanishing Point||
SLES_027.96|Vanishing Point||
SLUS_011.09|Vanishing Point||
SLES_029.18|Vegas Casino||
SLUS_008.36|Vegas Games 2000||
SLPS_002.32|Vehicle Cavalier||ヴィーグル・キャヴァリアー
SCPS_100.27|Velldeselba Senki: Tsubasa no Kunshou||ベルデセルバ戦記～翼の勲章～
PAPX_900.12|Velldeselba Senki: Tsubasa no Kunshou (Taikenban)||ベルデセルバ戦記　～翼の勲章～（体験版）
SLES_034.83|Vem Vill Bli Miljonar||
SLPS_005.58|Vermin Kids||バーミン・キッズ
SLES_022.95|Verrat in der Verbotenen Stadt||
SLES_012.93|Versailles: A Game of Intrigue||
SLES_010.31|Versailles: Complot à la Cour du Roi Soleil||
SLES_012.94|Versailles: Complotto alla Corte del Re Sole||
SLES_017.30|Versailles: Verschwörung am Hof||
SLES_022.19|Versalles: Complot en la Corte del Rey Sol||
SCES_028.73|Vib-Ribbon||
SCPS_180.12|Vib-Ribbon||ビブリボン
SCPS_454.69|Vib-Ribbon||ビブリボン
SCPS_912.13|Vib-Ribbon||ビブリボン
SCPS_913.08|Vib-Ribbon||ビブリボン
PAPX_901.01|Vib-Ribbon (Taikenban)||ビブリボン（体験版）
PAPX_901.02|Vib-Ribbon (Taikenban)||ビブリボン（体験版）
SLPS_027.40|Victory Boxing||ビクトリーボクシング
SLES_013.93|Victory Boxing 2||
SLED_015.29|Victory Boxing 2 (Demo)||
SLES_027.27|Victory Boxing Challenger||
SLES_001.80|Victory Boxing Champion Edition||
SLES_035.99|Victory Boxing Contender||
SLPS_003.72|Victory Spike||ヴィクトリー・スパイク
SCPS_100.02|Victory Zone||ヴィクトリー・ゾーン
SCPS_100.24|Victory Zone 2 (Shokai Genteiban)||ヴィクトリーゾーン２
SCED_026.72|Video IDU Demo 06E (Demo)||
SCED_009.88|Video IDU Test v1.1 (Demo)||
SLES_001.23|Viewpoint||
SLUS_000.33|Viewpoint||
SLES_012.12|Vigilante 8||
SLES_012.13|Vigilante 8||
SLES_012.14|Vigilante 8||
SLES_012.15|Vigilante 8||
SLPS_017.03|Vigilante 8||ヴィジランテ８
SLPS_911.82|Vigilante 8||ヴィジランテ８
SLUS_005.10|Vigilante 8||
SLED_012.50|Vigilante 8 (Demo)||
SLUS_900.22|Vigilante 8 (Demo)||
SLPM_803.16|Vigilante 8 (Taikenban)||ヴィジランテ８（体験版）
SLPS_026.15|Vigilante 8: 2nd Battle||ヴィジランテ８　～セカンド・バトル～
SLES_021.62|Vigilante 8: 2nd Offense||
SLUS_008.68|Vigilante 8: 2nd Offense||
SLES_034.84|Vil du bli millionær?||
SLES_013.02|Viper||
SLPS_028.96|Virtua Pachi-Slot 7: Kita Denshi, Olympia||バーチャパチスロ７
SLPS_022.95|Virtua Pachi-Slot EX||バーチャ・パチスロＥＸ
SLPS_022.35|Virtua Pachi-Slot V: Yamasa, Kita Denshi, Olympia||バーチャパチスロＶ　～山佐・北電子・オリンピア～
SLPS_025.57|Virtua Pachi-Slot VI||バーチャパチスロＶＩ
SLPS_016.39|Virtua Pachi-Slot: Olympia Special||バーチャパチスロ オリンピア・スペシャル
SLPS_030.25|Virtua Pachi-Slot: Olympia Special||バーチャパチスロ オリンピア・スペシャル
SLPS_008.92|Virtual Bowling: Ten Pin Alley no Kiseki||バーチャルボウリング テンピンアレイの奇跡
SLPS_005.68|Virtual Gallop: Kishudou||バーチャル・ギャロップ　騎手道
SLPS_029.47|Virtual Gallop: Kishudou||バーチャル・ギャロップ　騎手道
SLPS_005.67|Virtual Gallop: Kishudou (Genteiban)||バーチャルギャロップ騎手道
SLES_002.64|Virtual Golf||
SLPS_003.38|Virtual Hiryuu no Ken||バーチャル飛龍の拳
SLPM_801.10|Virtual Hiryuu no Ken (Taikenban)||バーチャル飛龍の拳（体験版）
SLES_032.88|Virtual Kasparov||
SLUS_013.41|Virtual Kasparov||
SLPS_013.96|Virtual Kyoutei '98||バーチャル競艇＇９８
SLPS_020.14|Virtual Kyoutei '99||バーチャル競艇 ＇９９
SLPS_027.48|Virtual Kyoutei 2000||バーチャル競艇２０００
SLPS_031.99|Virtual Kyoutei 21||バーチャル競艇２１
SLES_002.34|Virtual Pool||
SLUS_000.34|Virtual Pool||
SLUS_013.74|Virtual Pool 3||
SLPS_004.49|Virtual Pro Wrestling||バーチャル・プロレスリング
SLES_013.17|Virus: It Is Aware||
SLPS_020.08|Virus: The Battle Field||ウイルス－ザ・バトルフィールド
SLES_007.61|Viva Football||
SLED_019.31|Viva Football (Demo)||
SLUS_009.53|Viva Soccer||
SCED_039.25|Vivi la Magia di Disney su PlayStation||
SLPS_007.47|Voice Fantasia: Ushinawareta Voice Power||ボイス・ファンタジアＳ　～失われたボイス・パワー～
SLPS_007.75|Voice Idol Collection: Pool Bar Story (Disc 1)||ボイス・アイドル・コレクション　～プールバーストーリー～（ディスク１）
SLPS_007.76|Voice Idol Collection: Pool Bar Story (Disc 2)||ボイス・アイドル・コレクション　～プールバーストーリー～（ディスク２）
SLPS_005.90|Voice Paradice Excella (Disc 1)||ボイスパラダイス　エクセラ（ディスク１）
SLPS_005.91|Voice Paradice Excella (Disc 2)||ボイスパラダイス　エクセラ（ディスク２）
SLPS_031.40|Volfoss||ボルフォス
SLES_011.04|Vs.||
SLUS_005.13|Vs.||
SLES_031.68|WCW Backstage Assault||
SLUS_012.74|WCW Backstage Assault||
SLES_021.93|WCW Mayhem||
SLUS_009.63|WCW Mayhem||
SLES_011.37|WCW Nitro||
SLUS_003.97|WCW Nitro||
SLED_012.71|WCW Nitro (Demo)||
SLES_007.63|WCW vs. the World||
SLUS_004.55|WCW vs. the World||
SLES_016.63|WCW/nWo Thunder||
SLUS_007.79|WCW/nWo Thunder||
SLES_038.69|WM Nationalspieler||
SCES_039.07|WRC: FIA World Rally Championship Arcade||
SLPS_028.52|WTC: World Touring Car Championship||ＷＴＣ　ワールド　ツーリングカー　チャンピオンシップ
SLES_019.80|WWF Attitude||
SLES_022.55|WWF Attitude||
SLUS_008.31|WWF Attitude||
SLES_002.86|WWF In Your House||
SLPS_006.95|WWF In Your House||ＷＷＦ　イン・ユア・ハウス
SLUS_002.46|WWF In Your House||
SLES_026.19|WWF SmackDown!||
SLUS_009.27|WWF SmackDown!||
SLED_027.41|WWF SmackDown! (Demo)||
SLES_032.51|WWF SmackDown! 2: Know Your Role||
SLUS_012.34|WWF SmackDown! 2: Know Your Role||
SLES_008.04|WWF War Zone||
SLUS_004.95|WWF War Zone||
SLES_001.03|WWF WrestleMania: The Arcade Game||
SLPS_002.23|WWF WrestleMania: The Arcade Game||ＷＷＦレッスルマニア　～ジ・アーケード・ゲーム～
SLUS_000.13|WWF WrestleMania: The Arcade Game||
SLES_024.68|Wacky Races||
SLPM_868.45|Wacky Races||チキチキマシン猛レース
SLPM_872.20|Wagamama Fairy Mirumo de Pon! Mirumo no Mahou Gakkou Monogatari||わがままフェアリーミルモでポン！　ミルモの魔法学校ものがたり
SLPM_866.96|Wai Wai 3-nin Uchi Mahjong||わいわい３人打ち麻雀
SLPM_872.25|Wai Wai Bowling||わいわいボウリング
SLPM_865.44|Wai Wai Jansou||わいわい液晶シリーズ わいわい雀荘セット
SLPM_872.30|Wai Wai Kart||わいわいカート
SLPM_872.44|Wai Wai Kusa Yakyuu||わいわい草野球
SLPM_866.57|Wai Wai Trump Taisen||わいわいトランプ大戦
SLPS_019.66|Waku Puyo Dungeon: Ketteiban||わくぷよダンジョン決定盤
SLPS_011.66|Waku Waku Bowling||わくわくボウリング
SLPS_011.57|Waku Waku Derby||わく・わく・ダービー
SLPS_016.95|Waku Waku Volley||わくわくバレー
SLPS_023.46|Waku Waku Volley||わくわくバレー
SLPM_803.42|Waku Waku Volley (Taikenban)||わくわくバレー（体験版）
SLPS_013.74|Wakusei Koukitai: Little Cats||惑星攻機隊りとるキャッツ
SCES_030.29|Walt Disney El Libro de la Selva: Muevete con Ritmo||
SCES_030.26|Walt Disney Il Libro della Giungla: Il Ballo della Giungla||
SCES_030.28|Walt Disney Ksiega Dzungli: Groove Party||
SCES_030.24|Walt Disney Le Livre de la Jungle: Groove Party||
SLES_027.33|Walt Disney World Quest: Magical Racing Tour||
SLUS_011.06|Walt Disney World Quest: Magical Racing Tour||
SCES_030.22|Walt Disney's Jungle Boek: Groove Party||
SCES_030.20|Walt Disney's The Jungle Book: Groove Party||
SLUS_012.78|Walt Disney's The Jungle Book: Rhythm n' Groove||
SCES_030.23|Walt Disneyn Viidakkokirja: Svengiseikkailu||
SCES_030.25|Walt Disneys Das Dschungelbuch: Groove Party||
SCES_030.30|Walt Disneys Djungelboken: Groove Party||
SCES_030.27|Walt Disneys Jungelboken: Groove Party||
SCES_030.21|Walt Disneys Junglebogen: Groove Party||
SLPS_023.22|Wander Vehicles: Doggy Bone Daisakusen||わんダービークルズ ドギーボーン大作戦
SLPS_032.95|Wander Vehicles: Doggy Bone Daisakusen||わんダービークルズ ドギーボーン大作戦
SLPS_012.13|Wangan Trial (Disc 1)||湾岸トライアル（ディスク１）
SLPS_022.80|Wangan Trial (Disc 1)||湾岸トライアル（ディスク１）
SLPS_012.14|Wangan Trial (Disc 2)||湾岸トライアル（ディスク２）
SLPS_022.81|Wangan Trial (Disc 2)||湾岸トライアル（ディスク２）
SLES_041.58|Wanted||
SLES_005.38|War Gods||
SLUS_003.28|War Gods||
SLES_008.78|WarCraft II: The Dark Saga||
SLPS_010.98|WarCraft II: The Dark Saga||ウォークラフトⅡ　ダーク・サーガ
SLUS_004.80|WarCraft II: The Dark Saga||
SLES_009.78|WarGames: Defcon 1||
SLUS_005.99|WarGames: Defcon 1||
SLED_013.66|WarGames: Defcon 1 (Demo)||
SLPS_026.58|Warera Mitsurin Tankentai!!||われら密林探検隊！！
SLPS_005.96|Wares 1092: Souheiden||聖刻１０９２ 操兵伝
SLPS_007.40|Wares 1092: Souheiden||聖刻１０９２ 操兵伝
SLES_011.59|Warhammer: Dark Omen||
SLUS_005.50|Warhammer: Dark Omen||
SLES_000.28|Warhammer: Shadow of the Horned Rat||
SLUS_001.17|Warhammer: Shadow of the Horned Rat||
SCES_000.62|Warhawk: The Red Mercury Missions||
SCUS_943.05|Warhawk: The Red Mercury Missions||
SLES_032.47|Warm Up!||
SLES_022.53|Warpath: Jurassic Park||
SLUS_009.76|Warpath: Jurassic Park||
SLES_032.63|Warriors of Might and Magic||
SLES_033.30|Warriors of Might and Magic||
SLUS_012.04|Warriors of Might and Magic||
SLES_009.37|Warzone 2100||
SLES_017.42|Warzone 2100||
SLES_017.43|Warzone 2100||
SLUS_008.19|Warzone 2100||
SLED_017.87|Warzone 2100 (Demo)||
SLPM_870.86|Water Summer||ウォーターサマー
SLPM_870.85|Water Summer (Shokai Genteiban)||ウォーターサマー
SLES_011.60|Wayne Gretzky's 3D Hockey '98||
SLUS_001.47|Wayne Gretzky's 3D Hockey '98||
SLPS_003.68|Wedding Peach: Doki Doki Oiro-naoshi||ウェディングピーチ　ドキドキお色直し
SLPM_801.87|Weekly the PlayStation Limited No. 1||週刊　ザ・プレイステーション　Ｌｉｍｉｔｅｄ　Ｎｏ．１
SLPS_001.90|Welcome House||ウェルカムハウス
SLPS_006.33|Welcome House 2: Keaton and His Uncle||ウェルカムハウス２　Ｋｅａｔｏｎ　ａｎｄ　Ｈｉｓ　Ｕｎｃｌｅ
SLPS_018.87|Weltorv Estleia||ウェルトオブ・イストリア
SLES_033.41|Wer wird Millionar||
SLES_035.91|Wer wird Millionar: 2. Edition||
SLES_039.16|Wer wird Millionar: Dritte Edition||
SLES_035.94|Wer wird Millionar: Junior||
SLES_037.79|Westlife: Fan-O-Mania||
SLES_038.06|Westlife: Fan-O-Mania||
SLUS_006.83|Wheel of Fortune||
SLUS_011.74|Wheel of Fortune: 2nd Edition||
SLPM_872.14|Whistle: Fuki Nukeru Kaze||ホイッスル！ ～吹き抜ける風～
SLPS_023.52|White Diamond||ホワイトダイアモンド
SLES_001.41|Whizz||
SLPS_009.39|Whizz||ウィズ
SLES_029.88|Who Wants to Be a Millionaire||
SCUS_945.67|Who Wants to Be a Millionaire: 2nd Edition||
SLES_035.89|Who Wants to Be a Millionaire: 2nd Edition||
SCUS_946.44|Who Wants to Be a Millionaire: 3rd Edition||
SLES_035.85|Who Wants to Be a Millionaire: Australian Edition||
SLES_035.83|Who Wants to Be a Millionaire: Irish Edition||
SLES_035.92|Who Wants to Be a Millionaire: Junior||
SLES_013.33|Wild 9||
SLUS_004.25|Wild 9||
SLED_014.96|Wild 9 (Demo)||
SLED_016.89|Wild 9 / MDK / Crime Killer (Demo)||
SCES_003.21|Wild Arms||
SCES_011.71|Wild Arms||
SCES_011.72|Wild Arms||
SCES_011.73|Wild Arms||
SCES_011.74|Wild Arms||
SCPS_100.28|Wild Arms||ワイルドアームズ
SCPS_910.38|Wild Arms||ワイルドアームズ
SCPS_913.06|Wild Arms||ワイルドアームズ
SCUS_946.08|Wild Arms||
PCPX_960.34|Wild Arms (Taikenban)||ワイルドアームズ（体験版）
SCUS_945.92|Wild Arms 2 (Demo)||
SCUS_944.84|Wild Arms 2 (Disc 1)||
SCUS_944.98|Wild Arms 2 (Disc 2)||
PCPX_961.71|Wild Arms: 2nd Ignition||ワイルドアームズ　セカンドイグニッション
SCPS_100.89|Wild Arms: 2nd Ignition (Disc 1)||ワイルドアームズ　セカンドイグニッション（ディスク１）
SCPS_912.08|Wild Arms: 2nd Ignition (Disc 1)||ワイルドアームズ　セカンドイグニッション（ディスク１）
SCPS_913.21|Wild Arms: 2nd Ignition (Disc 1)||ワイルドアームズ　セカンドイグニッション（ディスク１）
SCPS_100.90|Wild Arms: 2nd Ignition (Disc 2)||ワイルドアームズ　セカンドイグニッション（ディスク２）
SCPS_912.09|Wild Arms: 2nd Ignition (Disc 2)||ワイルドアームズ　セカンドイグニッション（ディスク２）
SCPS_913.22|Wild Arms: 2nd Ignition (Disc 2)||ワイルドアームズ　セカンドイグニッション（ディスク２）
PCPX_961.61|Wild Arms: 2nd Ignition (Taikenban)||ワイルドアームズ　セカンドイグニッション（体験版）
SLPS_021.74|Wild Boater||ワイルド・ボーター
SLES_026.31|Wild Rapids||
SCPS_100.80|Wildroid 9||ワイルドロイド９
SLES_003.23|Williams Arcade's Greatest Hits||
SLUS_002.01|Williams Arcade's Greatest Hits||
SLES_033.29|Windsurfers Paradise||
SLES_000.74|Wing Commander III: Heart of the Tiger (Disc 1)||
SLES_001.04|Wing Commander III: Heart of the Tiger (Disc 1)||
SLES_001.05|Wing Commander III: Heart of the Tiger (Disc 1)||
SLPS_004.77|Wing Commander III: Heart of the Tiger (Disc 1)||ウイングコマンダーⅢ Ｈｅａｒｔ ｏｆ ｔｈｅ Ｔｉｇｅｒ（ディスク１）
SLUS_000.19|Wing Commander III: Heart of the Tiger (Disc 1)||
SLES_100.74|Wing Commander III: Heart of the Tiger (Disc 2)||
SLES_101.04|Wing Commander III: Heart of the Tiger (Disc 2)||
SLES_101.05|Wing Commander III: Heart of the Tiger (Disc 2)||
SLPS_004.78|Wing Commander III: Heart of the Tiger (Disc 2)||ウイングコマンダーⅢ Ｈｅａｒｔ ｏｆ ｔｈｅ Ｔｉｇｅｒ（ディスク２）
SLUS_001.34|Wing Commander III: Heart of the Tiger (Disc 2)||
SLES_200.74|Wing Commander III: Heart of the Tiger (Disc 3)||
SLES_201.04|Wing Commander III: Heart of the Tiger (Disc 3)||
SLES_201.05|Wing Commander III: Heart of the Tiger (Disc 3)||
SLPS_004.79|Wing Commander III: Heart of the Tiger (Disc 3)||ウイングコマンダーⅢ Ｈｅａｒｔ ｏｆ ｔｈｅ Ｔｉｇｅｒ（ディスク３）
SLUS_001.35|Wing Commander III: Heart of the Tiger (Disc 3)||
SLES_300.74|Wing Commander III: Heart of the Tiger (Disc 4)||
SLES_301.04|Wing Commander III: Heart of the Tiger (Disc 4)||
SLES_301.05|Wing Commander III: Heart of the Tiger (Disc 4)||
SLPS_004.80|Wing Commander III: Heart of the Tiger (Disc 4)||ウイングコマンダーⅢ Ｈｅａｒｔ ｏｆ ｔｈｅ Ｔｉｇｅｒ（ディスク４）
SLUS_001.36|Wing Commander III: Heart of the Tiger (Disc 4)||
SLES_006.59|Wing Commander IV: The Price of Freedom (Disc 1)||
SLES_006.60|Wing Commander IV: The Price of Freedom (Disc 1)||
SLES_006.61|Wing Commander IV: The Price of Freedom (Disc 1)||
SLUS_002.70|Wing Commander IV: The Price of Freedom (Disc 1)||
SLES_106.59|Wing Commander IV: The Price of Freedom (Disc 2)||
SLES_106.60|Wing Commander IV: The Price of Freedom (Disc 2)||
SLES_106.61|Wing Commander IV: The Price of Freedom (Disc 2)||
SLUS_002.71|Wing Commander IV: The Price of Freedom (Disc 2)||
SLES_206.59|Wing Commander IV: The Price of Freedom (Disc 3)||
SLES_206.60|Wing Commander IV: The Price of Freedom (Disc 3)||
SLES_206.61|Wing Commander IV: The Price of Freedom (Disc 3)||
SLUS_002.72|Wing Commander IV: The Price of Freedom (Disc 3)||
SLES_306.59|Wing Commander IV: The Price of Freedom (Disc 4)||
SLES_306.60|Wing Commander IV: The Price of Freedom (Disc 4)||
SLES_306.61|Wing Commander IV: The Price of Freedom (Disc 4)||
SLUS_002.73|Wing Commander IV: The Price of Freedom (Disc 4)||
SLES_005.40|Wing Over||
SLPS_005.98|Wing Over||ウイングオーバー
SLES_013.75|Wing Over 2||
SLES_040.70|Winky the Little Bear||
SLPM_865.48|Winning Lure||ウィニング・ルアー
SLPS_002.93|Winning Post 2||ウイニングポスト２
SLPS_010.20|Winning Post 2: Final '97||ウイニングポスト２　ファイナル＇９７
SLPS_005.09|Winning Post 2: Program '96||ウイニング・ポスト２　～プログラム’９６～
SLPS_910.82|Winning Post 2: Program '96||ウイニング・ポスト２　～プログラム’９６～
SLPS_012.63|Winning Post 3||ウイニングポスト３
SLPM_861.28|Winning Post 3: Program '98||ウイニングポスト３　プログラム’９８
SLPM_862.14|Winning Post 3: Program '98||ウイニングポスト３　プログラム’９８
SLPM_863.02|Winning Post 4||ウイニングポスト４
SLPM_864.45|Winning Post 4: Program 2000||ウイニングポスト４ プログラム２０００
SLPS_001.89|Winning Post EX||ウイニングポストＥＸ
SCED_023.06|Winter Releases||
SCED_014.41|Winter Releases '98||
SCED_009.86|Winter Releases: '97 Demo 01||
SCES_019.09|Wip3out|Psygnosis|
SCED_021.97|Wip3out (Demo)|Psygnosis|
SCES_000.10|WipEout|Psygnosis|
SCUS_943.01|WipEout|Psygnosis|
SIPS_600.03|WipEout|Psygnosis|ワイプアウト
SLES_003.27|WipEout 2097|Psygnosis|
SLED_004.98|WipEout 2097 (Demo)|Psygnosis|
SCPS_100.98|WipEout 3|Sony Computer Entertainment|ワイプアウト３
SLUS_008.65|WipEout 3|Psygnosis|
SLUS_900.63|WipEout 3 (Demo)|Psygnosis|
SCES_028.45|WipEout 3: Special Edition|Sony Computer Entertainment|
SCPS_450.78|Wipeout XL|Psygnosis|ワイプアウトＸＬ
SCUS_943.51|Wipeout XL|Psygnosis|
SIPS_600.10|Wipeout XL|Psygnosis|ワイプアウトＸＬ
SLPS_001.94|Wizard's Harmony||ウィザーズハーモニー
SCPS_451.35|Wizard's Harmony 2||ウィザーズハーモニー２
SLPS_009.84|Wizard's Harmony 2||ウィザーズハーモニー２
SLPS_017.16|Wizard's Harmony R||ウィザーズハーモニーＲ
SLPM_871.39|Wizardry Empire II: Oujo no Isan||ウィザードリィ　エンパイアⅡ　～王女の遺産～
SLPM_872.97|Wizardry Empire II: Oujo no Isan||ウィザードリィ　エンパイアⅡ　～王女の遺産～
SLPM_866.89|Wizardry Empire: Inishie no Oujo||ウィザードリィ エンパイア　～古の王女～
SLPM_869.09|Wizardry Empire: Inishie no Oujo||ウィザードリィ エンパイア　～古の王女～
SCPS_100.10|Wizardry VII: Guardia no Houju||ウィザードリィⅦ　ガーディアの宝珠
SLPS_026.91|Wizardry: Dimguil||ウィザードリィ　～ディンギル～
SLPS_012.79|Wizardry: Llylgamyn Saga||ウィザードリィ　リルガミンサーガ
SLPS_023.49|Wizardry: New Age of Llylgamyn||ウイザードリィ　ニュー　エイジ　オブ　リルがミン
SLPS_002.54|Wolf Fang: Kuuga 2001||ウルフ・ファング　空牙２００１
SLPS_001.97|Wolkenkratzer: Shinpan no Tou||ヴォルケンクラッツァー －審判の塔－
SCPS_100.72|Wonder Trek||ワンダートレック
SLES_029.72|Woody Woodpecker Racing||
SLUS_011.88|Woody Woodpecker Racing||
SLPM_867.30|Woody Woodpecker no Go! Go! Racing||ウッディ・ウッドペッカーのゴー！ゴー！レーシング
SLES_021.96|World Championship Snooker||
SLES_012.65|World Cup 98||
SLUS_006.44|World Cup 98||
SLES_012.68|World Cup 98: Coppa del Mondo||
SLPS_002.56|World Cup Golf: In Hyatt Dorado Beach||ワールドカップ ゴルフ　～イン・ハイアット・ドラドビーチ～
SLES_000.88|World Cup Golf: Professional Edition||
SLES_001.37|World Cup Golf: Professional Edition||
SLES_001.38|World Cup Golf: Professional Edition||
SLUS_000.63|World Cup Golf: Professional Edition||
SLES_032.32|World Destruction League: Thunder Tanks||
SLUS_011.75|World Destruction League: Thunder Tanks||
SLES_033.59|World Destruction League: WarJetz||
SLUS_012.47|World Destruction League: WarJetz||
SLPM_870.58|World Greatest Hits Series Vol. 1: Pro Pinball: Big Race USA||ワールドグレイテストヒッツ Ｖｏｌ．１ Ｐｒｏピンボール ビッグレースＵＳＡ
SLPM_870.45|World Greatest Hits Series Vol. 2: Pipe Dreams 3D||ワールドグレイテストヒッツ Ｖｏｌ．２ パイプドリーム３Ｄ
SLPM_870.61|World Greatest Hits Series Vol. 3: Speedball 2100||ワールドグレイテストヒッツ Ｖｏｌ．３ スピードボール２１００
SLPM_870.84|World Greatest Hits Series Vol. 4: Tom Clancy's Rainbow Six||ワールドグレイテストヒッツ Ｖｏｌ．４ Ｔｏｍ Ｃｌａｎｃｙ＇ｓ レインボーシックス
SLPM_870.78|World Greatest Hits Series Vol. 5: Tyco R/C: Assault with a Battery||ワールドグレイテストヒッツ Ｖｏｌ．５ タイコＲＣ ＡＳＳＡＵＬＴ ＷＩＴＨ Ａ ＢＡＴＴＥＲＹ
SLES_006.26|World League Basketball||
SLPS_013.89|World League Soccer||ワールドリーグサッカー
SLPS_026.87|World League Soccer||ワールドリーグサッカー
SLES_007.17|World League Soccer '98||
SLES_011.66|World League Soccer '98||
SLES_011.67|World League Soccer '98||
SLED_013.67|World League Soccer '98 (Demo)||
SLPS_026.39|World Never Island||ワーネバ・アイランド
SLPS_018.84|World Neverland 2: The Waktic Republic of Pluto||ワールド・ネバーランド２　～プルト共和国物語～
SLPS_911.76|World Neverland 2: The Waktic Republic of Pluto||ワールド・ネバーランド２　～プルト共和国物語～
SLPS_010.37|World Neverland: The Olerud Kingdom Stories||ワールド・ネバーランド　～オルルド王国物語～
SLPS_910.86|World Neverland: The Olerud Kingdom Stories||ワールド・ネバーランド　～オルルド王国物語～
SLPS_013.79|World Pro Tennis '98||ワールドプロテニス９８
SLPM_866.00|World Soccer Jikkyou Winning Eleven 2000: U-23 Medal e no Chousen||ワールドサッカー　実況ウイニングイレブン２０００　Ｕ－２３　メダルへの挑戦
SLPM_805.75|World Soccer Jikkyou Winning Eleven 2000: U-23 Medal e no Chousen (Taikenban)||ワールドサッカー　実況ウイニングイレブン２０００　～Ｕ－２３　メダルへの挑戦～（体験版）
SLPM_861.62|World Soccer Jikkyou Winning Eleven 3: Final Ver.||ワールドサッカー実況ウイニングイレブン３　～ファイナルヴァージョン～
SLPM_860.86|World Soccer Jikkyou Winning Eleven 3: World Cup France '98||ワールドサッカー　実況ウイニングイレブン３　～Ｗｏｒｌｄ　Ｃｕｐ　Ｆｒａｎｃｅ　′９８～
SLPM_802.40|World Soccer Jikkyou Winning Eleven 3: World Cup France '98 (Taikenban)||ワールドサッカー　実況ウイニングイレブン３　～Ｗｏｒｌｄ　Ｃｕｐ　Ｆｒａｎｃｅ　′９８～（体験版）
SLPM_862.91|World Soccer Jikkyou Winning Eleven 4||ワールドサッカー 実況ウイニングイレブン４
SLPS_002.72|World Soccer Winning Eleven||ワールドサッカーウイニングイレブン
SLPM_860.35|World Soccer Winning Eleven '97||ワールドサッカーウイニングイレブン ′９７
SLPM_870.56|World Soccer Winning Eleven 2002||ワールドサッカーウイニングイレブン ２００２
SLPS_013.35|World Stadium 2||ワールドスタジアム２
SLPS_019.70|World Stadium 3||ワールドスタジアム３
SLPS_026.60|World Stadium 4||ワールドスタジアム４
SLPS_031.80|World Stadium 5||ワールドスタジアム５
SLPS_000.75|World Stadium EX||ワールドスタジアムＥＸ
SLES_040.39|World Tennis Stars||
SLPS_022.31|World Tour Conductor: Sekai Yume Kikou||ワールドツアーコンダクター　～世界夢紀行～
SLUS_011.81|World of Dragon Warrior: Torneko: The Last Hope||
SLES_034.25|World's Scariest Police Chases||
SLUS_011.65|World's Scariest Police Chases||
SLES_001.19|Worms||
SLPS_005.47|Worms||ワームズ
SLUS_003.36|Worms||
SLES_022.17|Worms Armageddon||
SLES_023.31|Worms Armageddon||
SLES_023.32|Worms Armageddon||
SLUS_008.88|Worms Armageddon||
SLES_004.83|Worms Pinball||
SLES_038.04|Worms World Party||
SLUS_014.48|Worms World Party||
SLES_004.89|Wreckin Crew: Drive Dangerously||
SLUS_005.87|Wreckin Crew: Drive Dangerously||
LSP17011.001|Write Away 1||
LSP99011.901|Write Away 10||
LSP17011.101|Write Away 2||
LSP17011.201|Write Away 3||
LSP17011.301|Write Away 4||
LSP99011.401|Write Away 5||
LSP99011.501|Write Away 6||
LSP99011.601|Write Away 7||
LSP99011.701|Write Away 8||
LSP99011.801|Write Away 9||
SLES_021.71|Wu-Tang: Shaolin Style||
SLES_021.72|Wu-Tang: Shaolin Style||
SLPM_864.87|Wu-Tang: Shaolin Style||ウータン　－ＳＨＡＯＬＩＮ　ＳＴＹＬＥ－
SLPM_869.44|Wu-Tang: Shaolin Style||ウータン　－ＳＨＡＯＬＩＮ　ＳＴＹＬＥ－
SLUS_009.29|Wu-Tang: Shaolin Style||
SLES_021.70|Wu-Tang: Taste the Pain||
SLES_021.73|Wu-Tang: Taste the Pain||
SLED_022.76|Wu-Tang: Taste the Pain (Demo)||
SCES_015.56|X Games Pro Boarder||
SLPS_019.44|X Games Pro Boarder||Ｘ　ＧＡＭＥＳ　プロ・ボーダー
SLUS_007.04|X Games Pro Boarder||
SLPM_803.93|X Games Pro Boarder (Taikenban)||Ｘ　ＧＡＭＥＳ　プロボーダー（体験版）
SLES_034.33|X'treme Roller||
SLUS_900.21|X-360: Surrounding Your World with Sound (Demo)||
SLES_038.15|X-Bladez: Inline Skater||
SLUS_014.44|X-Bladez: Inline Skater||
SLES_000.54|X-COM: Enemy Unknown||
SLPS_002.57|X-COM: Michinaru Shinryakusha||Ｘ‐ＣＯＭ　未知なる侵略者
SLES_000.77|X-COM: Terror from the Deep||
SLUS_001.41|X-COM: UFO Defense||
SLES_012.47|X-Men vs. Street Fighter||
SLUS_006.27|X-Men vs. Street Fighter||
SLPS_012.84|X-Men vs. Street Fighter: EX Edition||エックスメンＶＳ．ストリートファイター　ＥＸエディション
SLES_001.98|X-Men: Children of the Atom||
SLUS_000.44|X-Men: Children of the Atom||
SLES_028.65|X-Men: Mutant Academy||
SLES_028.66|X-Men: Mutant Academy||
SLPM_867.65|X-Men: Mutant Academy||エックスメンミュータントアカデミー
SLPM_870.81|X-Men: Mutant Academy||エックスメンミュータントアカデミー
SLUS_007.74|X-Men: Mutant Academy||
SLPM_806.09|X-Men: Mutant Academy & Spider-Man (Taikenban)||エックスメンミュータントアカデミー＆スパイダーマン　プロモーション（体験版）
SLUS_812.23|X-Men: Mutant Academy (Trade Demo)||
SLES_036.30|X-Men: Mutant Academy 2||
SLPM_870.77|X-Men: Mutant Academy 2||エックスメンミュータントアカデミー２
SLUS_013.82|X-Men: Mutant Academy 2||
SLPS_010.63|X.Racing||エックス・レーシング
SLES_004.55|X2: No Relief||
SLPS_007.66|X2: No Relief||エックス２
SCPS_100.51|ＸＩ [sái]||
SCPS_911.66|ＸＩ [sái]||
SCPS_913.03|ＸＩ [sái]||
PAPX_900.37|ＸＩ [sái] (Taikenban)||
PAPX_900.32|ＸＩ [sái] (Taikenban)||
PAPX_900.39|ＸＩ [sái] (Taikenban)||
SCPS_101.23|ＸＩ [sái] Jumbo||
SCPS_912.31|ＸＩ [sái] Jumbo||
SLPM_803.50|ＸＩ [sái] Super Play Collection: XI wa Futatabi Nagerareta: Special CD-ROM||ⅩⅠスーパー・プレイコレクション　～ⅩⅠはふたたび投げられた～　スペシャルＣＤ‐ＲＯＭ
SLES_041.01|XS Airboat Racing||
SLUS_015.66|XS Airboat Racing||
SLUS_015.60|XS Junior League Dodgeball||
SLUS_015.54|XS Junior League Football||
SLES_041.20|XS Junior League Soccer||
SLUS_015.20|XS Junior League Soccer||
SLES_040.95|XS Moto||
SLUS_015.06|XS Moto||
SLES_022.65|Xena: Warrior Princess||
SLES_022.66|Xena: Warrior Princess||
SLES_022.67|Xena: Warrior Princess||
SLES_022.68|Xena: Warrior Princess||
SLUS_009.77|Xena: Warrior Princess||
SLES_008.11|Xenocracy: The Ultimate Solar War||
SLES_008.12|Xenocracy: The Ultimate Solar War||
SLES_008.13|Xenocracy: The Ultimate Solar War||
SLES_008.14|Xenocracy: The Ultimate Solar War||
SLES_008.15|Xenocracy: The Ultimate Solar War||
SLPS_011.60|Xenogears (Disc 1)||ゼノギアス（ディスク１）
SLPS_027.75|Xenogears (Disc 1)||ゼノギアス（ディスク１）
SLPS_914.36|Xenogears (Disc 1)||ゼノギアス（ディスク１）
SLUS_006.64|Xenogears (Disc 1)||
SLPS_011.61|Xenogears (Disc 2)||ゼノギアス（ディスク２）
SLPS_027.76|Xenogears (Disc 2)||ゼノギアス（ディスク２）
SLUS_006.69|Xenogears (Disc 2)||
SCES_007.36|Xevious 3D/G+||
SLPS_007.50|Xevious 3D/G+||ゼビウス３Ｄ／Ｇ＋
SLUS_004.61|Xevious 3D/G+||
SLPS_020.64|Yagami Hiroki no Game-Taste: Munasawagi no Yokan||八神ひろきのＧａｍｅ－Ｔａｓｔｅ　胸騒ぎの予感
SLPS_032.09|Yakiniku Action Game: Yakiniku Bugyou||焼肉アクションゲーム　焼肉奉行
SLPM_806.13|Yakiniku Action Game: Yakiniku Bugyou (Taikenban)||焼肉アクションゲーム　焼肉奉行（体験版）
SLPS_034.35|Yakitori Musume: Sugoude Hanjouki||やきとり娘　～スゴ腕繁盛記～
SLPM_806.34|Yakitori Musume: Sugoude Hanjouki (Taikenban)||やきとり娘　～スゴ腕繁盛記～（体験版）
SLPS_006.89|Yaku Tsuu: Noroi no Game||厄痛　～呪いのゲーム～
SLPS_001.52|Yaku: Yuujou Dangi||厄　～友情談疑～
SLPS_015.81|Yamagata Digital Museum (Disc 1) (Spring)||デジタルミュージアム（ディスク１）
SLPS_023.93|Yamagata Digital Museum (Disc 1) (Spring)||デジタルミュージアム（ディスク１）
SLPS_016.61|Yamagata Digital Museum (Disc 2) (Summer)||デジタルミュージアム（ディスク２）
SLPS_023.94|Yamagata Digital Museum (Disc 2) (Summer)||デジタルミュージアム（ディスク２）
SLPS_016.62|Yamagata Digital Museum (Disc 3) (Autumn)||デジタルミュージアム（ディスク３）
SLPS_023.95|Yamagata Digital Museum (Disc 3) (Autumn)||デジタルミュージアム（ディスク３）
SLPS_016.63|Yamagata Digital Museum (Disc 4) (Winter)||デジタルミュージアム（ディスク４）
SLPS_023.96|Yamagata Digital Museum (Disc 4) (Winter)||デジタルミュージアム（ディスク４）
SLPS_031.20|Yamasa Digi Guide: Faust||山佐Ｄｉｇｉガイド　ファウスト
SLPS_029.89|Yamasa Digi Guide: Hyper Rush||山佐Ｄｉｇｉガイド　ハイパーラッシュ
SLPS_030.38|Yamasa Digi Guide: M771||山佐Ｄｉｇｉガイド　エム７７１
SLPS_029.80|Yamasa Digi Guide: New Pulsar R||山佐Ｄｉｇｉガイド　ニューパルサーＲ
SLPS_030.96|Yamasa Digi Guide: Umekagetsu R||山佐Ｄｉｇｉガイド　ウメカゲツ Ｒ
SLPS_034.28|Yamasa Digi Selection||山佐Ｄｉｇｉセレクション
SLPS_034.29|Yamasa Digi Selection||山佐Ｄｉｇｉセレクション
SLPS_034.84|Yamasa Digi Selection 2||山佐Ｄｉｇｉセレクション２
SLPM_806.16|Yamasa Digi World: Tetra Master||山佐Ｄｉｇｉワールド　テトラマスター
SLPS_032.12|Yamasa Digi World: Tetra Master||山佐Ｄｉｇｉワールド　テトラマスター
SLPS_018.78|Yamifuku Natsu: Teito Monogatari Futatabi||闇吹く夏　帝都物語ふたたび
SLPS_000.54|Yaoi Jun'ichi Gokuhi Project: UFO o Oe!!||矢追純一極秘プロジェクト　ＵＦＯを追え！！
PAPX_900.58|Yarudora (Taikenban)||やるドラ（体験版）
SCPS_100.53|Yarudora Series Vol. 1: Double Cast (Disc 1)||ダブルキャスト ～やるドラシリーズＶｏｌ．１～（ディスク１）
SCPS_100.54|Yarudora Series Vol. 1: Double Cast (Disc 2)||ダブルキャスト ～やるドラシリーズＶｏｌ．１～（ディスク２）
PAPX_900.33|Yarudora Series Vol. 1: Double Cast (Taikenban)||ダブルキャスト（体験版）
PAPX_900.35|Yarudora Series Vol. 1: Double Cast (Taikenban)||ダブルキャスト（体験版）
SCPS_100.56|Yarudora Series Vol. 2: Kisetsu o Dakishimete (Disc 1)||季節を抱きしめて ～やるドラシリーズＶｏｌ．２～（ディスク１）
SCPS_100.57|Yarudora Series Vol. 2: Kisetsu o Dakishimete (Disc 2)||季節を抱きしめて ～やるドラシリーズＶｏｌ．２～（ディスク２）
PAPX_900.36|Yarudora Series Vol. 2: Kisetsu o Dakishimete (Taikenban)||季節を抱きしめて（体験版）
SCPS_100.67|Yarudora Series Vol. 3: Sampaguita (Disc 1)||サンパギータ ～やるドラシリーズＶｏｌ．３～（ディスク１）
SCPS_912.42|Yarudora Series Vol. 3: Sampaguita (Disc 1)||サンパギータ ～やるドラシリーズＶｏｌ．３～（ディスク１）
SCPS_100.68|Yarudora Series Vol. 3: Sampaguita (Disc 2)||サンパギータ ～やるドラシリーズＶｏｌ．３～（ディスク２）
SCPS_912.43|Yarudora Series Vol. 3: Sampaguita (Disc 2)||サンパギータ ～やるドラシリーズＶｏｌ．３～（ディスク２）
PAPX_900.42|Yarudora Series Vol. 3: Sampaguita (Taikenban)||サンパギータ（体験版）
SCPS_100.69|Yarudora Series Vol. 4: Yukiwari no Hana (Disc 1)||雪割りの花 ～やるドラシリーズＶｏｌ．４～（ディスク１）
SCPS_100.70|Yarudora Series Vol. 4: Yukiwari no Hana (Disc 2)||雪割りの花 ～やるドラシリーズＶｏｌ．４～（ディスク２）
PCPX_961.28|Yarudora: Yukiwari no Hana & Sampaguita (Taikenban)||雪割りの花、サンパギータ（体験版）
SLES_022.72|Yeh Yeh Tennis||
SLPS_004.43|Yellow Brick Road||イエロー・ブリック・ロード
SLES_041.64|Yetisports Deluxe||
SLES_041.70|Yetisports World Tour||
SLES_017.84|YoYo's Puzzle Park||
PAPX_900.22|Yoi Ko to Yoi Otona no. PlayStation Taikenban Vol. 1 (Taikenban)||よい子とよいおとなの。　ＰｌａｙＳｔａｔｉｏｎ　体験版　Ｖｏｌ．１（体験版）
PAPX_900.23|Yoi Ko to Yoi Otona no. PlayStation Taikenban Vol. 2 (Taikenban)||よい子とよいおとなの。　ＰｌａｙＳｔａｔｉｏｎ　体験版　Ｖｏｌ．２（体験版）
SLPS_017.58|Yoshimoto Mahjong Club Deluxe||よしもと麻雀倶楽部ＤＥＬＵＸＥ
SLPS_023.08|Yoshimoto Muchicco Dai-kessen: Minami no Umi no Gorongo-tou||ヨシモト　ムチッ子大決戦　～南の海のゴロンゴ島～
SLPM_860.76|Yoshimura Shougi||吉村将棋
SLES_034.99|You Don't Know Jack||
SLUS_900.61|You Don't Know Jack (Demo)||
SLUS_007.16|You Don't Know Jack (Disc 1)||
SLUS_007.62|You Don't Know Jack (Disc 2)||
SLUS_011.94|You Don't Know Jack: Mock 2||
SLPS_030.98|Youchien Gaiden: Karei naru Casino Club: Double Draw||幼稚園外伝　～華麗なる・カジノ・クラブ　ＤＯＵＢＬＥ　ＤＲＡＷ～
SLPM_868.57|Youkai Hana Asobi||妖怪花あそび
SLES_039.47|Yu-Gi-Oh! Forbidden Memories||
SLES_039.48|Yu-Gi-Oh! Forbidden Memories||
SLES_039.49|Yu-Gi-Oh! Forbidden Memories||
SLES_039.50|Yu-Gi-Oh! Forbidden Memories||
SLES_039.51|Yu-Gi-Oh! Forbidden Memories||
SLUS_014.11|Yu-Gi-Oh! Forbidden Memories||
SLPM_860.96|Yu-Gi-Oh! Monster Capsule Breed & Battle||遊戯王　モンスターカプセル　～ブリード＆バトル～
SLPM_862.21|Yu-Gi-Oh! Monster Capsule Breed & Battle||遊戯王　モンスターカプセル　～ブリード＆バトル～
SLPM_863.98|Yu-Gi-Oh! Shin Duel Monsters: Fuuin Sareshi Kioku||遊★戯★王 真デュエルモンスターズ ～封印されし記憶～
SLPM_865.73|Yu-Gi-Oh! Shin Duel Monsters: Fuuin Sareshi Kioku||遊★戯★王 真デュエルモンスターズ ～封印されし記憶～
SLPM_870.66|Yu-Gi-Oh! Shin Duel Monsters: Fuuin Sareshi Kioku||遊★戯★王 真デュエルモンスターズ ～封印されし記憶～
SLPM_863.96|Yu-Gi-Oh! Shin Duel Monsters: Fuuin Sareshi Kioku (Genteiban)||遊★戯★王 真デュエルモンスターズ ～封印されし記憶～
SLPM_870.13|Yukinko Burning||ゆきんこ☆ばぁにんぐ
SLPS_014.01|Yume Iroiro||夢・色いろ
SLPS_029.54|Yume no Tsubasa||夢のつばさ
SLES_007.13|Yusha: Heaven's Gate||
SLPS_031.77|Yutona Eiyuu Senki: TearRingSaga||ユトナ英雄戦記 ティアリングサーガ
SLPM_806.10|Yutona Eiyuu Senki: TearRingSaga: Prelude (Taikenban)||ユトナ英雄戦記　ティアリングサーガ　ＰＲＥＬＵＤＥ（体験版）
SLPS_020.24|Yuugen Gaisha Chikyuu Boueitai||有限會社 地球防衛隊
SLPS_027.22|Yuugen Gaisha Chikyuu Boueitai||有限會社 地球防衛隊
SLPS_009.56|Yuukyuu Gensoukyoku||悠久幻想曲
SLPS_023.25|Yuukyuu Gensoukyoku||悠久幻想曲
SLPS_009.55|Yuukyuu Gensoukyoku (Genteiban)||悠久幻想曲
SLPS_012.58|Yuukyuu Gensoukyoku 2nd Album||悠久幻想曲　２ｎｄ　Ａｌｂｕｍ
SLPS_023.26|Yuukyuu Gensoukyoku 2nd Album||悠久幻想曲　２ｎｄ　Ａｌｂｕｍ
SLPM_802.07|Yuukyuu Gensoukyoku 2nd Album (Demo)||悠久幻想曲　２ｎｄ　Ａｌｂｕｍ
SLPS_025.17|Yuukyuu Gensoukyoku 3: Perpetual Blue||悠久幻想曲３ パーペチュアルブルー
SLPS_023.29|Yuukyuu Gensoukyoku 3: Perpetual Blue: Visual Collection||悠久幻想曲３　パーペチュアルブルー Ｖｉｓｕａｌ　Ｃｏｌｌｅｃｔｉｏｎ
SLPS_017.42|Yuukyuu Gensoukyoku Ensemble||悠久幻想曲　ｅｎｓｅｍｂｌｅ
SLPS_023.27|Yuukyuu Gensoukyoku Ensemble||悠久幻想曲　ｅｎｓｅｍｂｌｅ
SLPS_018.75|Yuukyuu Gensoukyoku Ensemble 2||悠久幻想曲　ｅｎｓｅｍｂｌｅ２
SLPS_023.28|Yuukyuu Gensoukyoku Ensemble 2||悠久幻想曲　ｅｎｓｅｍｂｌｅ２
SLPS_029.11|Yuukyuu Kumikyoku: All Star Project||悠久組曲 Ａｌｌ Ｓｔａｒ Ｐｒｏｊｅｃｔ
SLPS_019.28|Yuukyuu no Eden: The Eternal Eden||悠久のエデン
SLPS_029.87|Yuukyuu no Eden: The Eternal Eden||悠久のエデン
SLPS_019.80|Yuusha-ou GaoGaiGar: Blockaded Numbers||勇者王ガオガイガー
SLPS_014.60|Yuuwaku Office Ren'aika||ゆうわくオフィス 恋愛課
SLPS_022.09|Yuuwaku Office Ren'aika||ゆうわくオフィス 恋愛課
SLPS_022.74|Yuuyami Doori Tankentai||夕闇通り探検隊
SLPM_804.44|Yuuyami Doori Tankentai (Taikenban)||夕闇通り探検隊（体験版）
SCES_006.00|Z||
SCES_006.01|Z||
SCES_006.02|Z||
SCES_006.03|Z||
SCES_006.04|Z||
SLPS_004.24|ZXE-D: Legend of Plasmatlite||ゼクシード
SLPS_033.54|Zanac x Zanac||ザナック×ザナック
SLPM_806.26|Zanac x Zanac (Taikenban)||ザナック×ザナック（体験版）
SLPS_030.34|Zap! Snowboarding Trix||ザップ！　スノーボーディング・トリックス
SLPS_009.09|Zap! Snowboarding Trix '98||ザップ！　スノーボーディング・トリックス’９８
SLPS_000.34|Zeitgeist||ツァイトガイスト
SLPS_002.19|Zen Nihon GT Senshuken Kai||全日本ＧＴ選手権改
SLPS_007.15|Zen Nihon GT Senshuken Max Rev. (Disc 1)||全日本ＧＴ選手権　ＭＡＸ　Ｒｅｖ．（ディスク１）
SLPS_007.16|Zen Nihon GT Senshuken Max Rev. (Disc 2)||全日本ＧＴ選手権　ＭＡＸ　Ｒｅｖ．（ディスク２）
SLPS_014.75|Zen Nihon Joshi Pro Wrestling: Joou Densetsu: Yume no Taikousen||全日本女子プロレス　女王伝説　～夢の対抗戦～
SLPS_018.49|Zen Nihon Pro Wres: Ouja no Tamashii||全日本プロレス 　～王者の魂～
SLPS_029.34|Zen Nihon Pro Wres: Ouja no Tamashii||全日本プロレス 　～王者の魂～
SLPS_914.28|Zen Nihon Pro Wres: Ouja no Tamashii||全日本プロレス 　～王者の魂～
SLPS_016.57|Zen Super Robot Taisen Denshi Daihyakka (Disc 1)||全スーパーロボット大戦　電視大百科（ディスク１）
SLPS_016.58|Zen Super Robot Taisen Denshi Daihyakka (Disc 2)||全スーパーロボット大戦　電視大百科（ディスク２）
SLPS_018.11|Zen'yasai: Kouyasai Special Preview Disc (Demo)||前夜祭　～後夜祭スペツャル・プレビュー・ティスク～
SLPS_031.67|Zera-chan Puzzle: Pitatto Pair||ゼラちゃんパズル　ぴたっとぺア
SLES_001.59|Zero Divide||
SLPM_800.08|Zero Divide||ゼロディバイド
SLPS_000.83|Zero Divide||ゼロディバイド
SLUS_001.83|Zero Divide||
SCES_010.94|Zero Divide 2: The Secret Wish||
SCES_012.87|Zero Divide 2: The Secret Wish||
SCES_012.88|Zero Divide 2: The Secret Wish||
SCES_012.89|Zero Divide 2: The Secret Wish||
SCES_012.90|Zero Divide 2: The Secret Wish||
SLPS_008.91|Zero Divide 2: The Secret Wish||ゼロ・ディバイド２　～ザシークレットウィッシュ～
PCPX_960.81|Zero Divide 2: The Secret Wish (Taikenban)||ゼロ・ディバイド２　～ザシークレットウィッシュ～（体験版）
SCPS_100.49|Zero Pilot: Gin'yoku no Senshi||ゼロ・パイロット　銀翼の戦士
SCPS_911.27|Zero Pilot: Gin'yoku no Senshi||ゼロ・パイロット　銀翼の戦士
SLPS_007.55|Zero4 Champ DooZy-J||ゼロヨンチャンプ　ＤｏｏＺｙ－Ｊ
SLPS_023.18|Zeus II: Carnage Heart||ゼウスⅡ　～カルネージハート～
SLPM_803.35|Zeus: Carnage Heart Second||ゼウス　カルネージハートセカンド
SLPS_016.66|Zeus: Carnage Heart Second||ゼウス　カルネージハートセカンド
SLPS_014.83|ZigZagBall||ジグザグボール
SLPM_863.11|Zill O'll||ジルオール
SLPM_867.03|Zill O'll||ジルオール
SLPM_866.43|Zipangu-jima: Unmei wa Saikoro ga Kimeru!?||じぱんぐ島　運命はサイコロが決める！？
SLPS_022.60|Zipangu-jima: Unmei wa Saikoro ga Kimeru!?||じぱんぐ島　運命はサイコロが決める！？
SLPM_804.88|Zipangu-jima: Unmei wa Saikoro ga Kimeru!? (Taikenban)||じぱんぐ島　運命はサイコロが決める！？（体験版）
SLPS_022.44|Zipangu-jima: Unmei wa Saikoro ga Kimeru!? (Taikenban)||じぱんぐ島　運命はサイコロが決める！？（体験版）
SLPM_804.66|Zipangu: Unmei wa Saikoro ga Kimeru!? (Taikenban)||じぱんぐ　運命はサイコロが決める！？（体験版）
SLUS_014.01|Zoboomafoo: Leapin' Lemurs!||
SLPS_033.89|Zoids 2: Heric Kyouwakoku vs. Guylos Teikoku||ゾイド２ ヘリック共和国ＶＳガイロス帝国
SLPS_032.55|Zoids: Battle Card Game: Seihou Tairiku Senki||ゾイドバトルカードゲーム 西方大陸戦記
SLPS_029.82|Zoids: Teikoku vs Kyouwakoku: Meka Seitai no Idenshi||ゾイド　帝国ｖｓ共和国　メカ生体の遺伝子
SLPS_004.88|Zoku Gussun Oyoyo||続ぐっすんおよよ
SLPS_013.26|Zoku Hatsukoi Monogatari: Shuugaku Ryokou (Disc 1)||続初恋物語　～修学旅行～（ディスク１）
SLPS_013.27|Zoku Hatsukoi Monogatari: Shuugaku Ryokou (Disc 2)||続初恋物語　～修学旅行～（ディスク２）
SLPS_013.28|Zoku Hatsukoi Monogatari: Shuugaku Ryokou (Disc 3)||続初恋物語　～修学旅行～（ディスク３）
SLPS_013.29|Zoku Hatsukoi Monogatari: Shuugaku Ryokou (Disc 4)||続初恋物語　～修学旅行～（ディスク４）
SLPS_022.66|Zoku Mikagura Shoujo Tanteidan: Kanketsu-hen (Disc 1)||続・御神楽少女探偵団　～完結編～（ディスク１）
SLPS_022.67|Zoku Mikagura Shoujo Tanteidan: Kanketsu-hen (Disc 2)||続・御神楽少女探偵団　～完結編～（ディスク２）
SLPS_022.68|Zoku Mikagura Shoujo Tanteidan: Kanketsu-hen (Disc 3)||続・御神楽少女探偵団　～完結編～（ディスク３）
SLPS_022.69|Zoku Mikagura Shoujo Tanteidan: Kanketsu-hen (Disc 4)||続・御神楽少女探偵団　～完結編～（ディスク４）
SLPS_005.34|Zoop||ズープ
SLUS_000.78|Zoop: America's Largest Killer of Time!||
SLPS_002.71|Zork I: The Great Underground Empire||ゾーク・ワン
SLPM_865.23|Zutto Issho: With Me Everytime...||ずっといっしょ
SLPS_012.38|Zutto Issho: With Me Everytime...||ずっといっしょ
SLPS_005.75|Zëiramzone||ゼイラムゾーン
PCPX_961.78|e-Jump (Disc 1)||ｅジャンプ（ディスク１）
PCPX_961.79|e-Jump (Disc 2)||ｅジャンプ（ディスク２）
SCPS_101.41|i-mode mo Issho: Doko Demo Issho Tsuika Disc||ｉモードもいっしょ　～どこでもいっしょ　追加ディスク～
SCPS_101.43|i-mode mo Issho: Doko Demo Issho Tsuika Disc||ｉモードもいっしょ　～どこでもいっしょ　追加ディスク～
SCPS_101.44|i-mode mo Issho: Doko Demo Issho Tsuika Disc||ｉモードもいっしょ　～どこでもいっしょ　追加ディスク～
SLPS_018.68|iS: Internal Section||
SLPS_003.93|m [emu]: Kimi o Tsutaete||ｍ【ｅｍｕ】 ……君を伝えて……
SLPS_022.65|m [emu]: Kimi o Tsutaete||ｍ【ｅｍｕ】 ……君を伝えて……
SLED_009.66|radicalgames@psygnosis||
SLED_009.90|radicalgames@psygnosis v.2||
SLED_015.11|radicalgames@psygnosis v.3||
SLPS_019.25|Élan||エラン
SLPS_027.59|Élan Plus||エランプラス
SLPS_004.62|Öhlins Hyper-Rally||ハイパーラリー
SCUS_000.00|Friday Night Funkin'||
SLES_020.87|Plane Crazy|Inner Workings|
LSP90901.500|Unknown Variable 1 - Masque Manor|Lightspan|
LSP90902.200|Unknown Variable 2: Raven's Ridge|Lightspan|
SLPM_840.01|Alabama Meets Will Vi: The 33rd Tokyo Motor Show||
SLUS_913.44|Petscop||